firstName,lastName,team,week,red_zone_rush_att,red_zone_rush_yds,red_zone_rush_y/a,red_zone_rush_td,red_zone_rush_pct,red_zone_rec_rec,red_zone_rec_tgt,red_zone_rec_pct,red_zone_rec_yds,red_zone_rec_y/r,red_zone_rec_td,red_zone_tgt_pct
,,,1,,,,,,,,,,,,
Saquon,Barkley,PHI,1,8,33,4.1,2,100.0%,1,1,100.0%,18,18.0,1,100.0%
Jordan,Mason,SF,1,5,26,5.2,1,100.0%,0,0,0%,0,0,0,0%
Kyren,Williams,LAR,1,4,8,2.0,1,100.0%,1,1,100.0%,8,8.0,0,100.0%
Joe,Mixon,HOU,1,5,15,3.0,1,83.3%,0,0,0%,0,0,0,0%
Jahmyr,Gibbs,DET,1,5,15,3.0,1,55.6%,0,1,0.0%,0,0,0,100.0%
David,Montgomery,DET,1,4,14,3.5,1,44.4%,0,0,0%,0,0,0,0.0%
,,,1,2,13,6.5,1,40.0%,0,0,0%,0,0,0,0%
Jamaal,Williams,NO,1,2,13,6.5,1,33.3%,0,0,0%,0,0,0,0%
Ezekiel,Elliott,DAL,1,1,3,3.0,1,100.0%,1,1,100.0%,9,9.0,0,100.0%
Alvin,Kamara,NO,1,4,10,2.5,1,66.7%,0,0,0%,0,0,0,0%
James,Conner,ARI,1,5,10,2.0,1,83.3%,0,0,0%,0,0,0,0.0%
Zack,Moss,CIN,1,2,10,5.0,1,66.7%,0,0,0%,0,0,0,0%
,,,1,2,7,3.5,1,66.7%,0,0,0%,0,0,0,0%
Isiah,Pacheco,KC,1,2,6,3.0,1,100.0%,0,0,0%,0,0,0,0%
Jonathan,Taylor,IND,1,4,6,1.5,1,100.0%,0,0,0%,0,0,0,0%
Jerome,Ford,CLE,1,2,6,3.0,1,100.0%,0,0,0%,0,0,0,0%
Aaron,Jones,MIN,1,2,5,2.5,1,66.7%,0,0,0%,0,0,0,0.0%
Derrick,Henry,BAL,1,1,5,5.0,1,50.0%,0,0,0%,0,0,0,0.0%
Breece,Hall,NYJ,1,1,3,3.0,1,100.0%,0,0,0%,0,0,0,0%
Rhamondre,Stevenson,NE,1,3,0,0.0,1,60.0%,1,1,100.0%,3,3.0,0,100.0%
Von,Achane,MIA,1,1,1,1.0,1,100.0%,2,2,100.0%,1,0.5,0,100.0%
,,,1,4,14,3.5,1,100.0%,1,1,100.0%,3,3.0,0,100.0%
Rachaad,White,TB,1,3,12,4.0,0,100.0%,1,1,100.0%,4,4.0,0,100.0%
Walker,III,SEA,1,2,6,3.0,0,100.0%,1,2,50.0%,8,8.0,0,100.0%
Javonte,Williams,DEN,1,3,10,3.3,0,75.0%,0,1,0.0%,0,0,0,50.0%
Najee,Harris,PIT,1,5,9,1.8,0,100.0%,0,0,0%,0,0,0,0%
Devin,Singletary,NYG,1,3,9,3.0,0,60.0%,0,0,0%,0,0,0,0%
James,Cook,BUF,1,3,8,2.7,0,60.0%,0,0,0%,0,0,0,0%
Josh,Jacobs,GB,1,5,7,1.4,0,100.0%,0,0,0%,0,0,0,0.0%
Eric,Gray,NYG,1,2,6,3.0,0,40.0%,0,0,0%,0,0,0,0%
Gus,Edwards,LAC,1,3,5,1.7,0,60.0%,0,0,0%,0,0,0,0%
Dameon,Pierce,HOU,1,1,4,4.0,0,16.7%,0,0,0%,0,0,0,0%
Austin,Ekeler,WAS,1,1,4,4.0,0,33.3%,0,0,0%,0,0,0,0%
Bijan,Robinson,ATL,1,1,-3,-3.0,0,100.0%,1,1,100.0%,7,7.0,0,100.0%
Antonio,Gibson,NE,1,2,3,1.5,0,40.0%,0,0,0%,0,0,0,0.0%
Justice,Hill,BAL,1,1,3,3.0,0,50.0%,0,2,0.0%,0,0,0,100.0%
Tony,Pollard,TEN,1,1,3,3.0,0,50.0%,0,0,0%,0,0,0,0%
Trey,Benson,ARI,1,1,3,3.0,0,16.7%,0,0,0%,0,0,0,0.0%
Ty,Chandler,MIN,1,1,-3,-3.0,0,33.3%,1,1,100.0%,5,5.0,0,100.0%
Tyjae,Spears,TEN,1,1,2,2.0,0,50.0%,0,0,0%,0,0,0,0%
Emari,Demercado,ARI,1,0,0,0,0,0.0%,1,1,100.0%,2,2.0,0,100.0%
Emanuel,Wilson,GB,1,0,0,0,0,0.0%,1,1,100.0%,2,2.0,0,100.0%
Ty,Johnson,BUF,1,1,1,1.0,0,20.0%,0,0,0%,0,0,0,0%
Ray,Davis,BUF,1,1,0,0.0,0,20.0%,0,0,0%,0,0,0,0%
Chase,Brown,CIN,1,1,-1,-1.0,0,33.3%,0,0,0%,0,0,0,0%
Jaleel,McLaughlin,DEN,1,1,1,1.0,0,25.0%,1,1,100.0%,-2,-2.0,0,50.0%
,,,2,,,,,,,,,,,,
Alvin,Kamara,NO,2,5,35,7.0,3,62.5%,0,1,0.0%,0,0,0,100.0%
Braelon,Allen,NYJ,2,1,20,20.0,1,50.0%,1,1,100.0%,12,12.0,1,100.0%
James,Cook,BUF,2,1,1,1.0,1,50.0%,1,1,100.0%,17,17.0,1,100.0%
Jordan,Mason,SF,2,6,32,5.3,1,100.0%,0,0,0%,0,0,0,0%
Kyren,Williams,LAR,2,5,15,3.0,1,100.0%,2,3,66.7%,8,4.0,0,100.0%
Rhamondre,Stevenson,NE,2,6,13,2.2,1,85.7%,1,3,33.3%,2,2.0,0,100.0%
David,Montgomery,DET,2,3,11,3.7,1,60.0%,1,1,100.0%,3,3.0,0,20.0%
James,Conner,ARI,2,4,10,2.5,1,80.0%,0,0,0%,0,0,0,0%
Devin,Singletary,NYG,2,2,10,5.0,1,100.0%,0,0,0%,0,0,0,0%
Derrick,Henry,BAL,2,3,7,2.3,1,100.0%,0,0,0%,0,0,0,0%
,,,2,5,6,1.2,1,83.3%,0,1,0.0%,0,0,0,100.0%
Alexander,Mattison,LV,2,2,4,2.0,1,100.0%,0,0,0%,0,0,0,0%
Von,Achane,MIA,2,4,-1,-0.3,0,100.0%,1,1,100.0%,5,5.0,1,100.0%
Zach,Charbonnet,SEA,2,2,3,1.5,1,100.0%,0,0,0%,0,0,0,0%
Khalil,Herbert,CHI,2,1,2,2.0,1,100.0%,0,0,0%,0,0,0,0%
Austin,Ekeler,WAS,2,4,24,6.0,0,50.0%,0,0,0%,0,0,0,0.0%
Saquon,Barkley,PHI,2,5,16,3.2,0,71.4%,1,2,50.0%,4,4.0,0,100.0%
Isiah,Pacheco,KC,2,5,19,3.8,0,71.4%,1,1,100.0%,1,1.0,0,100.0%
Tyler,Allgeier,ATL,2,4,17,4.3,0,80.0%,0,0,0%,0,0,0,0%
Zack,Moss,CIN,2,5,14,2.8,0,100.0%,0,0,0%,0,0,0,0%
Tony,Pollard,TEN,2,2,1,0.5,0,100.0%,1,2,50.0%,11,11.0,0,100.0%
Jamaal,Williams,NO,2,3,11,3.7,0,37.5%,0,0,0%,0,0,0,0.0%
Ty,Chandler,MIN,2,1,11,11.0,0,33.3%,0,0,0%,0,0,0,0.0%
Jaylen,Warren,PIT,2,0,0,0,0,0.0%,1,1,100.0%,7,7.0,0,100.0%
Kenneth,Gainwell,PHI,2,2,6,3.0,0,28.6%,0,0,0%,0,0,0,0.0%
Ernest,Johnson,JAC,2,1,6,6.0,0,16.7%,0,0,0%,0,0,0,0.0%
Aaron,Jones,MIN,2,2,6,3.0,0,66.7%,3,3,100.0%,20,6.7,0,100.0%
Najee,Harris,PIT,2,1,5,5.0,0,100.0%,0,0,0%,0,0,0,0.0%
Trey,Sermon,IND,2,1,4,4.0,0,50.0%,0,0,0%,0,0,0,0%
Antonio,Gibson,NE,2,1,4,4.0,0,14.3%,0,0,0%,0,0,0,0.0%
Breece,Hall,NYJ,2,1,4,4.0,0,50.0%,0,0,0%,0,0,0,0.0%
Trey,Benson,ARI,2,1,3,3.0,0,20.0%,0,0,0%,0,0,0,0%
Deuce,Vaughn,DAL,2,1,3,3.0,0,50.0%,0,0,0%,0,0,0,0.0%
Carson,Steele,KC,2,2,3,1.5,0,28.6%,0,0,0%,0,0,0,0.0%
Javonte,Williams,DEN,2,2,3,1.5,0,100.0%,0,0,0%,0,0,0,0.0%
Tyler,Badie,DEN,2,0,0,0,0,0.0%,1,1,100.0%,2,2.0,0,100.0%
Rachaad,White,TB,2,1,2,2.0,0,100.0%,0,0,0%,0,0,0,0%
Gus,Edwards,LAC,2,1,2,2.0,0,100.0%,0,0,0%,0,0,0,0%
Onta,Foreman,CLE,2,2,2,1.0,0,100.0%,0,0,0%,0,0,0,0%
Ezekiel,Elliott,DAL,2,1,2,2.0,0,50.0%,0,1,0.0%,0,0,0,100.0%
,,,2,4,1,0.3,0,50.0%,0,2,0.0%,0,0,0,100.0%
Joe,Mixon,HOU,2,1,1,1.0,0,50.0%,0,0,0%,0,0,0,0%
Tyjae,Spears,TEN,2,0,0,0,0,0.0%,0,0,0%,0,0,0,0.0%
Jahmyr,Gibbs,DET,2,2,-4,-2.0,0,40.0%,4,4,100.0%,3,0.8,0,80.0%
Bijan,Robinson,ATL,2,1,-1,-1.0,0,20.0%,0,0,0%,0,0,0,0%
Ty,Johnson,BUF,2,1,-1,-1.0,0,50.0%,0,0,0%,0,0,0,0.0%
Jonathan,Taylor,IND,2,1,-3,-3.0,0,50.0%,0,0,0%,0,0,0,0%
Josh,Jacobs,GB,2,2,4,2.0,0,100.0%,0,0,0%,0,0,0,0%
Cam,Akers,MIN,2,1,0,0.0,0,50.0%,0,0,0%,0,0,0,0%
,,,3,,,,,,,,,,,,
Kyren,Williams,LAR,3,10,29,2.9,2,100.0%,1,1,100.0%,15,15.0,1,100.0%
Zach,Charbonnet,SEA,3,3,17,5.7,2,100.0%,0,0,0%,0,0,0,0%
Ty,Johnson,BUF,3,2,17,8.5,0,28.6%,2,2,100.0%,20,10.0,1,100.0%
Chuba,Hubbard,CAR,3,3,6,2.0,0,60.0%,2,2,100.0%,11,5.5,1,100.0%
Trey,Sermon,IND,3,2,16,8.0,1,33.3%,0,0,0%,0,0,0,0%
Aaron,Jones,MIN,3,4,3,0.8,0,80.0%,2,3,66.7%,12,6.0,1,100.0%
David,Montgomery,DET,3,2,15,7.5,1,50.0%,0,0,0%,0,0,0,0%
Breece,Hall,NYJ,3,2,6,3.0,1,66.7%,1,1,100.0%,6,6.0,0,100.0%
James,Cook,BUF,3,4,10,2.5,1,57.1%,0,0,0%,0,0,0,0.0%
Zack,Moss,CIN,3,4,9,2.3,1,80.0%,0,1,0.0%,0,0,0,100.0%
Cam,Akers,MIN,3,0,0,0,0,0%,1,1,100.0%,8,8.0,1,100.0%
Saquon,Barkley,PHI,3,2,4,2.0,1,100.0%,1,1,100.0%,2,2.0,0,100.0%
Devin,Singletary,NYG,3,2,4,2.0,1,100.0%,0,0,0%,0,0,0,0.0%
Jonathan,Taylor,IND,3,4,4,1.0,1,66.7%,0,0,0%,0,0,0,0%
Bijan,Robinson,ATL,3,4,3,0.8,1,66.7%,0,0,0%,0,0,0,0%
Ray,Davis,BUF,3,1,3,3.0,1,14.3%,0,0,0%,0,0,0,0.0%
Jaleel,McLaughlin,DEN,3,2,2,1.0,1,50.0%,0,0,0%,0,0,0,0.0%
Miles,Sanders,CAR,3,2,2,1.0,1,40.0%,0,0,0%,0,0,0,0.0%
Derrick,Henry,BAL,3,2,2,1.0,1,100.0%,0,0,0%,0,0,0,0%
Alexander,Mattison,LV,3,1,2,2.0,1,50.0%,0,0,0%,0,0,0,0%
,,,3,3,1,0.3,1,75.0%,0,0,0%,0,0,0,0%
Carson,Steele,KC,3,6,21,3.5,0,100.0%,1,2,50.0%,2,2.0,0,100.0%
Bucky,Irving,TB,3,1,13,13.0,0,50.0%,0,0,0%,0,0,0,0.0%
Javonte,Williams,DEN,3,2,2,1.0,0,50.0%,1,1,100.0%,11,11.0,0,100.0%
Chase,Brown,CIN,3,1,12,12.0,0,20.0%,0,0,0%,0,0,0,0.0%
Jordan,Mason,SF,3,5,0,0.0,0,100.0%,1,1,100.0%,7,7.0,0,100.0%
Alec,Ingold,MIA,3,0,0,0,0,0.0%,1,1,100.0%,6,6.0,0,50.0%
Zamir,White,LV,3,1,6,6.0,0,50.0%,0,0,0%,0,0,0,0%
,,,3,0,0,0,0,0.0%,1,1,100.0%,5,5.0,0,100.0%
Braelon,Allen,NYJ,3,1,5,5.0,0,33.3%,0,0,0%,0,0,0,0.0%
Roschon,Johnson,CHI,3,2,4,2.0,0,28.6%,0,0,0%,0,0,0,0%
Rachaad,White,TB,3,1,0,0.0,0,50.0%,1,1,100.0%,4,4.0,0,100.0%
Cordarrelle,Patterson,PIT,3,0,0,0,0,0.0%,1,1,100.0%,4,4.0,0,100.0%
Jahmyr,Gibbs,DET,3,2,4,2.0,0,50.0%,0,0,0%,0,0,0,0%
,,,3,1,3,3.0,0,100.0%,0,0,0%,0,0,0,0.0%
Austin,Ekeler,WAS,3,1,3,3.0,0,25.0%,0,0,0%,0,0,0,0%
Khalil,Herbert,CHI,3,3,3,1.0,0,42.9%,0,0,0%,0,0,0,0%
Tony,Pollard,TEN,3,1,2,2.0,0,100.0%,0,0,0%,0,0,0,0%
Ty,Chandler,MIN,3,1,2,2.0,0,20.0%,0,0,0%,0,0,0,0.0%
Najee,Harris,PIT,3,4,2,0.5,0,80.0%,0,0,0%,0,0,0,0.0%
,,,3,2,2,1.0,0,100.0%,0,0,0%,0,0,0,0%
James,Conner,ARI,3,1,2,2.0,0,100.0%,0,0,0%,0,0,0,0%
Alvin,Kamara,NO,3,4,1,0.3,0,80.0%,0,0,0%,0,0,0,0.0%
Tyler,Allgeier,ATL,3,2,1,0.5,0,33.3%,0,0,0%,0,0,0,0%
Von,Achane,MIA,3,2,1,0.5,0,100.0%,0,1,0.0%,0,0,0,50.0%
Jaylen,Warren,PIT,3,1,0,0.0,0,20.0%,0,0,0%,0,0,0,0.0%
Josh,Jacobs,GB,3,3,0,0.0,0,75.0%,0,0,0%,0,0,0,0%
Ernest,Johnson,JAC,3,0,0,0,0,0.0%,0,1,0.0%,0,0,0,100.0%
Emanuel,Wilson,GB,3,1,0,0.0,0,25.0%,0,0,0%,0,0,0,0%
Rico,Dowdle,DAL,3,0,0,0,0,0%,0,0,0%,0,0,0,0%
Jamaal,Williams,NO,3,1,-1,-1.0,0,20.0%,0,1,0.0%,0,0,0,100.0%
Andre,Swift,CHI,3,2,-8,-4.0,0,28.6%,0,0,0%,0,0,0,0%
,,,4,,,,,,,,,,,,
Jahmyr,Gibbs,DET,4,5,17,3.4,2,55.6%,0,0,0%,0,0,0,0%
Chase,Brown,CIN,4,3,4,1.3,2,75.0%,1,2,50.0%,8,8.0,0,66.7%
Walker,III,SEA,4,2,2,1.0,2,100.0%,0,0,0%,0,0,0,0%
Justice,Hill,BAL,4,0,0,0,0,0.0%,2,2,100.0%,33,16.5,1,66.7%
Jordan,Mason,SF,4,6,16,2.7,1,100.0%,1,1,100.0%,13,13.0,0,100.0%
Jonathan,Taylor,IND,4,6,28,4.7,1,75.0%,0,0,0%,0,0,0,0%
Chuba,Hubbard,CAR,4,6,24,4.0,1,100.0%,0,0,0%,0,0,0,0%
James,Conner,ARI,4,5,19,3.8,1,100.0%,0,0,0%,0,0,0,0%
Rico,Dowdle,DAL,4,1,2,2.0,0,100.0%,1,1,100.0%,15,15.0,1,100.0%
Kyren,Williams,LAR,4,4,12,3.0,1,80.0%,1,1,100.0%,2,2.0,0,100.0%
Bucky,Irving,TB,4,5,13,2.6,1,100.0%,0,0,0%,0,0,0,0%
,,,4,2,7,3.5,1,50.0%,1,1,100.0%,3,3.0,0,100.0%
Jeremy,McNichols,WAS,4,2,10,5.0,1,50.0%,0,0,0%,0,0,0,0.0%
Tony,Pollard,TEN,4,5,9,1.8,1,71.4%,0,0,0%,0,0,0,0%
Dare,Ogunbowale,HOU,4,2,7,3.5,0,28.6%,1,1,100.0%,1,1.0,1,100.0%
Tyjae,Spears,TEN,4,2,7,3.5,1,28.6%,0,0,0%,0,0,0,0%
Roschon,Johnson,CHI,4,2,6,3.0,1,66.7%,0,0,0%,0,0,0,0%
David,Montgomery,DET,4,4,4,1.0,1,44.4%,0,0,0%,0,0,0,0%
Ty,Johnson,BUF,4,1,3,3.0,1,100.0%,0,0,0%,0,0,0,0%
Derrick,Henry,BAL,4,4,-3,-0.8,0,100.0%,1,1,100.0%,5,5.0,1,33.3%
Samaje,Perine,KC,4,1,2,2.0,1,50.0%,0,0,0%,0,0,0,0.0%
Zack,Moss,CIN,4,1,-1,-1.0,0,25.0%,1,1,100.0%,1,1.0,1,33.3%
Alvin,Kamara,NO,4,4,-1,-0.3,1,80.0%,0,1,0.0%,0,0,0,100.0%
Aaron,Jones,MIN,4,4,8,2.0,0,100.0%,2,3,66.7%,20,10.0,0,100.0%
Najee,Harris,PIT,4,2,6,3.0,0,100.0%,1,1,100.0%,11,11.0,0,100.0%
Josh,Jacobs,GB,4,2,8,4.0,0,100.0%,1,2,50.0%,9,9.0,0,100.0%
Kareem,Hunt,KC,4,1,5,5.0,0,50.0%,1,1,100.0%,9,9.0,0,100.0%
,,,4,2,11,5.5,0,28.6%,0,0,0%,0,0,0,0.0%
Tyreik,McAllister,LV,4,1,10,10.0,0,33.3%,0,0,0%,0,0,0,0%
Cam,Akers,MIN,4,3,6,2.0,0,42.9%,0,0,0%,0,0,0,0.0%
,,,4,2,6,3.0,0,50.0%,0,0,0%,0,0,0,0%
Von,Achane,MIA,4,2,5,2.5,0,66.7%,0,0,0%,0,0,0,0%
Saquon,Barkley,PHI,4,3,5,1.7,0,75.0%,0,0,0%,0,0,0,0%
,,,4,1,0,0.0,0,50.0%,1,1,100.0%,5,5.0,0,100.0%
Zamir,White,LV,4,2,5,2.5,0,66.7%,0,0,0%,0,0,0,0%
Rhamondre,Stevenson,NE,4,2,3,1.5,0,66.7%,1,1,100.0%,2,2.0,0,100.0%
Ronnie,Rivers,LAR,4,1,5,5.0,0,20.0%,0,0,0%,0,0,0,0.0%
Jerome,Ford,CLE,4,1,4,4.0,0,33.3%,0,0,0%,0,0,0,0%
Trey,Sermon,IND,4,2,4,2.0,0,25.0%,0,0,0%,0,0,0,0%
Jamaal,Williams,NO,4,1,4,4.0,0,20.0%,0,0,0%,0,0,0,0.0%
Breece,Hall,NYJ,4,3,3,1.0,0,100.0%,0,0,0%,0,0,0,0%
Jaleel,McLaughlin,DEN,4,1,3,3.0,0,100.0%,0,0,0%,0,0,0,0%
Tank,Bigsby,JAC,4,2,3,1.5,0,50.0%,0,0,0%,0,0,0,0%
Antonio,Gibson,NE,4,1,3,3.0,0,33.3%,0,0,0%,0,0,0,0.0%
Gus,Edwards,LAC,4,1,2,2.0,0,50.0%,0,0,0%,0,0,0,0.0%
Devin,Singletary,NYG,4,1,2,2.0,0,100.0%,0,0,0%,0,0,0,0%
Andre,Swift,CHI,4,1,1,1.0,0,33.3%,0,0,0%,0,0,0,0%
Onta,Foreman,CLE,4,2,0,0.0,0,66.7%,0,0,0%,0,0,0,0%
Patrick,Ricard,BAL,4,0,0,0,0,0.0%,0,0,0%,0,0,0,0.0%
Kenneth,Gainwell,PHI,4,1,0,0.0,0,25.0%,0,0,0%,0,0,0,0%
Jaylen,Wright,MIA,4,1,-2,-2.0,0,33.3%,0,0,0%,0,0,0,0%
,,,5,,,,,,,,,,,,
,,,5,3,7,2.3,2,33.3%,0,0,0%,0,0,0,0%
Roschon,Johnson,CHI,5,3,5,1.7,2,25.0%,0,0,0%,0,0,0,0%
Tank,Bigsby,JAC,5,3,21,7.0,1,75.0%,0,0,0%,0,0,0,0%
Andre,Swift,CHI,5,9,19,2.1,1,75.0%,0,0,0%,0,0,0,0%
Kareem,Hunt,KC,5,4,16,4.0,1,100.0%,0,0,0%,0,0,0,0.0%
Cam,Akers,MIN,5,1,15,15.0,1,50.0%,0,0,0%,0,0,0,0%
James,Cook,BUF,5,5,14,2.8,1,100.0%,0,1,0.0%,0,0,0,100.0%
Kyren,Williams,LAR,5,4,10,2.5,1,57.1%,0,0,0%,0,0,0,0%
Trey,Sermon,IND,5,5,6,1.2,1,83.3%,2,2,100.0%,3,1.5,0,100.0%
Derrick,Henry,BAL,5,2,4,2.0,1,100.0%,1,1,100.0%,4,4.0,0,100.0%
Jeremy,McNichols,WAS,5,3,8,2.7,1,33.3%,0,0,0%,0,0,0,0%
Chase,Brown,CIN,5,1,1,1.0,0,25.0%,2,2,100.0%,5,2.5,1,100.0%
Josh,Jacobs,GB,5,2,4,2.0,1,50.0%,0,0,0%,0,0,0,0%
Jaleel,McLaughlin,DEN,5,0,0,0,0,0.0%,1,1,100.0%,4,4.0,1,100.0%
Alec,Ingold,MIA,5,1,3,3.0,1,25.0%,0,0,0%,0,0,0,0%
Ameer,Abdullah,LV,5,1,3,3.0,1,100.0%,1,1,100.0%,0,0.0,0,100.0%
,,,5,1,2,2.0,1,33.3%,0,0,0%,0,0,0,0%
James,Conner,ARI,5,1,14,14.0,0,100.0%,0,0,0%,0,0,0,0%
Austin,Ekeler,WAS,5,3,13,4.3,0,33.3%,0,0,0%,0,0,0,0%
Bucky,Irving,TB,5,3,4,1.3,0,100.0%,1,1,100.0%,9,9.0,0,50.0%
Emanuel,Wilson,GB,5,2,11,5.5,0,50.0%,0,0,0%,0,0,0,0%
Jaylen,Wright,MIA,5,2,10,5.0,0,50.0%,0,0,0%,0,0,0,0%
Zack,Moss,CIN,5,3,10,3.3,0,75.0%,0,0,0%,0,0,0,0.0%
Bijan,Robinson,ATL,5,3,8,2.7,0,75.0%,0,0,0%,0,0,0,0%
Blake,Corum,LAR,5,3,8,2.7,0,42.9%,0,0,0%,0,0,0,0%
,,,5,2,8,4.0,0,40.0%,0,0,0%,0,0,0,0.0%
Isaac,Guerendo,SF,5,2,8,4.0,0,33.3%,0,0,0%,0,0,0,0%
Walker,III,SEA,5,0,0,0,0,0%,1,2,50.0%,7,7.0,0,100.0%
Breece,Hall,NYJ,5,0,0,0,0,0%,1,1,100.0%,5,5.0,0,100.0%
Hunter,Luepke,DAL,5,1,4,4.0,0,25.0%,0,0,0%,0,0,0,0%
,,,5,1,3,3.0,0,25.0%,0,0,0%,0,0,0,0%
Alvin,Kamara,NO,5,1,3,3.0,0,100.0%,0,0,0%,0,0,0,0%
Ty,Chandler,MIN,5,1,3,3.0,0,33.3%,0,0,0%,0,0,0,0%
Raheem,Mostert,MIA,5,1,2,2.0,0,25.0%,0,0,0%,0,0,0,0%
Javonte,Williams,DEN,5,2,2,1.0,0,100.0%,0,0,0%,0,0,0,0.0%
Onta,Foreman,CLE,5,2,1,0.5,0,100.0%,0,0,0%,0,0,0,0%
Chuba,Hubbard,CAR,5,1,1,1.0,0,100.0%,0,0,0%,0,0,0,0.0%
Najee,Harris,PIT,5,1,0,0.0,0,100.0%,0,0,0%,0,0,0,0%
Alexander,Mattison,LV,5,0,0,0,0,0.0%,0,0,0%,0,0,0,0.0%
Tyler,Goodson,IND,5,1,0,0.0,0,16.7%,0,0,0%,0,0,0,0.0%
Miles,Sanders,CAR,5,0,0,0,0,0.0%,1,2,50.0%,0,0.0,0,100.0%
Myles,Gaskin,MIN,5,1,0,0.0,0,33.3%,0,0,0%,0,0,0,0%
Dare,Ogunbowale,HOU,5,1,0,0.0,0,50.0%,0,0,0%,0,0,0,0%
Samaje,Perine,KC,5,0,0,0,0,0.0%,0,1,0.0%,0,0,0,100.0%
Ezekiel,Elliott,DAL,5,1,-1,-1.0,0,25.0%,0,0,0%,0,0,0,0%
Rhamondre,Stevenson,NE,5,2,2,1.0,0,100.0%,1,1,100.0%,-3,-3.0,0,100.0%
Rachaad,White,TB,5,0,0,0,0,0.0%,1,1,100.0%,-2,-2.0,0,50.0%
Tyler,Allgeier,ATL,5,1,-2,-2.0,0,25.0%,0,0,0%,0,0,0,0%
Rico,Dowdle,DAL,5,2,-3,-1.5,0,50.0%,0,0,0%,0,0,0,0%
Eric,Gray,NYG,5,3,2,0.7,0,60.0%,1,2,50.0%,13,13.0,0,100.0%
Jordan,Mason,SF,5,4,7,1.8,0,66.7%,0,0,0%,0,0,0,0%
,,,6,,,,,,,,,,,,
Joe,Mixon,HOU,6,6,20,3.3,1,100.0%,1,2,50.0%,10,10.0,1,100.0%
Bijan,Robinson,ATL,6,4,18,4.5,2,33.3%,1,1,100.0%,4,4.0,0,50.0%
David,Montgomery,DET,6,3,18,6.0,2,60.0%,0,0,0%,0,0,0,0.0%
Derrick,Henry,BAL,6,4,15,3.8,2,80.0%,0,0,0%,0,0,0,0.0%
Bucky,Irving,TB,6,4,24,6.0,1,66.7%,0,0,0%,0,0,0,0%
Walker,III,SEA,6,4,10,2.5,1,100.0%,2,2,100.0%,10,5.0,0,100.0%
,,,6,4,12,3.0,1,80.0%,1,1,100.0%,5,5.0,0,100.0%
Tyler,Allgeier,ATL,6,8,13,1.6,1,66.7%,1,1,100.0%,3,3.0,0,50.0%
Sean,Tucker,TB,6,2,13,6.5,1,33.3%,0,0,0%,0,0,0,0%
Alvin,Kamara,NO,6,2,7,3.5,1,100.0%,1,1,100.0%,1,1.0,0,100.0%
Andre,Swift,CHI,6,2,5,2.5,1,100.0%,0,0,0%,0,0,0,0%
Alexander,Mattison,LV,6,3,4,1.3,1,60.0%,0,0,0%,0,0,0,0%
Kyle,Juszczyk,SF,6,1,6,6.0,1,12.5%,1,1,100.0%,-3,-3.0,0,50.0%
,,,6,1,1,1.0,1,100.0%,0,0,0%,0,0,0,0%
Ray,Davis,BUF,6,6,27,4.5,0,100.0%,0,0,0%,0,0,0,0%
Tyler,Goodson,IND,6,2,4,2.0,0,40.0%,1,1,100.0%,13,13.0,0,100.0%
Miles,Sanders,CAR,6,1,2,2.0,0,25.0%,1,1,100.0%,12,12.0,0,33.3%
,,,6,4,13,3.3,0,50.0%,0,0,0%,0,0,0,0.0%
Jahmyr,Gibbs,DET,6,2,6,3.0,0,40.0%,1,1,100.0%,5,5.0,0,100.0%
Antonio,Gibson,NE,6,1,4,4.0,0,50.0%,1,1,100.0%,7,7.0,0,100.0%
Tony,Pollard,TEN,6,2,11,5.5,0,100.0%,0,0,0%,0,0,0,0%
Chuba,Hubbard,CAR,6,3,3,1.0,0,75.0%,2,2,100.0%,7,3.5,0,66.7%
Tank,Bigsby,JAC,6,2,5,2.5,0,50.0%,0,0,0%,0,0,0,0%
Emari,Demercado,ARI,6,0,0,0,0,0.0%,1,1,100.0%,4,4.0,0,100.0%
Najee,Harris,PIT,6,2,4,2.0,0,66.7%,0,0,0%,0,0,0,0%
Ernest,Johnson,JAC,6,2,4,2.0,0,50.0%,0,0,0%,0,0,0,0%
Josh,Jacobs,GB,6,1,4,4.0,0,100.0%,0,0,0%,0,0,0,0%
Justice,Hill,BAL,6,1,2,2.0,0,20.0%,1,1,100.0%,2,2.0,0,100.0%
Jordan,Mason,SF,6,1,3,3.0,0,12.5%,0,1,0.0%,0,0,0,50.0%
James,Conner,ARI,6,1,2,2.0,0,100.0%,0,0,0%,0,0,0,0.0%
Braelon,Allen,NYJ,6,1,2,2.0,0,50.0%,0,0,0%,0,0,0,0.0%
Breece,Hall,NYJ,6,1,0,0.0,0,50.0%,1,2,50.0%,1,1.0,0,100.0%
Austin,Ekeler,WAS,6,1,0,0.0,0,100.0%,0,0,0%,0,0,0,0%
Jaylen,Warren,PIT,6,0,0,0,0,0.0%,0,0,0%,0,0,0,0%
Kimani,Vidal,LAC,6,1,-1,-1.0,0,20.0%,0,0,0%,0,0,0,0.0%
Ezekiel,Elliott,DAL,6,1,-1,-1.0,0,100.0%,0,0,0%,0,0,0,0%
Terrell,Jennings,NE,6,1,-1,-1.0,0,50.0%,0,0,0%,0,0,0,0.0%
Onta,Foreman,CLE,6,1,-1,-1.0,0,100.0%,0,0,0%,0,0,0,0%
Aaron,Shampklin,PIT,6,1,-2,-2.0,0,33.3%,0,0,0%,0,0,0,0%
Isaac,Guerendo,SF,6,2,-2,-1.0,0,25.0%,0,0,0%,0,0,0,0.0%
Trey,Sermon,IND,6,3,-2,-0.7,0,60.0%,0,0,0%,0,0,0,0.0%
Ameer,Abdullah,LV,6,2,10,5.0,0,40.0%,0,0,0%,0,0,0,0%
,,,7,,,,,,,,,,,,
Tank,Bigsby,JAC,7,14,59,4.2,2,87.5%,0,0,0%,0,0,0,0.0%
Walker,III,SEA,7,1,20,20.0,1,100.0%,1,1,100.0%,17,17.0,1,100.0%
Joe,Mixon,HOU,7,7,21,3.0,2,87.5%,0,0,0%,0,0,0,0.0%
Javonte,Williams,DEN,7,4,20,5.0,2,100.0%,0,0,0%,0,0,0,0%
Kyren,Williams,LAR,7,4,19,4.8,2,100.0%,0,0,0%,0,0,0,0%
Kareem,Hunt,KC,7,7,16,2.3,2,100.0%,1,1,100.0%,3,3.0,0,100.0%
Najee,Harris,PIT,7,8,30,3.8,1,72.7%,0,0,0%,0,0,0,0.0%
,,,7,5,26,5.2,1,62.5%,0,0,0%,0,0,0,0.0%
Derrick,Henry,BAL,7,3,9,3.0,0,100.0%,1,1,100.0%,13,13.0,1,50.0%
Ray,Davis,BUF,7,2,19,9.5,1,40.0%,0,0,0%,0,0,0,0.0%
Justice,Hill,BAL,7,0,0,0,0,0.0%,1,1,100.0%,18,18.0,1,50.0%
JaMycal,Hasty,NE,7,0,0,0,0,0%,1,1,100.0%,16,16.0,1,100.0%
Breece,Hall,NYJ,7,2,15,7.5,1,100.0%,0,0,0%,0,0,0,0%
Chuba,Hubbard,CAR,7,2,13,6.5,1,66.7%,0,0,0%,0,0,0,0%
Rachaad,White,TB,7,0,0,0,0,0.0%,2,2,100.0%,13,6.5,1,100.0%
Saquon,Barkley,PHI,7,4,11,2.8,1,44.4%,0,0,0%,0,0,0,0%
James,Cook,BUF,7,3,11,3.7,1,60.0%,0,0,0%,0,0,0,0.0%
Bijan,Robinson,ATL,7,6,10,1.7,1,100.0%,0,0,0%,0,0,0,0%
Jahmyr,Gibbs,DET,7,2,10,5.0,1,66.7%,0,0,0%,0,0,0,0%
Tyler,Goodson,IND,7,3,8,2.7,1,75.0%,0,0,0%,0,0,0,0%
Bucky,Irving,TB,7,3,8,2.7,1,100.0%,0,0,0%,0,0,0,0.0%
Nick,Chubb,CLE,7,3,6,2.0,1,100.0%,0,0,0%,0,0,0,0%
Josh,Jacobs,GB,7,1,1,1.0,0,50.0%,2,2,100.0%,5,2.5,1,100.0%
Ty,Johnson,BUF,7,0,0,0,0,0.0%,1,1,100.0%,4,4.0,1,100.0%
Kenneth,Gainwell,PHI,7,5,33,6.6,0,55.6%,0,0,0%,0,0,0,0%
Raheem,Mostert,MIA,7,3,13,4.3,0,75.0%,0,0,0%,0,0,0,0%
Ernest,Johnson,JAC,7,2,13,6.5,0,12.5%,0,1,0.0%,0,0,0,100.0%
James,Conner,ARI,7,3,11,3.7,0,100.0%,0,0,0%,0,0,0,0%
Jaylen,Warren,PIT,7,3,10,3.3,0,27.3%,0,1,0.0%,0,0,0,100.0%
Jeremy,McNichols,WAS,7,2,8,4.0,0,25.0%,0,0,0%,0,0,0,0.0%
Jordan,Mason,SF,7,4,7,1.8,0,100.0%,0,0,0%,0,0,0,0%
Miles,Sanders,CAR,7,1,7,7.0,0,33.3%,0,0,0%,0,0,0,0%
Trey,Sermon,IND,7,1,7,7.0,0,25.0%,0,0,0%,0,0,0,0%
Julius,Chestnut,TEN,7,2,7,3.5,0,100.0%,0,0,0%,0,0,0,0%
Alexander,Mattison,LV,7,1,6,6.0,0,100.0%,0,0,0%,0,0,0,0%
Austin,Ekeler,WAS,7,1,3,3.0,0,12.5%,1,1,100.0%,3,3.0,0,100.0%
Kimani,Vidal,LAC,7,1,2,2.0,0,100.0%,0,0,0%,0,0,0,0%
Emanuel,Wilson,GB,7,1,1,1.0,0,50.0%,0,0,0%,0,0,0,0.0%
David,Montgomery,DET,7,1,1,1.0,0,33.3%,0,0,0%,0,0,0,0%
Dameon,Pierce,HOU,7,1,0,0.0,0,12.5%,0,0,0%,0,0,0,0.0%
Chase,Brown,CIN,7,1,0,0.0,0,100.0%,0,0,0%,0,0,0,0%
Dare,Ogunbowale,HOU,7,0,0,0,0,0.0%,0,1,0.0%,0,0,0,100.0%
Alec,Ingold,MIA,7,1,-1,-1.0,0,25.0%,0,0,0%,0,0,0,0%
,,,8,,,,,,,,,,,,
Kyren,Williams,LAR,8,6,11,1.8,0,100.0%,1,1,100.0%,5,5.0,1,100.0%
Aaron,Jones,MIN,8,4,6,1.5,0,100.0%,0,0,0%,0,0,0,0%
