year,week,player_id,player,firstName,lastName,position,team,This Week Salary,Last Week Salary,Salary Differential,red_zone_rush_att,red_zone_rush_yds,red_zone_rush_y/a,red_zone_rush_td,red_zone_rush_pct,red_zone_rec_rec,red_zone_rec_tgt,red_zone_rec_pct,red_zone_rec_yds,red_zone_rec_y/r,red_zone_rec_td,red_zone_tgt_pct,projected_points,projected_points_ppr,projected_points_half,projected_rushing_attempts,projected_rushing_yards,projected_rushing_tds,projected_receptions,projected_reception_yards,projected_reception_tds,wk6 %rostered,wk5 %rostered,wk4 %rostered,wk3 %rostered,wk2 %rostered,wk1 %rostered
2024,8,3043078,Derrick Henry,Derrick,Henry,RB,BAL,"$9,200","$9,100",+100,19,39,2.1,6,90.5%,3,3,100.0%,22,7.3,2,33.3%,16.35,17.5,16.93,21.02,96.95,0.92,1.15,9.9,0.05,99.7,99.7,99.7,99.7,99.7,99.7
2024,8,4360569,Jordan Mason,Jordan,Mason,RB,SF,"$8,900","$8,800",+100,31,91,2.9,3,77.5%,2,3,66.7%,20,10.0,0,75.0%,13.19,14.81,14.0,18.43,83.35,0.61,1.62,12.26,0.04,93.3,93.3,93.3,93.3,93.3,93.3
2024,8,3929630,Saquon Barkley,Saquon,Barkley,RB,PHI,"$9,100","$9,000",+100,22,69,3.1,4,73.3%,3,4,75.0%,24,8.0,1,100.0%,14.43,17.38,15.9,19.57,83.24,0.57,2.95,20.3,0.15,99.8,99.8,99.8,99.8,99.8,99.8
2024,8,4047365,Josh Jacobs,Josh,Jacobs,RB,GB,"$7,500","$7,300",+200,16,28,1.8,1,80.0%,3,4,75.0%,14,4.7,1,80.0%,11.74,14.49,13.12,15.28,67.1,0.42,2.76,20.39,0.1,98.7,98.7,98.7,98.7,98.7,98.7
2024,8,4241416,Chuba Hubbard,Chuba,Hubbard,RB,CAR,"$7,300","$7,400",-100,15,47,3.1,2,78.9%,4,4,100.0%,18,4.5,1,57.1%,10.78,13.53,12.15,16.98,67.48,0.33,2.75,17.78,0.08,90.9,90.9,90.9,90.9,90.9,90.9
2024,8,4430737,Kyren Williams,Kyren,Williams,RB,LAR,"$8,500","$8,600",-100,31,93,3.0,8,88.6%,5,6,83.3%,33,6.6,1,100.0%,14.68,16.54,15.61,20.27,83.37,0.81,1.85,13.97,0.06,99.6,99.6,99.6,99.6,99.6,99.6
2024,8,3045147,James Conner,James,Conner,RB,ARI,"$8,300","$8,000",+300,20,68,3.4,3,90.9%,0,0,0%,0,0,0,0.0%,11.39,13.34,12.36,16.21,68.84,0.47,1.96,13.92,0.08,95.3,95.3,95.3,95.3,95.3,95.3
2024,8,3042519,Aaron Jones,Aaron,Jones,RB,MIN,"$7,600","$7,200",+400,12,22,1.8,1,66.7%,7,9,77.8%,52,7.4,1,90.0%,12.67,16.04,14.36,14.77,68.87,0.42,3.37,24.81,0.16,96.6,96.6,96.6,96.6,96.6,96.6
2024,8,4430807,Bijan Robinson,Bijan,Robinson,RB,ATL,"$8,600","$8,200",+400,19,35,1.8,4,55.9%,2,2,100.0%,11,5.5,0,66.7%,14.39,17.83,16.11,16.83,77.22,0.52,3.44,27.35,0.17,99.8,99.8,99.8,99.8,99.8,99.8
2024,8,4241457,Najee Harris,Najee,Harris,RB,PIT,"$7,000","$7,000",0,23,56,2.4,1,82.1%,1,1,100.0%,11,11.0,0,25.0%,11.24,12.99,12.11,17.46,71.07,0.42,1.75,12.28,0.08,91.8,91.8,91.8,91.8,91.8,91.8
2024,8,4241985,J.K. Dobbins,J.K.,Dobbins,RB,LAC,,,,,,,,,,,,,,,,12.98,15.04,14.01,17.17,82.1,0.51,2.06,14.91,0.08,,,,,,
2024,8,4429795,Jahmyr Gibbs,Jahmyr,Gibbs,RB,DET,"$8,400","$7,800",+600,18,48,2.7,4,51.4%,5,6,83.3%,8,1.6,0,85.7%,13.2,16.55,14.88,14.48,65.69,0.57,3.35,24.3,0.16,99.8,99.8,99.8,99.8,99.8,99.8
2024,8,3916387,Lamar Jackson,Lamar,Jackson,RB,BAL,,,,,,,,,,,,,,,,21.68,21.68,21.68,,,,,,,,,,,,
2024,8,3054850,Alvin Kamara,Alvin,Kamara,RB,NO,"$8,200","$8,500",-300,20,55,2.8,6,74.1%,1,3,33.3%,1,1.0,0,75.0%,12.57,16.74,14.65,13.93,61.54,0.45,4.18,31.83,0.12,99.2,99.2,99.2,99.2,99.2,99.2
2024,8,4429013,Tank Bigsby,Tank,Bigsby,RB,JAX,"$7,100","$5,800","+1,300",21,88,4.2,3,53.8%,0,0,0%,0,0,0,0.0%,7.69,8.42,8.05,11.31,50.02,0.38,0.73,4.73,0.03,53.4,53.4,53.4,53.4,53.4,53.4
2024,8,3116385,Joe Mixon,Joe,Mixon,RB,HOU,"$9,000","$8,400",+600,19,57,3.0,4,61.3%,1,2,50.0%,10,10.0,1,40.0%,15.27,18.5,16.88,18.72,80.3,0.68,3.24,24.71,0.14,98.6,98.6,98.6,98.6,98.6,98.6
2024,8,3916148,Tony Pollard,Tony,Pollard,RB,TEN,"$7,000","$7,100",-100,11,26,2.4,1,68.8%,1,2,50.0%,11,11.0,0,100.0%,11.08,14.1,12.59,15.5,66.64,0.35,3.02,19.61,0.08,92.6,92.6,92.6,92.6,92.6,92.6
2024,8,4241474,Brian Robinson Jr.,Brian,Robinson Jr.,RB,WSH,,,,,,,,,,,,,,,,10.88,12.69,11.78,15.85,65.1,0.48,1.81,13.32,0.05,91.5,91.5,91.5,91.5,91.5,91.5
2024,8,4035538,David Montgomery,David,Montgomery,RB,DET,"$8,000","$8,100",-100,17,63,3.7,6,48.6%,1,1,100.0%,3,3.0,0,14.3%,11.61,13.29,12.45,14.92,62.2,0.67,1.68,12.07,0.06,95.6,95.6,95.6,95.6,95.6,95.6
2024,8,4569173,Rhamondre Stevenson,Rhamondre,Stevenson,RB,NE,"$6,700","$6,800",-100,13,18,1.4,2,68.4%,4,6,66.7%,4,1.0,0,75.0%,9.17,11.54,10.35,13.49,55.74,0.3,2.37,15.84,0.07,90.0,90.0,90.0,90.0,90.0,90.0
2024,8,4426348,Jayden Daniels,Jayden,Daniels,RB,WSH,,,,,,,,,,,,,,,,9.55,9.55,9.55,,,,,,,,,,,,
2024,8,4596448,Bucky Irving,Bucky,Irving,RB,TB,"$6,200","$5,700",+500,16,62,3.9,3,69.6%,1,1,100.0%,9,9.0,0,16.7%,7.88,9.83,8.86,9.57,42.24,0.3,1.95,14.64,0.09,71.0,71.0,71.0,71.0,71.0,71.0
2024,8,4242335,Jonathan Taylor,Jonathan,Taylor,RB,IND,"$8,000","$8,300",-300,15,35,2.3,3,42.9%,0,0,0%,0,0,0,0.0%,13.16,15.34,14.25,18.21,81.13,0.54,2.18,15.99,0.07,99.7,99.7,99.7,99.7,99.7,99.7
2024,8,4427366,Breece Hall,Breece,Hall,RB,NYJ,"$7,900","$7,600",+300,10,31,3.1,3,76.9%,3,4,75.0%,12,4.0,0,80.0%,15.22,19.45,17.34,17.52,79.15,0.54,4.23,32.47,0.18,99.8,99.8,99.8,99.8,99.8,99.8
2024,8,4379399,James Cook,James,Cook,RB,BUF,"$7,700","$7,900",-200,16,44,2.8,4,51.6%,1,2,50.0%,17,17.0,1,40.0%,12.21,14.51,13.36,15.12,71.68,0.42,2.3,18.88,0.13,98.4,98.4,98.4,98.4,98.4,98.4
2024,8,4362238,Chase Brown,Chase,Brown,RB,CIN,"$6,600","$6,500",+100,7,16,2.3,2,31.8%,3,4,75.0%,13,4.3,1,66.7%,9.26,11.28,10.27,12.64,52.09,0.36,2.02,15.26,0.09,73.1,73.1,73.1,73.1,73.1,73.1
2024,8,3917315,Kyler Murray,Kyler,Murray,RB,ARI,,,,,,,,,,,,,,,,18.17,18.17,18.17,,,,,,,,,,,,
2024,8,4259545,D'Andre Swift,D'Andre,Swift,RB,CHI,,,,,,,,,,,,,,,,12.28,15.43,13.86,17.21,67.41,0.46,3.15,23.34,0.1,,,,,,
2024,8,4373626,Tyler Allgeier,Tyler,Allgeier,RB,ATL,"$5,700","$5,800",-100,15,29,1.9,1,44.1%,1,1,100.0%,3,3.0,0,33.3%,6.12,7.08,6.6,8.13,38.1,0.24,0.96,7.69,0.03,40.9,40.9,40.9,40.9,40.9,40.9
2024,8,4567048,Kenneth Walker III,Kenneth,Walker III,RB,SEA,,,,,,,,,,,,,,,,13.34,16.69,15.01,14.99,66.71,0.58,3.36,25.86,0.12,97.3,97.3,97.3,97.3,97.3,97.3
2024,8,4361579,Javonte Williams,Javonte,Williams,RB,DEN,"$6,000","$5,800",+200,13,37,2.8,2,76.5%,1,2,50.0%,11,11.0,0,40.0%,11.34,14.18,12.76,15.9,62.45,0.43,2.85,19.88,0.12,87.8,87.8,87.8,87.8,87.8,87.8
2024,8,4372019,Jerome Ford,Jerome,Ford,RB,CLE,"$5,600","$5,900",-300,3,10,3.3,1,23.1%,0,0,0%,0,0,0,0%,0.0,0.0,0.0,0.0,0.0,0.0,0.0,0.0,0.0,59.9,59.9,59.9,59.9,59.9,59.9
2024,8,4429160,De'Von Achane,De'Von,Achane,RB,MIA,,,,,,,,,,,,,,,,11.94,15.36,13.65,13.03,56.47,0.42,3.42,28.79,0.16,,,,,,
2024,8,4426338,Bo Nix,Bo,Nix,RB,DEN,,,,,,,,,,,,,,,,17.84,17.84,17.84,,,,,,,,,,,,
2024,8,4048244,Alexander Mattison,Alexander,Mattison,RB,LV,"$6,100","$6,100",0,7,16,2.3,3,50.0%,0,0,0%,0,0,0,0.0%,9.25,11.61,10.43,15.85,53.92,0.29,2.37,17.6,0.08,52.9,52.9,52.9,52.9,52.9,52.9
2024,8,3059915,Kareem Hunt,Kareem,Hunt,RB,KC,"$8,100","$7,700",+400,12,37,3.1,3,42.9%,2,2,100.0%,12,6.0,0,33.3%,13.23,14.97,14.1,18.74,76.12,0.69,1.74,12.1,0.05,85.8,85.8,85.8,85.8,85.8,85.8
2024,8,4038815,Rico Dowdle,Rico,Dowdle,RB,DAL,"$6,000",-,-,3,-1,-0.3,0,33.3%,1,1,100.0%,15,15.0,1,33.3%,9.0,11.42,10.21,12.21,50.61,0.27,2.42,17.67,0.12,63.0,63.0,63.0,63.0,63.0,63.0
2024,8,4040761,Devin Singletary,Devin,Singletary,RB,NYG,"$6,200","$6,200",0,8,25,3.1,2,50.0%,0,0,0%,0,0,0,0.0%,5.45,6.93,6.19,8.18,33.97,0.17,1.49,9.7,0.03,72.6,72.6,72.6,72.6,72.6,72.6
2024,8,4035676,Zack Moss,Zack,Moss,RB,CIN,"$6,300","$6,700",-400,15,42,2.8,2,68.2%,1,2,50.0%,1,1.0,1,33.3%,7.09,9.66,8.38,7.43,32.92,0.25,2.57,17.72,0.1,80.4,80.4,80.4,80.4,80.4,80.4
2024,8,4360516,Tyrone Tracy Jr.,Tyrone,Tracy Jr.,RB,NYG,,,,,,,,,,,,,,,,7.42,9.74,8.58,11.23,42.14,0.23,2.32,16.05,0.05,53.6,53.6,53.6,53.6,53.6,53.6
2024,8,4362887,Justin Fields,Justin,Fields,RB,PIT,,,,,,,,,,,,,,,,0.38,0.38,0.38,,,,,,,,,,,,
2024,8,4239996,Travis Etienne Jr.,Travis,Etienne Jr.,RB,JAX,,,,,,,,,,,,,,,,8.03,10.82,9.43,9.24,38.61,0.27,2.79,21.1,0.09,92.5,92.5,92.5,92.5,92.5,92.5
2024,8,4360294,Antonio Gibson,Antonio,Gibson,RB,NE,"$5,400","$5,500",-100,5,14,2.8,0,26.3%,1,1,100.0%,7,7.0,0,12.5%,4.49,6.08,5.28,6.18,23.36,0.13,1.59,12.28,0.04,29.9,29.9,29.9,29.9,29.9,29.9
2024,8,4697815,Rachaad White,Rachaad,White,RB,TB,"$6,400","$6,300",+100,5,14,2.8,0,21.7%,5,5,100.0%,19,3.8,1,83.3%,8.42,11.67,10.04,10.3,38.15,0.24,3.24,25.43,0.13,92.0,92.0,92.0,92.0,92.0,92.0
2024,8,4887558,Emanuel Wilson,Emanuel,Wilson,RB,GB,"$5,600","$5,400",+200,4,12,3.0,0,20.0%,1,1,100.0%,2,2.0,0,20.0%,3.82,4.59,4.2,5.96,22.98,0.14,0.77,6.09,0.02,7.5,7.5,7.5,7.5,7.5,7.5
2024,8,4040715,Jalen Hurts,Jalen,Hurts,RB,PHI,,,,,,,,,,,,,,,,19.21,19.21,19.21,,,,,,,,,,,,
2024,8,4429501,Ray Davis,Ray,Davis,RB,BUF,,,,10,49,4.9,2,32.3%,0,0,0%,0,0,0,0.0%,4.37,5.32,4.84,6.07,25.11,0.16,0.95,7.9,0.03,24.3,24.3,24.3,24.3,24.3,24.3
2024,8,4426385,Zach Charbonnet,Zach,Charbonnet,RB,SEA,"$5,200","$5,300",-100,5,20,4.0,3,35.7%,0,0,0%,0,0,0,0.0%,4.59,6.61,5.6,5.16,21.63,0.11,2.03,13.72,0.08,66.1,66.1,66.1,66.1,66.1,66.1
2024,8,4429084,Anthony Richardson,Anthony,Richardson,RB,IND,,,,,,,,,,,,,,,,16.3,16.3,16.3,,,,,,,,,,,,
2024,8,3068267,Austin Ekeler,Austin,Ekeler,RB,WSH,"$5,900","$6,600",-700,11,47,4.3,0,29.7%,1,1,100.0%,3,3.0,0,25.0%,6.81,9.47,8.14,7.13,28.45,0.19,2.67,22.11,0.12,79.3,79.3,79.3,79.3,79.3,79.3
2024,8,3917792,Daniel Jones,Daniel,Jones,RB,NYG,,,,,,,,,,,,,,,,14.65,14.65,14.65,,,,,,,,,,,,
2024,8,3918298,Josh Allen,Josh,Allen,RB,BUF,,,,,,,,,,,,,,,,20.98,20.98,20.98,,,,,,,,,,,,
2024,8,4430871,Sean Tucker,Sean,Tucker,RB,TB,"$5,500","$4,200","+1,300",2,13,6.5,1,8.7%,0,0,0%,0,0,0,0.0%,3.33,4.12,3.73,3.94,18.44,0.13,0.79,5.95,0.03,10.5,10.5,10.5,10.5,10.5,10.5
2024,8,4682745,Jaylen Wright,Jaylen,Wright,RB,MIA,"$5,000","$5,200",-200,3,8,2.7,0,16.7%,0,0,0%,0,0,0,0.0%,2.13,2.39,2.26,3.34,13.28,0.09,0.26,1.89,0.02,10.6,10.6,10.6,10.6,10.6,10.6
2024,8,4431611,Caleb Williams,Caleb,Williams,RB,CHI,,,,,,,,,,,,,,,,16.94,16.94,16.94,,,,,,,,,,,,
2024,8,4361777,Zamir White,Zamir,White,RB,LV,"$5,400","$5,600",-200,3,11,3.7,0,21.4%,0,0,0%,0,0,0,0.0%,3.62,4.52,4.07,5.72,22.05,0.12,0.89,6.18,0.03,49.8,49.8,49.8,49.8,49.8,49.8
2024,8,3127586,Jeremy McNichols,Jeremy,McNichols,RB,WSH,"$5,300","$5,500",-200,7,26,3.7,2,18.9%,0,0,0%,0,0,0,0.0%,0.73,0.92,0.82,0.91,4.36,0.02,0.2,1.49,0.01,1.9,1.9,1.9,1.9,1.9,1.9
2024,8,15864,Geno Smith,Geno,Smith,RB,SEA,,,,,,,,,,,,,,,,17.14,17.14,17.14,,,,,,,,,,,,
2024,8,3052587,Baker Mayfield,Baker,Mayfield,RB,TB,,,,,,,,,,,,,,,,16.84,16.84,16.84,,,,,,,,,,,,
2024,8,4685247,Braelon Allen,Braelon,Allen,RB,NYJ,"$6,100","$6,000",+100,3,27,9.0,1,23.1%,1,1,100.0%,12,12.0,1,20.0%,5.04,6.24,5.64,5.94,27.42,0.18,1.2,8.87,0.09,35.6,35.6,35.6,35.6,35.6,35.6
2024,8,4361741,Brock Purdy,Brock,Purdy,RB,SF,,,,,,,,,,,,,,,,18.44,18.44,18.44,,,,,,,,,,,,
2024,8,4242431,Ty Chandler,Ty,Chandler,RB,MIN,"$5,900","$6,400",-500,4,13,3.3,0,22.2%,1,1,100.0%,5,5.0,0,10.0%,4.38,5.73,5.06,6.14,24.32,0.16,1.36,8.67,0.04,32.0,32.0,32.0,32.0,32.0,32.0
2024,8,4722893,Jaleel McLaughlin,Jaleel,McLaughlin,RB,DEN,"$4,900","$5,000",-100,4,6,1.5,1,23.5%,2,2,100.0%,2,1.0,1,40.0%,4.46,5.84,5.15,4.89,23.41,0.16,1.39,9.17,0.05,19.3,19.3,19.3,19.3,19.3,19.3
2024,8,3122840,Deshaun Watson,Deshaun,Watson,RB,CLE,,,,,,,,,,,,,,,,,,,,,,,,,,,,,,
2024,8,4240021,Cam Akers,Cam,Akers,RB,MIN,"$4,500","$5,000",-500,5,21,4.2,1,16.1%,1,1,100.0%,8,8.0,1,20.0%,0.1,0.16,0.13,0.07,0.27,0.0,0.06,0.42,0.01,23.1,23.1,23.1,23.1,23.1,23.1
2024,8,4372561,Isaac Guerendo,Isaac,Guerendo,RB,SF,"$5,500","$6,000",-500,4,6,1.5,0,10.0%,0,0,0%,0,0,0,0.0%,1.72,2.04,1.88,2.8,9.73,0.07,0.33,2.54,0.01,7.0,7.0,7.0,7.0,7.0,7.0
2024,8,2576414,Raheem Mostert,Raheem,Mostert,RB,MIA,"$5,900","$6,300",-400,4,15,3.8,0,22.2%,0,0,0%,0,0,0,0.0%,7.13,8.39,7.76,8.12,40.46,0.32,1.26,9.75,0.05,71.7,71.7,71.7,71.7,71.7,71.7
2024,8,4361529,Isiah Pacheco,Isiah,Pacheco,RB,KC,"$4,000","$4,000",0,7,25,3.6,1,25.0%,1,1,100.0%,1,1.0,0,16.7%,,,,,,,,,,91.4,91.4,91.4,91.4,91.4,91.4
2024,8,4714365,Carson Steele,Carson,Steele,RB,KC,"$4,800","$4,900",-100,8,24,3.0,0,28.6%,1,2,50.0%,2,2.0,0,33.3%,3.23,3.67,3.45,4.38,19.16,0.16,0.44,3.17,0.02,5.5,5.5,5.5,5.5,5.5,5.5
2024,8,4045163,Miles Sanders,Miles,Sanders,RB,CAR,"$5,100","$5,300",-200,4,11,2.8,1,21.1%,2,3,66.7%,12,6.0,0,42.9%,3.01,4.04,3.52,4.89,19.42,0.08,1.03,5.83,0.01,4.7,4.7,4.7,4.7,4.7,4.7
2024,8,3125116,D'Onta Foreman,D'Onta,Foreman,RB,CLE,,,,,,,,,,,,,,,,1.59,2.11,1.85,2.35,8.02,0.05,0.51,4.13,0.02,,,,,,
2024,8,4429676,Tyler Goodson,Tyler,Goodson,RB,IND,"$5,500","$5,100",+400,6,12,2.0,1,17.1%,1,1,100.0%,13,13.0,0,33.3%,1.85,2.32,2.09,3.28,10.3,0.06,0.47,4.57,0.01,9.1,9.1,9.1,9.1,9.1,9.1
2024,8,4241401,Trey Sermon,Trey,Sermon,RB,IND,"$5,800","$5,900",-100,14,35,2.5,2,40.0%,2,2,100.0%,3,1.5,0,66.7%,1.15,1.41,1.28,1.15,6.8,0.04,0.26,1.88,0.01,22.7,22.7,22.7,22.7,22.7,22.7
2024,8,3139477,Patrick Mahomes,Patrick,Mahomes,RB,KC,,,,,,,,,,,,,,,,,,,,,,,,,,,,,,
2024,8,2980453,Jamaal Williams,Jamaal,Williams,RB,NO,"$5,800","$5,100",+700,7,27,3.9,1,25.9%,0,1,0.0%,0,0,0,25.0%,1.79,2.28,2.04,2.44,10.42,0.07,0.49,3.0,0.0,4.8,4.8,4.8,4.8,4.8,4.8
2024,8,4362478,Emari Demercado,Emari,Demercado,RB,ARI,"$5,300","$4,600",+700,0,0,0,0,0.0%,2,2,100.0%,6,3.0,0,100.0%,2.27,3.3,2.79,2.3,10.35,0.05,1.03,7.04,0.05,0.7,0.7,0.7,0.7,0.7,0.7
2024,8,3051392,Ezekiel Elliott,Ezekiel,Elliott,RB,DAL,"$5,800",-,-,4,3,0.8,1,44.4%,1,2,50.0%,9,9.0,0,66.7%,4.75,6.08,5.41,7.13,25.1,0.18,1.33,8.79,0.05,41.0,41.0,41.0,41.0,41.0,41.0
2024,8,4242512,Malik Willis,Malik,Willis,RB,GB,,,,,,,,,,,,,,,,0.14,0.14,0.14,,,,,,,,,,,,
2024,8,4428557,Tyjae Spears,Tyjae,Spears,RB,TEN,"$6,200","$5,600",+600,3,9,3.0,1,18.8%,0,0,0%,0,0,0,0.0%,4.79,6.71,5.75,4.88,23.65,0.12,1.92,14.1,0.07,54.7,54.7,54.7,54.7,54.7,54.7
2024,8,3051926,Gus Edwards,Gus,Edwards,RB,LAC,"$5,600","$5,100",+500,5,9,1.8,0,31.3%,0,0,0%,0,0,0,0.0%,,,,,,,,,,20.5,20.5,20.5,20.5,20.5,20.5
2024,8,4362249,Jayden Reed,Jayden,Reed,RB,GB,,,,,,,,,,,,,,,,9.72,14.54,12.13,,,,4.82,61.63,0.42,,,,,,
2024,8,4429275,Trey Benson,Trey,Benson,RB,ARI,"$5,000","$4,500",+500,2,6,3.0,0,9.1%,0,0,0%,0,0,0,0.0%,2.61,2.97,2.79,4.51,17.14,0.1,0.36,2.51,0.02,19.1,19.1,19.1,19.1,19.1,19.1
2024,8,3912547,Sam Darnold,Sam,Darnold,RB,MIN,,,,,,,,,,,,,,,,17.14,17.14,17.14,,,,,,,,,,,,
2024,8,4361418,Will Levis,Will,Levis,RB,TEN,,,,,,,,,,,,,,,,0.0,0.0,0.0,,,,,,,,,,,,
2024,8,3139602,D'Ernest Johnson,D'Ernest,Johnson,RB,JAX,,,,,,,,,,,,,,,,2.99,4.19,3.59,4.04,16.34,0.07,1.2,8.73,0.02,,,,,,
2024,8,4569987,Jaylen Warren,Jaylen,Warren,RB,PIT,"$5,500","$5,500",0,4,10,2.5,0,14.3%,1,2,50.0%,7,7.0,0,50.0%,6.44,8.61,7.52,8.18,35.12,0.19,2.17,14.8,0.07,56.8,56.8,56.8,56.8,56.8,56.8
2024,8,4038441,Justice Hill,Justice,Hill,RB,BAL,"$6,000","$5,500",+500,2,5,2.5,0,9.5%,4,6,66.7%,53,13.3,2,66.7%,4.3,6.56,5.43,3.66,13.57,0.06,2.26,18.44,0.13,24.3,24.3,24.3,24.3,24.3,24.3
2024,8,4371733,Kenneth Gainwell,Kenneth,Gainwell,RB,PHI,"$5,000","$4,800",+200,8,39,4.9,0,26.7%,0,0,0%,0,0,0,0.0%,2.34,3.01,2.67,3.38,12.23,0.09,0.66,4.59,0.03,1.9,1.9,1.9,1.9,1.9,1.9
2024,8,4360310,Trevor Lawrence,Trevor,Lawrence,RB,JAX,,,,,,,,,,,,,,,,15.86,15.86,15.86,,,,,,,,,,,,
2024,8,4360238,Dameon Pierce,Dameon,Pierce,RB,HOU,"$5,000","$5,100",-100,2,4,2.0,0,6.5%,0,0,0%,0,0,0,0.0%,3.31,3.9,3.61,4.13,20.22,0.14,0.59,4.49,0.01,6.5,6.5,6.5,6.5,6.5,6.5
2024,8,4432577,C.J. Stroud,C.J.,Stroud,RB,HOU,,,,,,,,,,,,,,,,16.94,16.94,16.94,,,,,,,,,,,,
2024,8,15807,Cordarrelle Patterson,Cordarrelle,Patterson,RB,PIT,"$4,800","$4,800",0,0,0,0,0,0.0%,1,1,100.0%,4,4.0,0,25.0%,2.44,3.03,2.74,2.6,12.95,0.1,0.59,4.55,0.02,1.3,1.3,1.3,1.3,1.3,1.3
2024,8,3915511,Joe Burrow,Joe,Burrow,RB,CIN,,,,,,,,,,,,,,,,18.35,18.35,18.35,,,,,,,,,,,,
2024,8,4426386,Roschon Johnson,Roschon,Johnson,RB,CHI,"$5,700",-,-,7,15,2.1,3,28.0%,0,0,0%,0,0,0,0%,5.58,6.88,6.23,7.02,28.99,0.25,1.31,9.57,0.06,15.8,15.8,15.8,15.8,15.8,15.8
2024,8,4362748,Tyler Badie,Tyler,Badie,RB,DEN,"$4,000","$4,000",0,0,0,0,0,0.0%,1,1,100.0%,2,2.0,0,20.0%,,,,,,,,,,0.7,0.7,0.7,0.7,0.7,0.7
2024,8,2468609,Taysom Hill,Taysom,Hill,RB,NO,,,,,,,,,,,,,,,,,,,,,,,,,,,,,,
2024,8,3915411,Ty Johnson,Ty,Johnson,RB,BUF,"$5,700","$5,700",0,5,20,4.0,1,16.1%,3,3,100.0%,24,8.0,2,60.0%,1.5,2.31,1.9,0.68,4.04,0.03,0.81,6.45,0.05,3.2,3.2,3.2,3.2,3.2,3.2
2024,8,4429096,Blake Corum,Blake,Corum,RB,LAR,"$4,500","$4,700",-200,3,8,2.7,0,8.6%,0,0,0%,0,0,0,0.0%,2.93,3.39,3.16,4.64,17.58,0.13,0.46,3.31,0.02,18.3,18.3,18.3,18.3,18.3,18.3
2024,8,4431452,Drake Maye,Drake,Maye,RB,NE,,,,,,,,,,,,,,,,14.8,14.8,14.8,,,,,,,,,,,,
2024,8,2576336,Ameer Abdullah,Ameer,Abdullah,RB,LV,"$4,600","$4,700",-100,3,13,4.3,1,21.4%,1,1,100.0%,0,0.0,0,100.0%,0.92,1.7,1.31,0.47,2.5,0.0,0.78,5.56,0.02,1.0,1.0,1.0,1.0,1.0,1.0
2024,8,4035671,Tyler Huntley,Tyler,Huntley,RB,MIA,,,,,,,,,,,,,,,,0.0,0.0,0.0,,,,,,,,,,,,
2024,8,4426339,Spencer Rattler,Spencer,Rattler,RB,NO,,,,,,,,,,,,,,,,12.64,12.64,12.64,,,,,,,,,,,,
2024,8,4249836,Pierre Strong Jr.,Pierre,Strong Jr.,RB,CLE,,,,,,,,,,,,,,,,4.19,6.09,5.14,5.22,18.32,0.09,1.9,15.42,0.05,0.5,0.5,0.5,0.5,0.5,0.5
2024,8,4569682,Audric Estime,Audric,Estime,RB,DEN,"$4,000","$4,100",-100,,,,,,,,,,,,,2.33,2.53,2.43,3.85,15.18,0.11,0.2,1.48,0.0,2.3,2.3,2.3,2.3,2.3,2.3
2024,8,2983509,Dare Ogunbowale,Dare,Ogunbowale,RB,HOU,"$4,800","$4,800",0,3,7,2.3,0,9.7%,1,2,50.0%,1,1.0,1,40.0%,1.9,3.0,2.45,1.91,6.22,0.03,1.1,8.88,0.03,1.2,1.2,1.2,1.2,1.2,1.2
2024,8,2578570,Jacoby Brissett,Jacoby,Brissett,RB,NE,,,,,,,,,,,,,,,,0.12,0.12,0.12,,,,,,,,,,,,
2024,8,3126486,Deebo Samuel Sr.,Deebo,Samuel Sr.,RB,SF,,,,,,,,,,,,,,,,10.89,15.36,13.12,,,,4.46,66.03,0.36,,,,,,
2024,8,4243003,Ronnie Rivers,Ronnie,Rivers,RB,LAR,"$4,800","$4,900",-100,1,5,5.0,0,2.9%,0,0,0%,0,0,0,0.0%,0.41,0.53,0.47,0.0,2.13,0.02,0.12,0.79,0.0,0.2,0.2,0.2,0.2,0.2,0.2
2024,8,4429615,Zay Flowers,Zay,Flowers,RB,BAL,,,,,,,,,,,,,,,,9.22,14.19,11.71,,,,4.97,63.01,0.41,,,,,,
2024,8,4683062,Xavier Worthy,Xavier,Worthy,RB,KC,,,,,,,,,,,,,,,,6.69,10.0,8.35,,,,3.31,43.6,0.24,,,,,,
2024,8,3116389,Samaje Perine,Samaje,Perine,RB,KC,"$5,000","$5,200",-200,1,2,2.0,1,3.6%,0,1,0.0%,0,0,0,16.7%,1.87,3.06,2.46,1.51,4.9,0.03,1.19,9.08,0.05,17.4,17.4,17.4,17.4,17.4,17.4
2024,8,8439,Aaron Rodgers,Aaron,Rodgers,RB,NYJ,,,,,,,,,,,,,,,,15.98,15.98,15.98,,,,,,,,,,,,
2024,8,4367178,Dorian Thompson-Robinson,Dorian,Thompson-Robinson,RB,CLE,,,,,,,,,,,,,,,,0.12,0.12,0.12,,,,,,,,,,,,
2024,8,3122976,Jeff Wilson Jr.,Jeff,Wilson Jr.,RB,MIA,,,,,,,,,,,,,,,,0.32,0.45,0.38,0.0,1.36,0.02,0.13,0.93,0.0,0.7,0.7,0.7,0.7,0.7,0.7
2024,8,4038524,Gardner Minshew,Gardner,Minshew,RB,LV,,,,,,,,,,,,,,,,,,,,,,,,,,,,,,
2024,8,4035004,Mecole Hardman,Mecole,Hardman,RB,KC,,,,,,,,,,,,,,,,,,,,,,,,,,,,,,
2024,8,4241389,CeeDee Lamb,CeeDee,Lamb,RB,DAL,,,,,,,,,,,,,,,,11.36,17.66,14.51,,,,6.3,81.88,0.44,,,,,,
2024,8,2576980,Marcus Mariota,Marcus,Mariota,RB,WSH,,,,,,,,,,,,,,,,16.72,16.72,16.72,,,,,,,,,,,,
2024,8,3116406,Tyreek Hill,Tyreek,Hill,RB,MIA,,,,,,,,,,,,,,,,12.24,18.54,15.39,,,,6.3,88.34,0.52,,,,,,
2024,8,4599739,Kendre Miller,Kendre,Miller,RB,NO,"$5,200","$4,000","+1,200",,,,,,,,,,,,,3.29,4.19,3.74,3.95,18.22,0.1,0.89,7.27,0.03,8.9,8.9,8.9,8.9,8.9,8.9
2024,8,14012,Andy Dalton,Andy,Dalton,RB,CAR,,,,,,,,,,,,,,,,0.0,0.0,0.0,,,,,,,,,,,,
2024,8,4038941,Justin Herbert,Justin,Herbert,RB,LAC,,,,,,,,,,,,,,,,15.34,15.34,15.34,,,,,,,,,,,,
2024,8,4259305,Bo Melton,Bo,Melton,RB,GB,,,,,,,,,,,,,,,,1.69,2.45,2.07,,,,0.77,9.35,0.07,,,,,,
2024,8,3928925,JaMycal Hasty,JaMycal,Hasty,RB,NE,"$4,900","$4,200",+700,0,0,0,0,0.0%,1,1,100.0%,16,16.0,1,12.5%,1.29,1.78,1.53,2.21,6.73,0.02,0.49,3.76,0.02,0.8,0.8,0.8,0.8,0.8,0.8
2024,8,4426388,Jameson Williams,Jameson,Williams,RB,DET,,,,,,,,,,,,,,,,0.0,0.0,0.0,,,,0.0,0.0,0.0,,,,,,
2024,8,2976592,Sterling Shepard,Sterling,Shepard,RB,TB,,,,,,,,,,,,,,,,5.18,8.38,6.78,,,,3.2,35.95,0.25,,,,,,
2024,8,4362477,Derius Davis,Derius,Davis,RB,LAC,,,,,,,,,,,,,,,,0.34,0.4,0.37,,,,0.06,0.61,0.0,,,,,,
2024,8,4366031,Tank Dell,Tank,Dell,RB,HOU,,,,,,,,,,,,,,,,8.25,12.61,10.43,,,,4.35,59.79,0.33,,,,,,
2024,8,4386544,Xavier Smith,Xavier,Smith,RB,LAR,,,,,,,,,,,,,,,,0.0,0.0,0.0,,,,0.0,0.0,0.0,,,,,,
2024,8,3925357,Calvin Ridley,Calvin,Ridley,RB,TEN,,,,,,,,,,,,,,,,6.87,10.79,8.83,,,,3.92,52.2,0.26,,,,,,
2024,8,4032473,Rashid Shaheed,Rashid,Shaheed,RB,NO,,,,,,,,,,,,,,,,,,,,,,,,,,,,,,
2024,8,4036211,DJ Turner,DJ,Turner,RB,LV,,,,,,,,,,,,,,,,3.07,4.85,3.96,,,,1.78,23.33,0.07,,,,,,
2024,8,4036378,Jordan Love,Jordan,Love,RB,GB,,,,,,,,,,,,,,,,19.19,19.19,19.19,,,,,,,,,,,,
2024,8,4241479,Tua Tagovailoa,Tua,Tagovailoa,RB,MIA,,,,,,,,,,,,,,,,16.79,16.79,16.79,,,,,,,,,,,,
2024,8,11252,Joe Flacco,Joe,Flacco,RB,IND,,,,,,,,,,,,,,,,0.12,0.12,0.12,,,,,,,,,,,,
2024,8,3728262,Ray-Ray McCloud III,Ray-Ray,McCloud III,RB,ATL,,,,,,,,,,,,,,,,5.14,8.25,6.7,,,,3.1,33.94,0.22,,,,,,
2024,8,4570561,Eric Gray,Eric,Gray,RB,NYG,"$5,000","$5,000",0,5,8,1.6,0,31.3%,1,2,50.0%,13,13.0,0,66.7%,0.87,1.17,1.02,0.83,3.95,0.03,0.3,2.15,0.01,1.6,1.6,1.6,1.6,1.6,1.6
2024,8,4685720,Bryce Young,Bryce,Young,RB,CAR,,,,,,,,,,,,,,,,10.53,10.53,10.53,,,,,,,,,,,,
2024,8,2577417,Dak Prescott,Dak,Prescott,RB,DAL,,,,,,,,,,,,,,,,16.01,16.01,16.01,,,,,,,,,,,,
2024,8,3149687,Chris Brooks,Chris,Brooks,RB,GB,,,,,,,,,,,,,,,,0.28,0.28,0.28,0.52,2.18,0.01,0.0,0.0,0.0,0.0,0.0,0.0,0.0,0.0,0.0
2024,8,16757,Derek Carr,Derek,Carr,RB,NO,,,,,,,,,,,,,,,,0.0,0.0,0.0,,,,,,,,,,,,
2024,8,3128720,Nick Chubb,Nick,Chubb,RB,CLE,"$6,900","$6,800",+100,3,6,2.0,1,23.1%,0,0,0%,0,0,0,0%,9.79,11.37,10.58,13.75,59.95,0.38,1.58,13.23,0.05,87.0,87.0,87.0,87.0,87.0,87.0
2024,8,4039274,Jonathan Ward,Jonathan,Ward,RB,PIT,"$4,000","$4,000",0,,,,,,,,,,,,,0.0,0.0,0.0,0.0,0.0,0.0,0.0,0.0,0.0,0.0,0.0,0.0,0.0,0.0,0.0
2024,8,4428718,Tre Tucker,Tre,Tucker,RB,LV,,,,,,,,,,,,,,,,5.21,8.23,6.72,,,,3.02,37.05,0.16,,,,,,
2024,8,4039607,J.J. Taylor,J.J.,Taylor,RB,HOU,,,,,,,,,,,,,,,,0.0,0.0,0.0,0.0,0.0,0.0,0.0,0.0,0.0,,,,,,
2024,8,4061956,Ashton Dulin,Ashton,Dulin,RB,IND,,,,,,,,,,,,,,,,0.99,1.45,1.22,,,,0.46,5.64,0.04,,,,,,
2024,8,4421446,Craig Reynolds,Craig,Reynolds,RB,DET,"$4,200","$4,200",0,,,,,,,,,,,,,0.22,0.39,0.3,0.08,0.67,0.0,0.17,1.31,0.0,0.2,0.2,0.2,0.2,0.2,0.2
2024,8,4430968,Kimani Vidal,Kimani,Vidal,RB,LAC,"$4,000","$4,000",0,2,1,0.5,0,12.5%,0,0,0%,0,0,0,0.0%,4.34,5.46,4.9,5.26,23.87,0.16,1.12,8.25,0.04,12.4,12.4,12.4,12.4,12.4,12.4
2024,8,16002,Kyle Juszczyk,Kyle,Juszczyk,RB,SF,"$4,300","$4,400",-100,1,6,6.0,1,2.5%,1,1,100.0%,-3,-3.0,0,25.0%,2.06,3.4,2.73,0.7,2.94,0.03,1.34,12.18,0.07,1.1,1.1,1.1,1.1,1.1,1.1
2024,8,4431453,Deuce Vaughn,Deuce,Vaughn,RB,DAL,"$4,000",-,-,1,3,3.0,0,11.1%,0,0,0%,0,0,0,0.0%,0.72,0.94,0.83,0.0,3.74,0.03,0.22,1.7,0.0,1.2,1.2,1.2,1.2,1.2,1.2
2024,8,4372071,Hassan Haskins,Hassan,Haskins,RB,LAC,"$4,500","$4,100",+400,,,,,,,,,,,,,0.92,1.04,0.98,1.76,6.65,0.03,0.12,0.81,0.0,0.1,0.1,0.1,0.1,0.1,0.1
2024,8,4569587,Wan'Dale Robinson,Wan'Dale,Robinson,RB,NYG,,,,,,,,,,,,,,,,5.95,11.04,8.5,,,,5.09,47.73,0.19,,,,,,
2024,8,4695404,Isaiah Davis,Isaiah,Davis,RB,NYJ,"$4,900","$4,600",+300,,,,,,,,,,,,,0.27,0.35,0.31,0.0,1.47,0.01,0.09,0.62,0.0,0.3,0.3,0.3,0.3,0.3,0.3
2024,8,3046779,Jared Goff,Jared,Goff,RB,DET,,,,,,,,,,,,,,,,15.78,15.78,15.78,,,,,,,,,,,,
2024,8,4248068,Aaron Shampklin,Aaron,Shampklin,RB,PIT,"$4,200","$4,200",0,1,-2,-2.0,0,3.6%,0,0,0%,0,0,0,0.0%,0.23,0.31,0.27,0.08,1.05,0.01,0.08,0.62,0.0,0.1,0.1,0.1,0.1,0.1,0.1
2024,8,4367567,Julius Chestnut,Julius,Chestnut,RB,TEN,"$4,300","$4,500",-200,2,7,3.5,0,12.5%,0,0,0%,0,0,0,0.0%,1.04,1.1,1.07,1.81,7.76,0.04,0.06,0.53,0.0,0.4,0.4,0.4,0.4,0.4,0.4
2024,8,4429001,Jase McClellan,Jase,McClellan,RB,ATL,"$4,200","$4,000",+200,,,,,,,,,,,,,0.29,0.41,0.35,0.21,1.15,0.0,0.12,0.9,0.01,0.1,0.1,0.1,0.1,0.1,0.1
2024,8,4686472,Marvin Mims Jr.,Marvin,Mims Jr.,RB,DEN,,,,,,,,,,,,,,,,2.31,3.55,2.93,,,,1.24,16.61,0.1,,,,,,
2024,8,4035886,Khalil Herbert,Khalil,Herbert,RB,CHI,"$4,500",-,-,4,5,1.3,1,16.0%,0,0,0%,0,0,0,0%,0.32,0.44,0.38,0.07,1.07,0.01,0.12,0.89,0.01,5.7,5.7,5.7,5.7,5.7,5.7
2024,8,4037457,Travis Homer,Travis,Homer,RB,CHI,"$4,000",-,-,,,,,,,,,,,,,0.17,0.27,0.22,0.07,0.78,0.0,0.1,0.74,0.0,0.1,0.1,0.1,0.1,0.1,0.1
2024,8,4039358,Patrick Taylor Jr.,Patrick,Taylor Jr.,RB,SF,,,,,,,,,,,,,,,,0.1,0.17,0.13,0.0,0.46,0.0,0.07,0.54,0.0,0.1,0.1,0.1,0.1,0.1,0.1
2024,8,4243004,Jordan Mims,Jordan,Mims,RB,NO,"$4,000","$4,100",-100,,,,,,,,,,,,,0.45,0.53,0.49,0.0,2.14,0.03,0.09,0.52,0.0,0.0,0.0,0.0,0.0,0.0,0.0
2024,8,4427391,Kenny McIntosh,Kenny,McIntosh,RB,SEA,"$4,100","$4,200",-100,,,,,,,,,,,,,0.19,0.26,0.23,0.0,1.44,0.0,0.07,0.49,0.0,0.2,0.2,0.2,0.2,0.2,0.2
2024,8,4430034,Xavier Legette,Xavier,Legette,RB,CAR,,,,,,,,,,,,,,,,5.53,9.28,7.41,,,,3.76,42.16,0.2,,,,,,
2024,8,4429023,MarShawn Lloyd,MarShawn,Lloyd,RB,GB,"$4,000","$4,000",0,,,,,,,,,,,,,0.9,1.25,1.07,0.89,3.8,0.03,0.36,2.47,0.02,8.2,8.2,8.2,8.2,8.2,8.2
2024,8,4431545,Will Shipley,Will,Shipley,RB,PHI,"$4,200","$4,300",-100,,,,,,,,,,,,,0.2,0.29,0.24,0.17,0.91,0.0,0.09,0.67,0.0,2.0,2.0,2.0,2.0,2.0,2.0
2024,8,4432773,Brian Thomas Jr.,Brian,Thomas Jr.,RB,JAX,,,,,,,,,,,,,,,,9.08,13.77,11.43,,,,4.69,65.79,0.4,,,,,,
2024,8,4383396,Hunter Luepke,Hunter,Luepke,RB,DAL,"$4,400",-,-,1,4,4.0,0,11.1%,0,0,0%,0,0,0,0.0%,1.08,1.77,1.43,0.76,3.27,0.02,0.69,5.03,0.03,0.1,0.1,0.1,0.1,0.1,0.1
2024,8,4597500,Adonai Mitchell,Adonai,Mitchell,RB,IND,,,,,,,,,,,,,,,,3.31,5.2,4.25,,,,1.89,24.41,0.13,,,,,,
2024,8,3116407,Mason Rudolph,Mason,Rudolph,RB,TEN,,,,,,,,,,,,,,,,12.54,12.54,12.54,,,,,,,,,,,,
2024,8,3924327,Drew Lock,Drew,Lock,RB,NYG,,,,,,,,,,,,,,,,0.12,0.12,0.12,,,,,,,,,,,,
2024,8,4361409,Jahan Dotson,Jahan,Dotson,RB,PHI,,,,,,,,,,,,,,,,2.11,3.4,2.75,,,,1.29,15.41,0.1,,,,,,
2024,8,4427600,Terrell Jennings,Terrell,Jennings,RB,NE,"$4,000","$4,000",0,1,-1,-1.0,0,5.3%,0,0,0%,0,0,0,0.0%,0.0,0.0,0.0,0.0,0.0,0.0,0.0,0.0,0.0,0.0,0.0,0.0,0.0,0.0,0.0
2024,8,2973405,Kalif Raymond,Kalif,Raymond,RB,DET,,,,,,,,,,,,,,,,3.61,5.62,4.62,,,,2.01,25.34,0.17,,,,,,
2024,8,2976212,Stefon Diggs,Stefon,Diggs,RB,HOU,,,,,,,,,,,,,,,,9.49,15.31,12.4,,,,5.82,69.1,0.44,,,,,,
2024,8,4426515,Puka Nacua,Puka,Nacua,RB,LAR,,,,,,,,,,,,,,,,6.13,9.39,7.76,,,,3.26,43.98,0.24,,,,,,
2024,8,4432665,Brock Bowers,Brock,Bowers,RB,LV,,,,,,,,,,,,,,,,,,,,,,,,,,,,,,
2024,8,4035693,Velus Jones Jr.,Velus,Jones Jr.,RB,CHI,,,,,,,,,,,,,,,,0.0,0.0,0.0,,,,0.0,0.0,0.0,,,,,,0.1
2024,8,4362628,Ja'Marr Chase,Ja'Marr,Chase,RB,CIN,,,,,,,,,,,,,,,,11.8,18.02,14.91,,,,6.23,83.14,0.57,,,,,,
2024,8,4430834,Jalen McMillan,Jalen,McMillan,RB,TB,,,,,,,,,,,,,,,,6.92,10.84,8.88,,,,3.93,49.55,0.32,,,,,,
2024,8,4589248,Tyreik McAllister,Tyreik,McAllister,RB,LV,,,,1,10,10.0,0,7.1%,0,0,0%,0,0,0,0.0%,0.35,0.61,0.48,0.0,0.95,0.0,0.26,2.54,0.0,0.0,0.0,0.0,0.0,0.0,0.0
2024,8,2977187,Cooper Kupp,Cooper,Kupp,RB,LAR,,,,,,,,,,,,,,,,9.16,15.02,12.09,,,,5.86,69.25,0.35,,,,,,
2024,8,3045169,Tim Boyle,Tim,Boyle,RB,MIA,,,,,,,,,,,,,,,,0.06,0.06,0.06,,,,,,,,,,,,
2024,8,3917668,Alec Ingold,Alec,Ingold,RB,MIA,"$4,100","$4,100",0,2,2,1.0,1,11.1%,1,1,100.0%,6,6.0,0,20.0%,0.78,1.18,0.98,0.52,2.17,0.03,0.4,3.17,0.02,0.1,0.1,0.1,0.1,0.1,0.1
2024,8,4012556,C.J. Ham,C.J.,Ham,RB,MIN,,,,,,,,,,,,,,,,0.24,0.42,0.33,0.13,0.54,0.0,0.18,1.24,0.01,,,,,,
2024,8,4039050,Devin Duvernay,Devin,Duvernay,RB,JAX,,,,,,,,,,,,,,,,,,,,,,,,,,,,,,
2024,8,4427095,DeMario Douglas,DeMario,Douglas,RB,NE,,,,,,,,,,,,,,,,5.81,9.82,7.82,,,,4.01,46.12,0.2,,,,,,
2024,8,3915416,DJ Moore,DJ,Moore,RB,CHI,,,,,,,,,,,,,,,,9.09,14.24,11.66,,,,5.15,67.08,0.4,,,,,,
2024,8,4243322,Jake Haener,Jake,Haener,RB,NO,,,,,,,,,,,,,,,,0.12,0.12,0.12,,,,,,,,,,,,
2024,8,14163,Tyrod Taylor,Tyrod,Taylor,RB,NYJ,,,,,,,,,,,,,,,,0.13,0.13,0.13,,,,,,,,,,,,
2024,8,3139033,Mike Boone,Mike,Boone,RB,CAR,"$4,000","$4,000",0,,,,,,,,,,,,,0.0,0.0,0.0,0.0,0.0,0.0,0.0,0.0,0.0,0.0,0.0,0.0,0.0,0.0,0.0
2024,8,4360797,Tutu Atwell,Tutu,Atwell,RB,LAR,,,,,,,,,,,,,,,,4.32,6.74,5.53,,,,2.42,32.11,0.16,,,,,,
2024,8,4361370,Chris Olave,Chris,Olave,RB,NO,,,,,,,,,,,,,,,,7.27,11.85,9.56,,,,4.59,58.1,0.26,,,,,,
2024,8,4372016,Jaylen Waddle,Jaylen,Waddle,RB,MIA,,,,,,,,,,,,,,,,8.48,13.2,10.84,,,,4.72,65.12,0.32,,,,,,
2024,8,4429205,Jordan Addison,Jordan,Addison,RB,MIN,,,,,,,,,,,,,,,,6.91,10.62,8.76,,,,3.72,50.23,0.32,,,,,,
2024,8,3121427,Curtis Samuel,Curtis,Samuel,RB,BUF,,,,,,,,,,,,,,,,0.0,0.0,0.0,,,,0.0,0.0,0.0,,,,,,
2024,8,3932905,Diontae Johnson,Diontae,Johnson,RB,CAR,,,,,,,,,,,,,,,,,,,,,,,,,,,,,,
2024,8,4426485,Jonathan Mingo,Jonathan,Mingo,RB,CAR,,,,,,,,,,,,,,,,2.36,4.19,3.28,,,,1.83,20.26,0.06,,,,,,
2024,8,4431280,Troy Franklin,Troy,Franklin,RB,DEN,,,,,,,,,,,,,,,,5.08,7.95,6.52,,,,2.87,35.4,0.23,,,,,,
2024,8,4569618,Garrett Wilson,Garrett,Wilson,RB,NYJ,,,,,,,,,,,,,,,,9.19,14.37,11.78,,,,5.18,65.9,0.44,,,,,,
2024,8,4912274,Sione Vaki,Sione,Vaki,RB,DET,"$4,000","$4,000",0,,,,,,,,,,,,,0.34,0.51,0.42,0.16,1.65,0.0,0.17,1.32,0.0,0.1,0.1,0.1,0.1,0.1,0.1
2024,8,4036419,Skylar Thompson,Skylar,Thompson,RB,MIA,,,,,,,,,,,,,,,,0.0,0.0,0.0,,,,,,,,,,,,
2024,8,4037235,Greg Dortch,Greg,Dortch,RB,ARI,,,,,,,,,,,,,,,,3.01,5.2,4.11,,,,2.19,21.68,0.14,,,,,,
2024,8,4429025,Quentin Johnston,Quentin,Johnston,RB,LAC,,,,,,,,,,,,,,,,7.1,10.25,8.67,,,,3.15,46.16,0.38,,,,,,
2024,8,14881,Russell Wilson,Russell,Wilson,RB,PIT,,,,,,,,,,,,,,,,14.55,14.55,14.55,,,,,,,,,,,,
2024,8,3676833,KaVontae Turpin,KaVontae,Turpin,RB,DAL,,,,,,,,,,,,,,,,3.29,5.0,4.15,,,,1.71,19.55,0.14,,,,,,
2024,8,3916433,Jakobi Meyers,Jakobi,Meyers,RB,LV,,,,,,,,,,,,,,,,6.31,10.83,8.57,,,,4.53,49.42,0.23,,,,,,
2024,8,4262921,Justin Jefferson,Justin,Jefferson,RB,MIN,,,,,,,,,,,,,,,,12.76,18.86,15.81,,,,6.1,91.51,0.59,,,,,,
2024,8,4382466,Jalen Nailor,Jalen,Nailor,RB,MIN,,,,,,,,,,,,,,,,4.26,6.6,5.43,,,,2.33,30.18,0.19,,,,,,
2024,8,16731,Brandin Cooks,Brandin,Cooks,RB,DAL,,,,,,,,,,,,,,,,,,,,,,,,,,,,,,
2024,8,2969939,Jameis Winston,Jameis,Winston,RB,CLE,,,,,,,,,,,,,,,,14.43,14.43,14.43,,,,,,,,,,,,
2024,8,3116165,Chris Godwin,Chris,Godwin,RB,TB,,,,,,,,,,,,,,,,,,,,,,,,,,,,,,
2024,8,3121422,Terry McLaurin,Terry,McLaurin,RB,WSH,,,,,,,,,,,,,,,,8.52,13.65,11.08,,,,5.14,63.33,0.36,,,,,,
2024,8,4241263,Charlie Kolar,Charlie,Kolar,RB,BAL,,,,,,,,,,,,,,,,,,,,,,,,,,,,,,
2024,8,4373273,British Brooks,British,Brooks,RB,HOU,"$4,000","$4,000",0,,,,,,,,,,,,,0.0,0.0,0.0,0.0,0.0,0.0,0.0,0.0,0.0,0.0,0.0,0.0,0.0,0.0,0.0
2024,8,4373678,Khalil Shakir,Khalil,Shakir,RB,BUF,,,,,,,,,,,,,,,,6.7,10.79,8.75,,,,4.1,48.77,0.3,,,,,,
2024,8,4431299,Rome Odunze,Rome,Odunze,RB,CHI,,,,,,,,,,,,,,,,6.0,9.29,7.64,,,,3.29,43.5,0.27,,,,,,
2024,8,4572680,Tucker Kraft,Tucker,Kraft,RB,GB,,,,,,,,,,,,,,,,,,,,,,,,,,,,,,
2024,8,15847,Travis Kelce,Travis,Kelce,RB,KC,,,,,,,,,,,,,,,,,,,,,,,,,,,,,,
2024,8,2972515,Cooper Rush,Cooper,Rush,RB,DAL,,,,,,,,,,,,,,,,0.13,0.13,0.13,,,,,,,,,,,,
2024,8,3044729,Jalen Reeves-Maybin,Jalen,Reeves-Maybin,RB,DET,,,,,,,,,,,,,,,,,,,,,,,,,,,,,,
2024,8,4243160,Laviska Shenault Jr.,Laviska,Shenault Jr.,RB,SEA,,,,,,,,,,,,,,,,1.7,2.73,2.22,,,,1.03,11.21,0.06,,,,,,
2024,8,4428331,Rashee Rice,Rashee,Rice,RB,KC,,,,,,,,,,,,,,,,,,,,,,,,,,,,,,
2024,8,4567156,Treylon Burks,Treylon,Burks,RB,TEN,,,,,,,,,,,,,,,,,,,,,,,,,,,,,,
2024,8,4685232,Jaden Hicks,Jaden,Hicks,RB,KC,,,,,,,,,,,,,,,,,,,,,,,,,,,,,,
2024,8,3059989,Nick Mullens,Nick,Mullens,RB,MIN,,,,,,,,,,,,,,,,0.18,0.18,0.18,,,,,,,,,,,,
2024,8,3917960,Steven Sims,Steven,Sims,RB,HOU,,,,,,,,,,,,,,,,,,,,,,,,,,,,,,
2024,8,3931395,Jake Bailey,Jake,Bailey,RB,MIA,,,,,,,,,,,,,,,,,,,,,,,,,,,,,,
2024,8,4366963,Dylan Laube,Dylan,Laube,RB,LV,"$4,000","$4,000",0,,,,,,,,,,,,,0.18,0.3,0.24,0.13,0.79,0.0,0.11,0.86,0.0,1.4,1.4,1.4,1.4,1.4,1.4
2024,8,4430637,Ja'Lynn Polk,Ja'Lynn,Polk,RB,NE,,,,,,,,,,,,,,,,3.1,5.05,4.07,,,,1.95,23.56,0.13,,,,,,
2024,8,4595348,Malik Nabers,Malik,Nabers,RB,NYG,,,,,,,,,,,,,,,,10.19,16.36,13.28,,,,6.17,76.02,0.42,,,,,,
2024,8,5097554,Kameron Johnson,Kameron,Johnson,RB,TB,,,,,,,,,,,,,,,,0.43,0.7,0.57,,,,0.27,3.11,0.02,,,,,,
2024,8,2574511,Brandon Allen,Brandon,Allen,RB,SF,,,,,,,,,,,,,,,,0.0,0.0,0.0,,,,,,,,,,,,
2024,8,3054212,Jonnu Smith,Jonnu,Smith,RB,MIA,,,,,,,,,,,,,,,,,,,,,,,,,,,,,,
2024,8,3886818,Myles Gaskin,Myles,Gaskin,RB,MIN,"$4,300","$4,400",-100,1,0,0.0,0,5.6%,0,0,0%,0,0,0,0.0%,,,,,,,,,,0.0,0.0,0.0,0.0,0.0,0.0
2024,8,4240858,Hendon Hooker,Hendon,Hooker,RB,DET,,,,,,,,,,,,,,,,0.11,0.11,0.11,,,,,,,,,,,,
2024,8,4241802,Jalen Reagor,Jalen,Reagor,RB,LAC,,,,,,,,,,,,,,,,0.0,0.0,0.0,,,,0.0,0.0,0.0,,,,,,
2024,8,4688813,Josh Downs,Josh,Downs,RB,IND,,,,,,,,,,,,,,,,5.64,9.57,7.61,,,,3.93,43.03,0.22,,,,,,
2024,8,3892775,Jarrett Stidham,Jarrett,Stidham,RB,DEN,,,,,,,,,,,,,,,,0.0,0.0,0.0,,,,,,,,,,,,
2024,8,4034946,Kyle Trask,Kyle,Trask,RB,TB,,,,,,,,,,,,,,,,0.12,0.12,0.12,,,,,,,,,,,,
2024,8,3039707,Mitchell Trubisky,Mitchell,Trubisky,RB,BUF,,,,,,,,,,,,,,,,0.12,0.12,0.12,,,,,,,,,,,,
2024,8,4243331,Cade Otton,Cade,Otton,RB,TB,,,,,,,,,,,,,,,,,,,,,,,,,,,,,,
2024,8,4248528,Christian Watson,Christian,Watson,RB,GB,,,,,,,,,,,,,,,,6.43,9.55,7.99,,,,3.13,43.95,0.32,,,,,,
2024,8,4360175,Clayton Tune,Clayton,Tune,RB,ARI,,,,,,,,,,,,,,,,0.11,0.11,0.11,,,,,,,,,,,,
2024,8,4369863,Cedric Tillman,Cedric,Tillman,RB,CLE,,,,,,,,,,,,,,,,6.04,9.27,7.65,,,,3.23,46.27,0.23,,,,,,
2024,8,12483,Matthew Stafford,Matthew,Stafford,RB,LAR,,,,,,,,,,,,,,,,13.77,13.77,13.77,,,,,,,,,,,,
2024,8,4434153,Tyson Bagent,Tyson,Bagent,RB,CHI,,,,,,,,,,,,,,,,0.15,0.15,0.15,,,,,,,,,,,,
2024,8,14880,Kirk Cousins,Kirk,Cousins,RB,ATL,,,,,,,,,,,,,,,,16.05,16.05,16.05,,,,,,,,,,,,
2024,8,4426354,George Pickens,George,Pickens,RB,PIT,,,,,,,,,,,,,,,,9.17,13.85,11.51,,,,4.68,66.72,0.43,,,,,,
