year,week,player_id,player,firstName,lastName,position,team,This Week Salary,Last Week Salary,Salary Differential,red_zone_rec_rec,red_zone_rec_tgt,red_zone_rec_pct,red_zone_rec_yds,red_zone_rec_y/r,red_zone_rec_td,red_zone_rec_tgt_pct,projected_points,projected_points_ppr,projected_points_half,projected_receptions,projected_reception_yards,projected_reception_tds,wk6 %rostered,wk5 %rostered,wk4 %rostered,wk3 %rostered,wk2 %rostered,wk1 %rostered
2024,8,4262921,Justin Jefferson,Justin,Jefferson,WR,MIN,"$9,300","$9,400",-100,4,5,80.0%,32,8.0,3,50.0%,12.76,18.86,15.81,6.1,91.51,0.59,99.8,99.8,99.8,99.8,99.8,99.8
2024,8,4362628,Ja'Marr Chase,Ja'Marr,Chase,WR,CIN,,,,,,,,,,,11.8,18.02,14.91,6.23,83.14,0.57,,,,,,
2024,8,3116165,Chris Godwin,Chris,Godwin,WR,TB,"$7,700","$7,500",+200,7,7,100.0%,47,6.7,3,35.0%,,,,,,,61.0,61.0,61.0,61.0,61.0,61.0
2024,8,4047650,DK Metcalf,DK,Metcalf,WR,SEA,"$8,300","$8,100",+200,2,6,33.3%,11,5.5,0,28.6%,0.0,0.0,0.0,0.0,0.0,0.0,98.1,98.1,98.1,98.1,98.1,98.1
2024,8,4258173,Nico Collins,Nico,Collins,WR,HOU,"$4,000","$4,000",0,1,7,14.3%,3,3.0,1,38.9%,,,,,,,98.3,98.3,98.3,98.3,98.3,98.3
2024,8,4432773,Brian Thomas Jr.,Brian,Thomas Jr.,WR,JAX,,,,,,,,,,,9.08,13.77,11.43,4.69,65.79,0.4,90.7,90.7,90.7,90.7,90.7,90.7
2024,8,4426502,Drake London,Drake,London,WR,ATL,"$7,900","$7,500",+400,10,12,83.3%,83,8.3,5,63.2%,10.37,16.39,13.38,6.02,74.31,0.51,99.2,99.2,99.2,99.2,99.2,99.2
2024,8,4432665,Brock Bowers,Brock,Bowers,WR,LV,,,,,,,,,,,,,,,,,,,,,,
2024,8,4426354,George Pickens,George,Pickens,WR,PIT,"$6,000","$6,000",0,3,10,30.0%,30,10.0,1,66.7%,9.17,13.85,11.51,4.68,66.72,0.43,93.9,93.9,93.9,93.9,93.9,93.9
2024,8,4241389,CeeDee Lamb,CeeDee,Lamb,WR,DAL,"$9,100",-,-,2,6,33.3%,11,5.5,0,35.3%,11.36,17.66,14.51,6.3,81.88,0.44,99.8,99.8,99.8,99.8,99.8,99.8
2024,8,4569618,Garrett Wilson,Garrett,Wilson,WR,NYJ,"$7,400","$7,400",0,8,14,57.1%,41,5.1,3,51.9%,9.19,14.37,11.78,5.18,65.9,0.44,99.5,99.5,99.5,99.5,99.5,99.5
2024,8,3121422,Terry McLaurin,Terry,McLaurin,WR,WSH,"$7,000","$7,200",-200,4,5,80.0%,26,6.5,3,35.7%,8.52,13.65,11.08,5.14,63.33,0.36,93.6,93.6,93.6,93.6,93.6,93.6
2024,8,4362249,Jayden Reed,Jayden,Reed,WR,GB,"$8,100","$7,600",+500,3,4,75.0%,22,7.3,2,21.1%,9.72,14.54,12.13,4.82,61.63,0.42,94.7,94.7,94.7,94.7,94.7,94.7
2024,8,4595348,Malik Nabers,Malik,Nabers,WR,NYG,"$8,300","$8,300",0,4,6,66.7%,11,2.8,3,33.3%,10.19,16.36,13.28,6.17,76.02,0.42,98.5,98.5,98.5,98.5,98.5,98.5
2024,8,2976212,Stefon Diggs,Stefon,Diggs,WR,HOU,"$8,500","$8,600",-100,5,5,100.0%,34,6.8,3,27.8%,9.49,15.31,12.4,5.82,69.1,0.44,98.7,98.7,98.7,98.7,98.7,98.7
2024,8,4040655,Darnell Mooney,Darnell,Mooney,WR,ATL,"$6,300","$6,300",0,2,5,40.0%,16,8.0,1,26.3%,7.83,12.23,10.03,4.41,57.53,0.35,72.1,72.1,72.1,72.1,72.1,72.1
2024,8,3128390,Allen Lazard,Allen,Lazard,WR,NYJ,"$5,100","$5,700",-600,5,10,50.0%,38,7.6,3,37.0%,2.29,3.54,2.92,1.25,16.05,0.12,42.8,42.8,42.8,42.8,42.8,42.8
2024,8,4429615,Zay Flowers,Zay,Flowers,WR,BAL,"$7,100","$7,200",-100,1,3,33.3%,8,8.0,1,50.0%,9.22,14.19,11.71,4.97,63.01,0.41,95.8,95.8,95.8,95.8,95.8,95.8
2024,8,3886598,Jauan Jennings,Jauan,Jennings,WR,SF,"$6,100","$5,300",+800,3,7,42.9%,25,8.3,2,28.0%,0.0,0.0,0.0,0.0,0.0,0.0,69.7,69.7,69.7,69.7,69.7,69.7
2024,8,4374302,Amon-Ra St. Brown,Amon-Ra,St. Brown,WR,DET,,,,,,,,,,,11.01,17.71,14.36,6.7,78.33,0.54,,,,,,
2024,8,4360939,Rashod Bateman,Rashod,Bateman,WR,BAL,"$5,700","$5,500",+200,3,3,100.0%,32,10.7,2,50.0%,5.1,7.65,6.38,2.54,36.14,0.25,36.7,36.7,36.7,36.7,36.7,36.7
2024,8,2577327,Tyler Lockett,Tyler,Lockett,WR,SEA,"$6,100","$5,800",+300,2,7,28.6%,15,7.5,1,33.3%,7.85,12.92,10.39,5.07,59.14,0.34,70.5,70.5,70.5,70.5,70.5,70.5
2024,8,4360078,Alec Pierce,Alec,Pierce,WR,IND,"$5,800","$5,700",+100,1,1,100.0%,4,4.0,1,5.3%,4.11,5.99,5.05,1.88,30.76,0.17,24.3,24.3,24.3,24.3,24.3,24.3
2024,8,3040151,George Kittle,George,Kittle,WR,SF,,,,,,,,,,,,,,,,,,,,,,
2024,8,4360438,Brandon Aiyuk,Brandon,Aiyuk,WR,SF,"$4,000","$6,800","-2,800",3,6,50.0%,34,11.3,0,24.0%,,,,,,,67.2,67.2,67.2,67.2,67.2,67.2
2024,8,4426388,Jameson Williams,Jameson,Williams,WR,DET,"$5,900","$6,500",-600,2,5,40.0%,10,5.0,0,31.3%,0.0,0.0,0.0,0.0,0.0,0.0,81.2,81.2,81.2,81.2,81.2,81.2
2024,8,3932905,Diontae Johnson,Diontae,Johnson,WR,CAR,"$6,800","$7,100",-300,3,11,27.3%,18,6.0,2,61.1%,,,,,,,87.1,87.1,87.1,87.1,87.1,87.1
2024,8,4360797,Tutu Atwell,Tutu,Atwell,WR,LAR,"$5,600","$5,800",-200,1,2,50.0%,8,8.0,0,13.3%,4.32,6.74,5.53,2.42,32.11,0.16,18.8,18.8,18.8,18.8,18.8,18.8
2024,8,4032473,Rashid Shaheed,Rashid,Shaheed,WR,NO,"$4,000","$6,800","-2,800",2,4,50.0%,5,2.5,0,40.0%,,,,,,,37.4,37.4,37.4,37.4,37.4,37.4
2024,8,4239993,Tee Higgins,Tee,Higgins,WR,CIN,"$7,500","$7,800",-300,4,6,66.7%,37,9.3,2,27.3%,9.89,15.24,12.56,5.35,72.72,0.46,94.7,94.7,94.7,94.7,94.7,94.7
2024,8,4035687,Michael Pittman Jr.,Michael,Pittman Jr.,WR,IND,,,,,,,,,,,6.28,10.39,8.33,4.11,50.0,0.23,91.1,91.1,91.1,91.1,91.1,91.1
2024,8,16737,Mike Evans,Mike,Evans,WR,TB,"$8,400","$8,200",+200,4,8,50.0%,22,5.5,4,40.0%,,,,,,,97.8,97.8,97.8,97.8,97.8,97.8
2024,8,3126486,Deebo Samuel Sr.,Deebo,Samuel Sr.,WR,SF,,,,,,,,,,,10.89,15.36,13.12,4.46,66.03,0.36,98.4,98.4,98.4,98.4,98.4,98.4
2024,8,4360248,Kyle Pitts,Kyle,Pitts,WR,ATL,,,,,,,,,,,,,,,,,,,,,,
2024,8,4635008,Keon Coleman,Keon,Coleman,WR,BUF,"$5,600","$5,900",-300,2,6,33.3%,13,6.5,0,42.9%,5.55,8.38,6.96,2.83,40.62,0.26,53.7,53.7,53.7,53.7,53.7,53.7
2024,8,4047646,A.J. Brown,A.J.,Brown,WR,PHI,,,,,,,,,,,10.85,16.47,13.66,5.63,80.19,0.49,,,,,,
2024,8,4361307,Trey McBride,Trey,McBride,WR,ARI,,,,,,,,,,,,,,,,,,,,,,
2024,8,3895856,Christian Kirk,Christian,Kirk,WR,JAX,"$5,900","$6,100",-200,2,5,40.0%,18,9.0,1,22.7%,5.98,9.58,7.78,3.6,44.83,0.26,76.3,76.3,76.3,76.3,76.3,76.3
2024,8,4430878,Jaxon Smith-Njigba,Jaxon,Smith-Njigba,WR,SEA,,,,,,,,,,,8.14,13.69,10.92,5.55,61.12,0.36,85.7,85.7,85.7,85.7,85.7,85.7
2024,8,2976499,Amari Cooper,Amari,Cooper,WR,BUF,"$7,100","$6,100","+1,000",3,4,75.0%,28,9.3,2,25.0%,8.41,12.72,10.57,4.32,60.14,0.41,94.8,94.8,94.8,94.8,94.8,94.8
2024,8,3915416,DJ Moore,DJ,Moore,WR,CHI,"$6,600",-,-,5,9,55.6%,24,4.8,1,42.9%,9.09,14.24,11.66,5.15,67.08,0.4,96.7,96.7,96.7,96.7,96.7,96.7
2024,8,4373678,Khalil Shakir,Khalil,Shakir,WR,BUF,"$5,800","$6,200",-400,3,3,100.0%,22,7.3,1,21.4%,6.7,10.79,8.75,4.1,48.77,0.3,68.6,68.6,68.6,68.6,68.6,68.6
2024,8,3046439,Hunter Henry,Hunter,Henry,WR,NE,,,,,,,,,,,,,,,,,,,,,,
2024,8,3916945,Darius Slayton,Darius,Slayton,WR,NYG,"$6,000","$6,000",0,0,2,0.0%,0,0,0,11.1%,4.5,7.19,5.85,2.69,34.61,0.18,14.6,14.6,14.6,14.6,14.6,14.6
2024,8,4361432,Romeo Doubs,Romeo,Doubs,WR,GB,"$6,100","$6,000",+100,5,6,83.3%,54,10.8,2,31.6%,7.07,11.26,9.16,4.19,49.73,0.37,64.6,64.6,64.6,64.6,64.6,64.6
2024,8,4427366,Breece Hall,Breece,Hall,WR,NYJ,,,,,,,,,,,15.22,19.45,17.34,4.23,32.47,0.18,,,,,,
2024,8,4569587,Wan'Dale Robinson,Wan'Dale,Robinson,WR,NYG,,,,,,,,,,,5.95,11.04,8.5,5.09,47.73,0.19,,,,,,
2024,8,3121023,Dallas Goedert,Dallas,Goedert,WR,PHI,,,,,,,,,,,,,,,,,,,,,,
2024,8,4241478,DeVonta Smith,DeVonta,Smith,WR,PHI,"$7,300","$7,700",-400,2,4,50.0%,18,9.0,1,40.0%,8.11,13.06,10.58,4.95,60.36,0.36,96.7,96.7,96.7,96.7,96.7,96.7
2024,8,4432708,Marvin Harrison Jr.,Marvin,Harrison Jr.,WR,ARI,,,,,,,,,,,8.01,12.2,10.11,4.2,57.55,0.39,98.3,98.3,98.3,98.3,98.3,98.3
2024,8,3116406,Tyreek Hill,Tyreek,Hill,WR,MIA,"$7,600","$7,900",-300,1,4,25.0%,10,10.0,0,33.3%,12.24,18.54,15.39,6.3,88.34,0.52,99.7,99.7,99.7,99.7,99.7,99.7
2024,8,4249417,Jalen Tolbert,Jalen,Tolbert,WR,DAL,"$6,000",-,-,3,5,60.0%,23,7.7,2,29.4%,5.69,9.04,7.37,3.35,42.2,0.25,20.8,20.8,20.8,20.8,20.8,20.8
2024,8,4258595,Cole Kmet,Cole,Kmet,WR,CHI,,,,,,,,,,,,,,,,,,,,,,
2024,8,4428331,Rashee Rice,Rashee,Rice,WR,KC,"$4,000","$4,000",0,2,2,100.0%,10,5.0,1,15.4%,,,,,,,42.2,42.2,42.2,42.2,42.2,42.2
2024,8,4361370,Chris Olave,Chris,Olave,WR,NO,"$6,700","$6,900",-200,3,3,100.0%,48,16.0,1,30.0%,7.27,11.85,9.56,4.59,58.1,0.26,96.1,96.1,96.1,96.1,96.1,96.1
2024,8,3128429,Courtland Sutton,Courtland,Sutton,WR,DEN,"$5,600","$5,700",-100,3,9,33.3%,33,11.0,2,56.3%,7.0,10.83,8.92,3.83,49.94,0.35,73.4,73.4,73.4,73.4,73.4,73.4
2024,8,3916433,Jakobi Meyers,Jakobi,Meyers,WR,LV,"$5,800","$5,800",0,3,5,60.0%,26,8.7,1,29.4%,6.31,10.83,8.57,4.53,49.42,0.23,57.7,57.7,57.7,57.7,57.7,57.7
2024,8,4372016,Jaylen Waddle,Jaylen,Waddle,WR,MIA,"$5,900","$6,200",-300,2,4,50.0%,17,8.5,0,33.3%,8.48,13.2,10.84,4.72,65.12,0.32,91.8,91.8,91.8,91.8,91.8,91.8
2024,8,4385690,Dalton Kincaid,Dalton,Kincaid,WR,BUF,,,,,,,,,,,,,,,,,,,,,,
2024,8,15835,Zach Ertz,Zach,Ertz,WR,WSH,,,,,,,,,,,,,,,,,,,,,,
2024,8,3728262,Ray-Ray McCloud III,Ray-Ray,McCloud III,WR,ATL,,,,,,,,,,,5.14,8.25,6.7,3.1,33.94,0.22,,,,,,
2024,8,4241463,Jerry Jeudy,Jerry,Jeudy,WR,CLE,"$6,000","$5,600",+400,2,6,33.3%,18,9.0,1,37.5%,6.83,10.88,8.85,4.05,53.45,0.26,53.7,53.7,53.7,53.7,53.7,53.7
2024,8,4612826,Ladd McConkey,Ladd,McConkey,WR,LAC,"$6,000","$5,800",+200,3,4,75.0%,25,8.3,2,33.3%,7.56,11.93,9.74,4.38,54.73,0.35,71.5,71.5,71.5,71.5,71.5,71.5
2024,8,4572680,Tucker Kraft,Tucker,Kraft,WR,GB,,,,,,,,,,,,,,,,,,,,,,
2024,8,4036131,Noah Fant,Noah,Fant,WR,SEA,,,,,,,,,,,,,,,,,,,,,,
2024,8,4243331,Cade Otton,Cade,Otton,WR,TB,,,,,,,,,,,,,,,,,,,,,,
2024,8,4427095,DeMario Douglas,DeMario,Douglas,WR,NE,"$5,100","$5,000",+100,0,1,0.0%,0,0,0,20.0%,5.81,9.82,7.82,4.01,46.12,0.2,27.1,27.1,27.1,27.1,27.1,27.1
2024,8,3054850,Alvin Kamara,Alvin,Kamara,WR,NO,,,,,,,,,,,12.57,16.74,14.65,4.18,31.83,0.12,,,,,,
2024,8,4360761,Michael Wilson,Michael,Wilson,WR,ARI,"$5,600","$5,900",-300,3,4,75.0%,26,8.7,2,36.4%,5.13,8.11,6.62,2.99,37.26,0.24,18.6,18.6,18.6,18.6,18.6,18.6
2024,8,4431299,Rome Odunze,Rome,Odunze,WR,CHI,"$5,500",-,-,2,5,40.0%,9,4.5,1,23.8%,6.0,9.29,7.64,3.29,43.5,0.27,65.6,65.6,65.6,65.6,65.6,65.6
2024,8,15847,Travis Kelce,Travis,Kelce,WR,KC,,,,,,,,,,,,,,,,,,,,,,
2024,8,4361411,Pat Freiermuth,Pat,Freiermuth,WR,PIT,,,,,,,,,,,,,,,,,,,,,,
2024,8,4688813,Josh Downs,Josh,Downs,WR,IND,"$6,200","$6,400",-200,4,7,57.1%,20,5.0,1,36.8%,5.64,9.57,7.61,3.93,43.03,0.22,42.4,42.4,42.4,42.4,42.4,42.4
2024,8,4242355,Jake Ferguson,Jake,Ferguson,WR,DAL,,,,,,,,,,,,,,,,,,,,,,
2024,8,16800,Davante Adams,Davante,Adams,WR,NYJ,"$7,800","$6,900",+900,1,5,20.0%,1,1.0,1,29.4%,9.51,14.99,12.25,5.48,66.08,0.5,99.2,99.2,99.2,99.2,99.2,99.2
2024,8,3054212,Jonnu Smith,Jonnu,Smith,WR,MIA,,,,,,,,,,,,,,,,,,,,,,
2024,8,3043116,Demarcus Robinson,Demarcus,Robinson,WR,LAR,"$5,400","$5,500",-100,1,4,25.0%,1,1.0,1,26.7%,3.89,6.22,5.06,2.33,30.22,0.15,24.2,24.2,24.2,24.2,24.2,24.2
2024,8,4429205,Jordan Addison,Jordan,Addison,WR,MIN,"$6,200","$6,300",-100,1,1,100.0%,6,6.0,0,10.0%,6.91,10.62,8.76,3.72,50.23,0.32,78.9,78.9,78.9,78.9,78.9,78.9
2024,8,4382466,Jalen Nailor,Jalen,Nailor,WR,MIN,"$5,400","$5,200",+200,2,3,66.7%,14,7.0,2,30.0%,4.26,6.6,5.43,2.33,30.18,0.19,9.5,9.5,9.5,9.5,9.5,9.5
2024,8,3042519,Aaron Jones,Aaron,Jones,WR,MIN,,,,,,,,,,,12.67,16.04,14.36,3.37,24.81,0.16,,,,,,
2024,8,3116365,Mark Andrews,Mark,Andrews,WR,BAL,,,,,,,,,,,,,,,,,,,,,,
2024,8,4428718,Tre Tucker,Tre,Tucker,WR,LV,"$5,600","$5,500",+100,2,2,100.0%,20,10.0,1,11.8%,5.21,8.23,6.72,3.02,37.05,0.16,13.3,13.3,13.3,13.3,13.3,13.3
2024,8,4361050,Isaiah Likely,Isaiah,Likely,WR,BAL,,,,,,,,,,,,,,,,,,,,,,
2024,8,4430027,Sam LaPorta,Sam,LaPorta,WR,DET,,,,,,,,,,,,,,,,,,,,,,
2024,8,4243537,Gabe Davis,Gabe,Davis,WR,JAX,"$5,800","$5,900",-100,4,10,40.0%,47,11.8,2,45.5%,5.81,8.66,7.24,2.85,39.65,0.32,28.7,28.7,28.7,28.7,28.7,28.7
2024,8,4038441,Justice Hill,Justice,Hill,WR,BAL,,,,,,,,,,,4.3,6.56,5.43,2.26,18.44,0.13,,,,,,
2024,8,4242557,Colby Parkinson,Colby,Parkinson,WR,LAR,,,,,,,,,,,,,,,,,,,,,,
2024,8,4243389,Calvin Austin III,Calvin,Austin III,WR,PIT,,,,,,,,,,,3.33,5.22,4.28,1.89,24.09,0.14,1.5,1.5,1.5,1.5,1.5,1.5
2024,8,3068267,Austin Ekeler,Austin,Ekeler,WR,WSH,,,,,,,,,,,6.81,9.47,8.14,2.67,22.11,0.12,,,,,,
2024,8,4430807,Bijan Robinson,Bijan,Robinson,WR,ATL,,,,,,,,,,,14.39,17.83,16.11,3.44,27.35,0.17,,,,,,
2024,8,4569382,Jordan Whittington,Jordan,Whittington,WR,LAR,"$5,500","$5,300",+200,0,1,0.0%,0,0,0,6.7%,,,,,,,10.5,10.5,10.5,10.5,10.5,10.5
2024,8,2977187,Cooper Kupp,Cooper,Kupp,WR,LAR,"$8,300","$8,000",+300,2,3,66.7%,13,6.5,1,20.0%,9.16,15.02,12.09,5.86,69.25,0.35,97.9,97.9,97.9,97.9,97.9,97.9
2024,8,3915486,Tyler Conklin,Tyler,Conklin,WR,NYJ,,,,,,,,,,,,,,,,,,,,,,
2024,8,4683062,Xavier Worthy,Xavier,Worthy,WR,KC,"$7,200","$7,300",-100,3,4,75.0%,14,4.7,0,30.8%,6.69,10.0,8.35,3.31,43.6,0.24,86.9,86.9,86.9,86.9,86.9,86.9
2024,8,4697815,Rachaad White,Rachaad,White,WR,TB,,,,,,,,,,,8.42,11.67,10.04,3.24,25.43,0.13,,,,,,
2024,8,4366031,Tank Dell,Tank,Dell,WR,HOU,"$6,900","$7,000",-100,3,6,50.0%,24,8.0,1,33.3%,8.25,12.61,10.43,4.35,59.79,0.33,91.2,91.2,91.2,91.2,91.2,91.2
2024,8,4429160,De'Von Achane,De'Von,Achane,WR,MIA,,,,,,,,,,,11.94,15.36,13.65,3.42,28.79,0.16,,,,,,
2024,8,4259545,D'Andre Swift,D'Andre,Swift,WR,CHI,,,,,,,,,,,12.28,15.43,13.86,3.15,23.34,0.1,,,,,,
2024,8,3127292,Will Dissly,Will,Dissly,WR,LAC,,,,,,,,,,,,,,,,,,,,,,
2024,8,4368003,Andrei Iosivas,Andrei,Iosivas,WR,CIN,"$5,200","$5,500",-300,3,5,60.0%,9,3.0,3,22.7%,3.69,5.81,4.75,2.12,25.8,0.19,5.7,5.7,5.7,5.7,5.7,5.7
2024,8,3121409,Noah Brown,Noah,Brown,WR,WSH,"$4,800","$5,000",-200,1,2,50.0%,8,8.0,0,14.3%,4.15,6.43,5.29,2.28,31.01,0.18,1.4,1.4,1.4,1.4,1.4,1.4
2024,8,4240472,Noah Gray,Noah,Gray,WR,KC,,,,,,,,,,,,,,,,,,,,,,
2024,8,3115306,Josh Reynolds,Josh,Reynolds,WR,DEN,"$4,500","$4,900",-400,2,2,100.0%,14,7.0,1,12.5%,,,,,,,3.4,3.4,3.4,3.4,3.4,3.4
2024,8,3925357,Calvin Ridley,Calvin,Ridley,WR,TEN,"$5,600","$5,700",-100,0,0,0%,0,0,0,0.0%,6.87,10.79,8.83,3.92,52.2,0.26,69.7,69.7,69.7,69.7,69.7,69.7
2024,8,2310331,Tyler Johnson,Tyler,Johnson,WR,LAR,"$4,800","$4,500",+300,1,5,20.0%,13,13.0,0,33.3%,1.96,3.23,2.6,1.27,14.59,0.08,7.3,7.3,7.3,7.3,7.3,7.3
2024,8,4428850,Dontayvion Wicks,Dontayvion,Wicks,WR,GB,"$5,900","$5,600",+300,4,6,66.7%,42,10.5,3,31.6%,5.91,8.82,7.37,2.91,40.32,0.31,24.3,24.3,24.3,24.3,24.3,24.3
2024,8,3116164,Mike Gesicki,Mike,Gesicki,WR,CIN,,,,,,,,,,,,,,,,,,,,,,
2024,8,4037235,Greg Dortch,Greg,Dortch,WR,ARI,"$5,300","$4,900",+400,3,3,100.0%,18,6.0,1,27.3%,3.01,5.2,4.11,2.19,21.68,0.14,7.4,7.4,7.4,7.4,7.4,7.4
2024,8,4430034,Xavier Legette,Xavier,Legette,WR,CAR,"$5,800","$5,900",-100,3,5,60.0%,12,4.0,2,27.8%,5.53,9.28,7.41,3.76,42.16,0.2,25.0,25.0,25.0,25.0,25.0,25.0
2024,8,3917914,Olamide Zaccheaus,Olamide,Zaccheaus,WR,WSH,"$4,800","$4,700",+100,2,2,100.0%,10,5.0,0,14.3%,3.66,5.88,4.77,2.23,27.67,0.15,0.7,0.7,0.7,0.7,0.7,0.7
2024,8,15795,DeAndre Hopkins,DeAndre,Hopkins,WR,KC,"$5,400","$5,600",-200,1,2,50.0%,11,11.0,1,22.2%,5.45,8.66,7.05,3.21,39.86,0.26,83.3,83.3,83.3,83.3,83.3,83.3
2024,8,3117256,Dalton Schultz,Dalton,Schultz,WR,HOU,,,,,,,,,,,,,,,,,,,,,,
2024,8,4242433,Joshua Palmer,Joshua,Palmer,WR,LAC,"$5,800","$5,100",+700,2,4,50.0%,8,4.0,0,33.3%,4.91,7.83,6.37,2.93,35.54,0.24,13.5,13.5,13.5,13.5,13.5,13.5
2024,8,3045144,Tyler Boyd,Tyler,Boyd,WR,TEN,"$4,900","$4,900",0,2,4,50.0%,13,6.5,0,44.4%,4.46,8.1,6.28,3.63,36.94,0.14,3.9,3.9,3.9,3.9,3.9,3.9
2024,8,4048244,Alexander Mattison,Alexander,Mattison,WR,LV,,,,,,,,,,,9.25,11.61,10.43,2.37,17.6,0.08,,,,,,
2024,8,4361579,Javonte Williams,Javonte,Williams,WR,DEN,,,,,,,,,,,11.34,14.18,12.76,2.85,19.88,0.12,,,,,,
2024,8,3123076,David Njoku,David,Njoku,WR,CLE,,,,,,,,,,,,,,,,,,,,,,
2024,8,3134353,Tim Patrick,Tim,Patrick,WR,DET,"$4,700","$4,800",-100,1,1,100.0%,8,8.0,0,6.3%,4.75,7.18,5.96,2.43,32.88,0.24,0.9,0.9,0.9,0.9,0.9,0.9
2024,8,4429025,Quentin Johnston,Quentin,Johnston,WR,LAC,"$5,700","$5,800",-100,2,2,100.0%,13,6.5,1,16.7%,7.1,10.25,8.67,3.15,46.16,0.38,33.5,33.5,33.5,33.5,33.5,33.5
2024,8,3045138,Mike Williams,Mike,Williams,WR,NYJ,"$4,800","$5,400",-600,0,2,0.0%,0,0,0,7.4%,3.32,5.09,4.2,1.77,23.18,0.18,16.5,16.5,16.5,16.5,16.5,16.5
2024,8,4567048,Kenneth Walker III,Kenneth,Walker III,WR,SEA,,,,,,,,,,,13.34,16.69,15.01,3.36,25.86,0.12,,,,,,
2024,8,4035676,Zack Moss,Zack,Moss,WR,CIN,,,,,,,,,,,7.09,9.66,8.38,2.57,17.72,0.1,,,,,,
2024,8,4248528,Christian Watson,Christian,Watson,WR,GB,"$5,800","$5,900",-100,1,3,33.3%,2,2.0,1,15.8%,6.43,9.55,7.99,3.13,43.95,0.32,54.6,54.6,54.6,54.6,54.6,54.6
2024,8,2983509,Dare Ogunbowale,Dare,Ogunbowale,WR,HOU,,,,,,,,,,,1.9,3.0,2.45,1.1,8.88,0.03,,,,,,
2024,8,4039057,Lil'Jordan Humphrey,Lil'Jordan,Humphrey,WR,DEN,,,,,,,,,,,2.96,4.71,3.84,1.75,21.41,0.14,,,,,,
2024,8,4431588,Ja'Tavion Sanders,Ja'Tavion,Sanders,WR,CAR,,,,,,,,,,,,,,,,,,,,,,
2024,8,3843945,Foster Moreau,Foster,Moreau,WR,NO,,,,,,,,,,,,,,,,,,,,,,
2024,8,2973405,Kalif Raymond,Kalif,Raymond,WR,DET,"$4,800","$4,400",+400,1,1,100.0%,1,1.0,0,6.3%,3.61,5.62,4.62,2.01,25.34,0.17,1.2,1.2,1.2,1.2,1.2,1.2
2024,8,4429795,Jahmyr Gibbs,Jahmyr,Gibbs,WR,DET,,,,,,,,,,,13.2,16.55,14.88,3.35,24.3,0.16,,,,,,
2024,8,3120348,JuJu Smith-Schuster,JuJu,Smith-Schuster,WR,KC,,,,,,,,,,,,,,,,,29.6,29.6,29.6,29.6,29.6,29.6
2024,8,4426385,Zach Charbonnet,Zach,Charbonnet,WR,SEA,,,,,,,,,,,4.59,6.61,5.6,2.03,13.72,0.08,,,,,,
2024,8,3051876,Evan Engram,Evan,Engram,WR,JAX,,,,,,,,,,,,,,,,,,,,,,
2024,8,4426515,Puka Nacua,Puka,Nacua,WR,LAR,"$4,000","$4,000",0,,,,,,,,6.13,9.39,7.76,3.26,43.98,0.24,95.1,95.1,95.1,95.1,95.1,95.1
2024,8,3128452,Jordan Akins,Jordan,Akins,WR,CLE,,,,,,,,,,,,,,,,,,,,,,
2024,8,3045147,James Conner,James,Conner,WR,ARI,,,,,,,,,,,11.39,13.34,12.36,1.96,13.92,0.08,,,,,,
2024,8,4429022,Kayshon Boutte,Kayshon,Boutte,WR,NE,"$4,700","$4,600",+100,,,,,,,,2.77,4.33,3.55,1.56,20.95,0.11,0.7,0.7,0.7,0.7,0.7,0.7
2024,8,4569559,Devaughn Vele,Devaughn,Vele,WR,DEN,"$4,000","$4,700",-700,,,,,,,,3.87,6.24,5.06,2.37,27.94,0.18,2.0,2.0,2.0,2.0,2.0,2.0
2024,8,3929645,Juwan Johnson,Juwan,Johnson,WR,NO,,,,,,,,,,,,,,,,,,,,,,
2024,8,4372414,Elijah Moore,Elijah,Moore,WR,CLE,"$5,100","$4,600",+500,4,4,100.0%,22,5.5,0,25.0%,4.49,7.48,5.99,2.98,34.8,0.17,3.4,3.4,3.4,3.4,3.4,3.4
2024,8,4241457,Najee Harris,Najee,Harris,WR,PIT,,,,,,,,,,,11.24,12.99,12.11,1.75,12.28,0.08,,,,,,
2024,8,2971618,Nelson Agholor,Nelson,Agholor,WR,BAL,"$5,300","$4,900",+400,,,,,,,,2.53,3.73,3.13,1.2,17.11,0.14,0.4,0.4,0.4,0.4,0.4,0.4
2024,8,4035538,David Montgomery,David,Montgomery,WR,DET,,,,,,,,,,,11.61,13.29,12.45,1.68,12.07,0.06,,,,,,
2024,8,4038815,Rico Dowdle,Rico,Dowdle,WR,DAL,,,,,,,,,,,9.0,11.42,10.21,2.42,17.67,0.12,,,,,,
2024,8,4430539,Brenton Strange,Brenton,Strange,WR,JAX,,,,,,,,,,,,,,,,,,,,,,
2024,8,3676833,KaVontae Turpin,KaVontae,Turpin,WR,DAL,"$5,200",-,-,1,3,33.3%,16,16.0,1,17.6%,3.29,5.0,4.15,1.71,19.55,0.14,1.0,1.0,1.0,1.0,1.0,1.0
2024,8,4241374,Grant Calcaterra,Grant,Calcaterra,WR,PHI,,,,,,,,,,,,,,,,,,,,,,
2024,8,4361577,Dyami Brown,Dyami,Brown,WR,WSH,"$4,700","$4,800",-100,1,3,33.3%,11,11.0,0,21.4%,1.89,2.9,2.4,1.01,13.9,0.08,0.6,0.6,0.6,0.6,0.6,0.6
2024,8,4596448,Bucky Irving,Bucky,Irving,WR,TB,,,,,,,,,,,7.88,9.83,8.86,1.95,14.64,0.09,,,,,,
2024,8,4379399,James Cook,James,Cook,WR,BUF,,,,,,,,,,,12.21,14.51,13.36,2.3,18.88,0.13,,,,,,
2024,8,15818,Keenan Allen,Keenan,Allen,WR,CHI,"$6,400",-,-,2,5,40.0%,12,6.0,2,23.8%,6.33,10.54,8.44,4.21,47.09,0.29,78.5,78.5,78.5,78.5,78.5,78.5
2024,8,4426485,Jonathan Mingo,Jonathan,Mingo,WR,CAR,"$5,000","$5,200",-200,,,,,,,,2.36,4.19,3.28,1.83,20.26,0.06,1.7,1.7,1.7,1.7,1.7,1.7
2024,8,4360294,Antonio Gibson,Antonio,Gibson,WR,NE,,,,,,,,,,,4.49,6.08,5.28,1.59,12.28,0.04,,,,,,
2024,8,4047365,Josh Jacobs,Josh,Jacobs,WR,GB,,,,,,,,,,,11.74,14.49,13.12,2.76,20.39,0.1,,,,,,
2024,8,4429148,Theo Johnson,Theo,Johnson,WR,NYG,,,,,,,,,,,,,,,,,,,,,,
2024,8,3043275,Austin Hooper,Austin,Hooper,WR,NE,,,,,,,,,,,,,,,,,,,,,,
2024,8,4241263,Charlie Kolar,Charlie,Kolar,WR,BAL,,,,,,,,,,,,,,,,,,,,,,
2024,8,4431280,Troy Franklin,Troy,Franklin,WR,DEN,"$5,300","$5,000",+300,2,3,66.7%,8,4.0,1,18.8%,5.08,7.95,6.52,2.87,35.4,0.23,6.9,6.9,6.9,6.9,6.9,6.9
2024,8,16460,Adam Thielen,Adam,Thielen,WR,CAR,"$5,000","$5,000",0,,,,,,,,,,,,,,18.1,18.1,18.1,18.1,18.1,18.1
2024,8,4597500,Adonai Mitchell,Adonai,Mitchell,WR,IND,"$5,000","$4,900",+100,0,3,0.0%,0,0,0,15.8%,3.31,5.2,4.25,1.89,24.41,0.13,10.4,10.4,10.4,10.4,10.4,10.4
2024,8,4360516,Tyrone Tracy Jr.,Tyrone,Tracy Jr.,WR,NYG,,,,,,,,,,,7.42,9.74,8.58,2.32,16.05,0.05,,,,,,
2024,8,4695883,Jalen Coker,Jalen,Coker,WR,CAR,"$4,700","$4,200",+500,,,,,,,,3.25,5.95,4.6,2.7,27.58,0.09,0.1,0.1,0.1,0.1,0.1,0.1
2024,8,4360635,Chig Okonkwo,Chig,Okonkwo,WR,TEN,,,,,,,,,,,,,,,,,,,,,,
2024,8,4360739,Simi Fehoko,Simi,Fehoko,WR,LAC,"$4,800","$4,200",+600,0,1,0.0%,0,0,0,8.3%,3.54,5.62,4.58,2.08,25.21,0.17,0.0,0.0,0.0,0.0,0.0,0.0
2024,8,3929630,Saquon Barkley,Saquon,Barkley,WR,PHI,,,,,,,,,,,14.43,17.38,15.9,2.95,20.3,0.15,,,,,,
2024,8,4426948,Luke McCaffrey,Luke,McCaffrey,WR,WSH,"$4,200","$4,300",-100,2,2,100.0%,15,7.5,0,14.3%,1.73,2.85,2.29,1.12,12.51,0.08,3.1,3.1,3.1,3.1,3.1,3.1
2024,8,4427834,Erick All Jr.,Erick,All Jr.,WR,CIN,,,,,,,,,,,,,,,,,,,,,,
2024,8,2998565,Mo Alie-Cox,Mo,Alie-Cox,WR,IND,,,,,,,,,,,,,,,,,,,,,,
2024,8,4360086,Josh Whyle,Josh,Whyle,WR,TEN,,,,,,,,,,,,,,,,,,,,,,
2024,8,3118892,Justin Watson,Justin,Watson,WR,KC,"$5,500","$5,400",+100,1,1,100.0%,6,6.0,0,7.7%,2.22,3.41,2.82,1.19,16.71,0.09,0.9,0.9,0.9,0.9,0.9,0.9
2024,8,2976592,Sterling Shepard,Sterling,Shepard,WR,TB,"$5,100","$4,900",+200,1,1,100.0%,4,4.0,1,5.0%,5.18,8.38,6.78,3.2,35.95,0.25,10.8,10.8,10.8,10.8,10.8,10.8
2024,8,3052096,Johnny Mundt,Johnny,Mundt,WR,MIN,,,,,,,,,,,,,,,,,,,,,,
2024,8,4241416,Chuba Hubbard,Chuba,Hubbard,WR,CAR,,,,,,,,,,,10.78,13.53,12.15,2.75,17.78,0.08,,,,,,
2024,8,3121427,Curtis Samuel,Curtis,Samuel,WR,BUF,"$4,800","$5,100",-300,0,2,0.0%,0,0,0,14.3%,0.0,0.0,0.0,0.0,0.0,0.0,13.0,13.0,13.0,13.0,13.0,13.0
2024,8,16731,Brandin Cooks,Brandin,Cooks,WR,DAL,"$5,000",-,-,0,1,0.0%,0,0,0,5.9%,,,,,,,21.5,21.5,21.5,21.5,21.5,21.5
2024,8,4239996,Travis Etienne Jr.,Travis,Etienne Jr.,WR,JAX,,,,,,,,,,,8.03,10.82,9.43,2.79,21.1,0.09,,,,,,
2024,8,4383396,Hunter Luepke,Hunter,Luepke,WR,DAL,,,,,,,,,,,1.08,1.77,1.43,0.69,5.03,0.03,,,,,,
2024,8,4430802,Darnell Washington,Darnell,Washington,WR,PIT,,,,,,,,,,,,,,,,,,,,,,
2024,8,4369863,Cedric Tillman,Cedric,Tillman,WR,CLE,"$5,100","$4,000","+1,100",0,1,0.0%,0,0,0,6.3%,6.04,9.27,7.65,3.23,46.27,0.23,16.6,16.6,16.6,16.6,16.6,16.6
2024,8,4430737,Kyren Williams,Kyren,Williams,WR,LAR,,,,,,,,,,,14.68,16.54,15.61,1.85,13.97,0.06,,,,,,
2024,8,4036335,Cedrick Wilson Jr.,Cedrick,Wilson Jr.,WR,NO,,,,,,,,,,,1.28,2.11,1.69,0.84,10.05,0.05,0.4,0.4,0.4,0.4,0.4,0.4
2024,8,16002,Kyle Juszczyk,Kyle,Juszczyk,WR,SF,,,,,,,,,,,2.06,3.4,2.73,1.34,12.18,0.07,,,,,,
2024,8,4372019,Jerome Ford,Jerome,Ford,WR,CLE,,,,,,,,,,,0.0,0.0,0.0,0.0,0.0,0.0,,,,,,
2024,8,3916148,Tony Pollard,Tony,Pollard,WR,TEN,,,,,,,,,,,11.08,14.1,12.59,3.02,19.61,0.08,,,,,,
2024,8,4360569,Jordan Mason,Jordan,Mason,WR,SF,,,,,,,,,,,13.19,14.81,14.0,1.62,12.26,0.04,,,,,,
2024,8,4573697,Mason Tipton,Mason,Tipton,WR,NO,"$5,600","$4,900",+700,1,1,100.0%,6,6.0,0,10.0%,2.79,4.78,3.78,1.99,21.78,0.11,0.8,0.8,0.8,0.8,0.8,0.8
2024,8,3116385,Joe Mixon,Joe,Mixon,WR,HOU,,,,,,,,,,,15.27,18.5,16.88,3.24,24.71,0.14,,,,,,
2024,8,4427985,Bub Means,Bub,Means,WR,NO,,,,1,1,100.0%,10,10.0,1,10.0%,3.72,6.21,4.97,2.49,28.74,0.15,6.6,6.6,6.6,6.6,6.6,6.6
2024,8,2991662,Mack Hollins,Mack,Hollins,WR,BUF,"$4,900","$5,200",-300,2,3,66.7%,19,9.5,2,21.4%,1.95,2.95,2.45,1.01,13.38,0.1,0.2,0.2,0.2,0.2,0.2,0.2
2024,8,4429501,Ray Davis,Ray,Davis,WR,BUF,,,,,,,,,,,4.37,5.32,4.84,0.95,7.9,0.03,,,,,,
2024,8,4430871,Sean Tucker,Sean,Tucker,WR,TB,,,,,,,,,,,3.33,4.12,3.73,0.79,5.95,0.03,,,,,,
2024,8,4430637,Ja'Lynn Polk,Ja'Lynn,Polk,WR,NE,,,,,,,,,,,3.1,5.05,4.07,1.95,23.56,0.13,,,,,,
2024,8,3930066,Van Jefferson,Van,Jefferson,WR,PIT,"$4,800","$4,800",0,3,4,75.0%,17,5.7,1,26.7%,2.76,4.24,3.5,1.47,19.51,0.14,0.9,0.9,0.9,0.9,0.9,0.9
2024,8,4242335,Jonathan Taylor,Jonathan,Taylor,WR,IND,,,,,,,,,,,13.16,15.34,14.25,2.18,15.99,0.07,,,,,,
2024,8,4692835,Jalen Brooks,Jalen,Brooks,WR,DAL,"$4,400",-,-,0,2,0.0%,0,0,0,11.8%,2.71,4.3,3.51,1.6,19.87,0.12,0.1,0.1,0.1,0.1,0.1,0.1
2024,8,4241985,J.K. Dobbins,J.K.,Dobbins,WR,LAC,,,,,,,,,,,12.98,15.04,14.01,2.06,14.91,0.08,,,,,,
2024,8,4428557,Tyjae Spears,Tyjae,Spears,WR,TEN,,,,,,,,,,,4.79,6.71,5.75,1.92,14.1,0.07,,,,,,
2024,8,4040761,Devin Singletary,Devin,Singletary,WR,NYG,,,,,,,,,,,5.45,6.93,6.19,1.49,9.7,0.03,,,,,,
2024,8,3116389,Samaje Perine,Samaje,Perine,WR,KC,,,,,,,,,,,1.87,3.06,2.46,1.19,9.08,0.05,,,,,,
2024,8,4249836,Pierre Strong Jr.,Pierre,Strong Jr.,WR,CLE,,,,,,,,,,,4.19,6.09,5.14,1.9,15.42,0.05,,,,,,
2024,8,4430834,Jalen McMillan,Jalen,McMillan,WR,TB,"$4,900","$4,500",+400,1,2,50.0%,7,7.0,0,10.0%,6.92,10.84,8.88,3.93,49.55,0.32,47.6,47.6,47.6,47.6,47.6,47.6
2024,8,4685247,Braelon Allen,Braelon,Allen,WR,NYJ,,,,,,,,,,,5.04,6.24,5.64,1.2,8.87,0.09,,,,,,
2024,8,3921690,Josh Oliver,Josh,Oliver,WR,MIN,,,,,,,,,,,,,,,,,,,,,,
2024,8,4036211,DJ Turner,DJ,Turner,WR,LV,"$5,100","$4,800",+300,0,2,0.0%,0,0,0,11.8%,3.07,4.85,3.96,1.78,23.33,0.07,0.7,0.7,0.7,0.7,0.7,0.7
2024,8,4576297,AJ Barner,AJ,Barner,WR,SEA,,,,,,,,,,,,,,,,,,,,,,
2024,8,4241474,Brian Robinson Jr.,Brian,Robinson Jr.,WR,WSH,,,,,,,,,,,10.88,12.69,11.78,1.81,13.32,0.05,,,,,,
2024,8,2975863,Eric Saubert,Eric,Saubert,WR,SF,,,,,,,,,,,,,,,,,,,,,,
2024,8,3047876,KhaDarel Hodge,KhaDarel,Hodge,WR,ATL,"$4,300","$4,500",-200,,,,,,,,0.39,0.6,0.5,0.21,2.75,0.02,0.1,0.1,0.1,0.1,0.1,0.1
2024,8,4061956,Ashton Dulin,Ashton,Dulin,WR,IND,"$4,100","$4,200",-100,0,1,0.0%,0,0,0,5.3%,0.99,1.45,1.22,0.46,5.64,0.04,0.0,0.0,0.0,0.0,0.0,0.0
2024,8,4360405,Jake Bobo,Jake,Bobo,WR,SEA,"$4,300","$4,200",+100,1,1,100.0%,10,10.0,0,4.8%,4.36,7.08,5.72,2.72,31.66,0.2,0.4,0.4,0.4,0.4,0.4,0.4
2024,8,4426496,Cade Stover,Cade,Stover,WR,HOU,,,,,,,,,,,,,,,,,,,,,,
2024,8,4570561,Eric Gray,Eric,Gray,WR,NYG,,,,,,,,,,,0.87,1.17,1.02,0.3,2.15,0.01,,,,,,
2024,8,3915411,Ty Johnson,Ty,Johnson,WR,BUF,,,,,,,,,,,1.5,2.31,1.9,0.81,6.45,0.05,,,,,,
2024,8,4045163,Miles Sanders,Miles,Sanders,WR,CAR,,,,,,,,,,,3.01,4.04,3.52,1.03,5.83,0.01,,,,,,
2024,8,4362478,Emari Demercado,Emari,Demercado,WR,ARI,,,,,,,,,,,2.27,3.3,2.79,1.03,7.04,0.05,,,,,,
2024,8,4040774,Harrison Bryant,Harrison,Bryant,WR,LV,,,,,,,,,,,,,,,,,,,,,,
2024,8,3043078,Derrick Henry,Derrick,Henry,WR,BAL,,,,,,,,,,,16.35,17.5,16.93,1.15,9.9,0.05,,,,,,
2024,8,4426407,Trey Palmer,Trey,Palmer,WR,TB,"$4,000","$4,200",-200,1,1,100.0%,15,15.0,1,5.0%,5.25,8.3,6.77,3.05,37.64,0.24,3.5,3.5,3.5,3.5,3.5,3.5
2024,8,2580216,DeAndre Carter,DeAndre,Carter,WR,CHI,"$4,200",-,-,1,2,50.0%,9,9.0,0,9.5%,0.37,0.64,0.51,0.28,2.87,0.0,0.1,0.1,0.1,0.1,0.1,0.1
2024,8,3924365,Hayden Hurst,Hayden,Hurst,WR,LAC,,,,,,,,,,,,,,,,,,,,,,
2024,8,4362238,Chase Brown,Chase,Brown,WR,CIN,,,,,,,,,,,9.26,11.28,10.27,2.02,15.26,0.09,,,,,,
2024,8,4372780,Tommy Tremble,Tommy,Tremble,WR,CAR,,,,,,,,,,,,,,,,,,,,,,
2024,8,3928925,JaMycal Hasty,JaMycal,Hasty,WR,NE,,,,,,,,,,,1.29,1.78,1.53,0.49,3.76,0.02,,,,,,
2024,8,3139602,D'Ernest Johnson,D'Ernest,Johnson,WR,JAX,,,,,,,,,,,2.99,4.19,3.59,1.2,8.73,0.02,,,,,,
2024,8,3916566,K.J. Osborn,K.J.,Osborn,WR,NE,,,,,,,,,,,1.95,3.15,2.55,1.2,14.78,0.08,,,,,,
2024,8,4360231,Lucas Krull,Lucas,Krull,WR,DEN,,,,,,,,,,,,,,,,,,,,,,
2024,8,4373626,Tyler Allgeier,Tyler,Allgeier,WR,ATL,,,,,,,,,,,6.12,7.08,6.6,0.96,7.69,0.03,,,,,,
2024,8,4426386,Roschon Johnson,Roschon,Johnson,WR,CHI,,,,,,,,,,,5.58,6.88,6.23,1.31,9.57,0.06,,,,,,
2024,8,4372096,Luke Schoonmaker,Luke,Schoonmaker,WR,DAL,,,,,,,,,,,,,,,,,,,,,,
2024,8,4426844,Elijah Higgins,Elijah,Higgins,WR,ARI,,,,,,,,,,,,,,,,,,,,,,
2024,8,4722908,Drew Ogletree,Drew,Ogletree,WR,IND,,,,,,,,,,,,,,,,,,,,,,
2024,8,4259305,Bo Melton,Bo,Melton,WR,GB,"$4,700","$4,400",+300,,,,,,,,1.69,2.45,2.07,0.77,9.35,0.07,0.7,0.7,0.7,0.7,0.7,0.7
2024,8,4361529,Isiah Pacheco,Isiah,Pacheco,WR,KC,,,,,,,,,,,,,,,,,,,,,,
2024,8,4569987,Jaylen Warren,Jaylen,Warren,WR,PIT,,,,,,,,,,,6.44,8.61,7.52,2.17,14.8,0.07,,,,,,
2024,8,4035004,Mecole Hardman,Mecole,Hardman,WR,KC,,,,,,,,,,,,,,,,,,,,,,
2024,8,4575665,Jacob Cowing,Jacob,Cowing,WR,SF,"$4,000","$4,000",0,1,2,50.0%,9,9.0,0,8.0%,3.2,4.95,4.07,1.76,23.07,0.15,1.2,1.2,1.2,1.2,1.2,1.2
2024,8,4039160,Kylen Granson,Kylen,Granson,WR,IND,,,,,,,,,,,,,,,,,,,,,,
2024,8,4242392,Brock Wright,Brock,Wright,WR,DET,,,,,,,,,,,,,,,,,,,,,,
2024,8,4430968,Kimani Vidal,Kimani,Vidal,WR,LAC,,,,,,,,,,,4.34,5.46,4.9,1.12,8.25,0.04,,,,,,
2024,8,3930086,Dawson Knox,Dawson,Knox,WR,BUF,,,,,,,,,,,,,,,,,,,,,,
2024,8,4429033,Jermaine Burton,Jermaine,Burton,WR,CIN,"$4,500","$4,700",-200,,,,,,,,0.11,0.19,0.15,0.08,0.93,0.0,2.2,2.2,2.2,2.2,2.2,2.2
2024,8,4429676,Tyler Goodson,Tyler,Goodson,WR,IND,,,,,,,,,,,1.85,2.32,2.09,0.47,4.57,0.01,,,,,,
2024,8,4887558,Emanuel Wilson,Emanuel,Wilson,WR,GB,,,,,,,,,,,3.82,4.59,4.2,0.77,6.09,0.02,,,,,,
2024,8,3125116,D'Onta Foreman,D'Onta,Foreman,WR,CLE,,,,,,,,,,,1.59,2.11,1.85,0.51,4.13,0.02,,,,,,
2024,8,2576399,Nick Vannett,Nick,Vannett,WR,TEN,,,,,,,,,,,,,,,,,,,,,,
2024,8,4241401,Trey Sermon,Trey,Sermon,WR,IND,,,,,,,,,,,1.15,1.41,1.28,0.26,1.88,0.01,,,,,,
2024,8,4686422,Xavier Hutchinson,Xavier,Hutchinson,WR,HOU,"$5,400","$5,300",+100,,,,,,,,3.82,5.91,4.86,2.09,27.46,0.17,1.7,1.7,1.7,1.7,1.7,1.7
2024,8,4212909,David Moore,David,Moore,WR,CAR,"$4,500","$4,400",+100,1,2,50.0%,8,8.0,0,11.1%,1.97,3.17,2.57,1.2,15.07,0.08,0.1,0.1,0.1,0.1,0.1,0.1
2024,8,4569173,Rhamondre Stevenson,Rhamondre,Stevenson,WR,NE,,,,,,,,,,,9.17,11.54,10.35,2.37,15.84,0.07,,,,,,
2024,8,4686472,Marvin Mims Jr.,Marvin,Mims Jr.,WR,DEN,,,,,,,,,,,2.31,3.55,2.93,1.24,16.61,0.1,3.3,3.3,3.3,3.3,3.3,3.3
2024,8,3122168,Trent Sherfield Sr.,Trent,Sherfield Sr.,WR,MIN,,,,,,,,,,,0.54,0.83,0.68,0.29,3.71,0.03,0.0,0.0,0.0,0.0,0.0,0.0
2024,8,4242431,Ty Chandler,Ty,Chandler,WR,MIN,,,,,,,,,,,4.38,5.73,5.06,1.36,8.67,0.04,,,,,,
2024,8,3917668,Alec Ingold,Alec,Ingold,WR,MIA,,,,,,,,,,,0.78,1.18,0.98,0.4,3.17,0.02,,,,,,
2024,8,4241802,Jalen Reagor,Jalen,Reagor,WR,LAC,"$4,000","$4,000",0,,,,,,,,0.0,0.0,0.0,0.0,0.0,0.0,0.0,0.0,0.0,0.0,0.0,0.0
2024,8,4250764,Stone Smartt,Stone,Smartt,WR,LAC,,,,,,,,,,,,,,,,,,,,,,
2024,8,4373030,Ben Sims,Ben,Sims,WR,GB,,,,,,,,,,,,,,,,,,,,,,
2024,8,4239944,Hunter Long,Hunter,Long,WR,LAR,,,,,,,,,,,,,,,,,,,,,,
2024,8,4369466,Ryan Miller,Ryan,Miller,WR,TB,,,,,,,,,,,2.14,3.45,2.79,1.31,15.81,0.1,0.0,0.0,0.0,0.0,0.0,0.0
2024,8,2576336,Ameer Abdullah,Ameer,Abdullah,WR,LV,,,,,,,,,,,0.92,1.7,1.31,0.78,5.56,0.02,,,,,,
2024,8,3051392,Ezekiel Elliott,Ezekiel,Elliott,WR,DAL,,,,,,,,,,,4.75,6.08,5.41,1.33,8.79,0.05,,,,,,
2024,8,3059915,Kareem Hunt,Kareem,Hunt,WR,KC,,,,,,,,,,,13.23,14.97,14.1,1.74,12.1,0.05,,,,,,
2024,8,4361409,Jahan Dotson,Jahan,Dotson,WR,PHI,"$4,700","$5,100",-400,0,1,0.0%,0,0,0,10.0%,2.11,3.4,2.75,1.29,15.41,0.1,7.6,7.6,7.6,7.6,7.6,7.6
2024,8,15807,Cordarrelle Patterson,Cordarrelle,Patterson,WR,PIT,,,,,,,,,,,2.44,3.03,2.74,0.59,4.55,0.02,,,,,,
2024,8,3926231,Britain Covey,Britain,Covey,WR,PHI,"$4,000","$4,500",-500,2,2,100.0%,5,2.5,0,20.0%,0.0,0.0,0.0,0.0,0.0,0.0,0.1,0.1,0.1,0.1,0.1,0.1
2024,8,4365395,Julian Hill,Julian,Hill,WR,MIA,,,,,,,,,,,,,,,,,,,,,,
2024,8,4567156,Treylon Burks,Treylon,Burks,WR,TEN,"$4,700","$4,600",+100,,,,,,,,,,,,,,1.4,1.4,1.4,1.4,1.4,1.4
2024,8,4371733,Kenneth Gainwell,Kenneth,Gainwell,WR,PHI,,,,,,,,,,,2.34,3.01,2.67,0.66,4.59,0.03,,,,,,
2024,8,3911853,Adam Trautman,Adam,Trautman,WR,DEN,,,,,,,,,,,,,,,,,,,,,,
2024,8,4361372,Jeremy Ruckert,Jeremy,Ruckert,WR,NYJ,,,,,,,,,,,,,,,,,,,,,,
2024,8,3914397,Scotty Miller,Scotty,Miller,WR,PIT,"$4,300","$4,300",0,,,,,,,,0.2,0.33,0.26,0.14,1.68,0.0,0.1,0.1,0.1,0.1,0.1,0.1
2024,8,3919510,Alex Bachman,Alex,Bachman,WR,LV,"$4,800","$4,200",+600,0,0,0%,0,0,0,0.0%,0.0,0.0,0.0,0.0,0.0,0.0,0.0,0.0,0.0,0.0,0.0,0.0
2024,8,4040612,Luke Farrell,Luke,Farrell,WR,JAX,,,,,,,,,,,,,,,,,,,,,,
2024,8,4241424,Tylan Wallace,Tylan,Wallace,WR,BAL,"$4,500","$4,400",+100,,,,,,,,0.2,0.33,0.26,0.13,1.68,0.0,0.1,0.1,0.1,0.1,0.1,0.1
2024,8,4361516,Daniel Bellinger,Daniel,Bellinger,WR,NYG,,,,,,,,,,,,,,,,,,,,,,
2024,8,3121410,Parris Campbell,Parris,Campbell,WR,PHI,"$4,800","$5,000",-200,1,1,100.0%,1,1.0,1,10.0%,0.0,0.0,0.0,0.0,0.0,0.0,0.1,0.1,0.1,0.1,0.1,0.1
2024,8,4043016,Dee Eskridge,Dee,Eskridge,WR,MIA,"$4,000","$4,000",0,,,,,,,,0.0,0.0,0.0,0.0,0.0,0.0,0.0,0.0,0.0,0.0,0.0,0.0
2024,8,4361777,Zamir White,Zamir,White,WR,LV,,,,,,,,,,,3.62,4.52,4.07,0.89,6.18,0.03,,,,,,
2024,8,3045523,Kendrick Bourne,Kendrick,Bourne,WR,NE,"$4,800","$4,800",0,,,,,,,,2.49,4.06,3.28,1.58,19.14,0.1,2.0,2.0,2.0,2.0,2.0,2.0
2024,8,3115255,Brandon Powell,Brandon,Powell,WR,MIN,"$4,500","$4,600",-100,1,1,100.0%,5,5.0,0,10.0%,0.6,0.97,0.79,0.37,3.8,0.03,0.1,0.1,0.1,0.1,0.1,0.1
2024,8,4241961,Connor Heyward,Connor,Heyward,WR,PIT,,,,,,,,,,,,,,,,,,,,,,
2024,8,15880,Robert Woods,Robert,Woods,WR,HOU,"$5,000","$5,100",-100,,,,,,,,1.4,2.27,1.84,0.87,10.2,0.06,0.1,0.1,0.1,0.1,0.1,0.1
2024,8,2576414,Raheem Mostert,Raheem,Mostert,WR,MIA,,,,,,,,,,,7.13,8.39,7.76,1.26,9.75,0.05,,,,,,
2024,8,3127310,Drew Sample,Drew,Sample,WR,CIN,,,,,,,,,,,,,,,,,,,,,,
2024,8,4367209,Greg Dulcich,Greg,Dulcich,WR,DEN,,,,,,,,,,,,,,,,,,,,,,
2024,8,4429013,Tank Bigsby,Tank,Bigsby,WR,JAX,,,,,,,,,,,7.69,8.42,8.05,0.73,4.73,0.03,,,,,,
2024,8,4722893,Jaleel McLaughlin,Jaleel,McLaughlin,WR,DEN,,,,,,,,,,,4.46,5.84,5.15,1.39,9.17,0.05,,,,,,
2024,8,4362921,Tyquan Thornton,Tyquan,Thornton,WR,NE,"$4,100","$4,300",-200,,,,,,,,0.29,0.43,0.36,0.14,1.85,0.02,0.1,0.1,0.1,0.1,0.1,0.1
2024,8,4570409,David Bell,David,Bell,WR,CLE,"$4,000","$4,000",0,1,1,100.0%,12,12.0,0,6.3%,,,,,,,0.0,0.0,0.0,0.0,0.0,0.0
2024,8,3051738,Marquez Valdes-Scantling,Marquez,Valdes-Scantling,WR,NO,,,,,,,,,,,1.16,1.84,1.5,0.68,8.62,0.05,0.7,0.7,0.7,0.7,0.7,0.7
2024,8,4243160,Laviska Shenault Jr.,Laviska,Shenault Jr.,WR,SEA,,,,,,,,,,,1.7,2.73,2.22,1.03,11.21,0.06,0.1,0.1,0.1,0.1,0.1,0.1
2024,8,4689334,Malik Heath,Malik,Heath,WR,GB,"$4,300","$4,300",0,,,,,,,,0.39,0.6,0.5,0.21,2.46,0.02,0.1,0.1,0.1,0.1,0.1,0.1
2024,8,3918639,Gerald Everett,Gerald,Everett,WR,CHI,,,,,,,,,,,,,,,,,,,,,,
2024,8,4372063,Ronnie Bell,Ronnie,Bell,WR,SF,"$4,000","$4,000",0,1,1,100.0%,10,10.0,0,4.0%,2.32,3.6,2.96,1.29,16.62,0.11,0.1,0.1,0.1,0.1,0.1,0.1
2024,8,4427278,Xavier Gipson,Xavier,Gipson,WR,NYJ,"$4,000","$4,200",-200,,,,,,,,0.86,1.35,1.11,0.49,5.4,0.04,0.7,0.7,0.7,0.7,0.7,0.7
2024,8,4428085,Luke Musgrave,Luke,Musgrave,WR,GB,,,,,,,,,,,,,,,,,,,,,,
2024,8,2980453,Jamaal Williams,Jamaal,Williams,WR,NO,,,,,,,,,,,1.79,2.28,2.04,0.49,3.0,0.0,,,,,,
2024,8,4428209,Ricky Pearsall,Ricky,Pearsall,WR,SF,"$5,200","$4,800",+400,1,1,100.0%,6,6.0,0,4.0%,5.6,8.55,7.08,2.94,39.03,0.28,34.7,34.7,34.7,34.7,34.7,34.7
2024,8,4429086,Michael Mayer,Michael,Mayer,WR,LV,,,,,,,,,,,,,,,,,,,,,,
2024,8,4432620,Parker Washington,Parker,Washington,WR,JAX,"$4,800","$4,600",+200,0,1,0.0%,0,0,0,4.5%,0.69,1.12,0.9,0.43,4.63,0.04,0.1,0.1,0.1,0.1,0.1,0.1
2024,8,4360967,Brevyn Spann-Ford,Brevyn,Spann-Ford,WR,DAL,,,,,,,,,,,,,,,,,,,,,,
2024,8,2971281,Pharaoh Brown,Pharaoh,Brown,WR,SEA,,,,,,,,,,,,,,,,,,,,,,
2024,8,3929785,Nick Westbrook-Ikhine,Nick,Westbrook-Ikhine,WR,TEN,,,,,,,,,,,3.81,6.08,4.95,2.27,30.03,0.14,0.1,0.1,0.1,0.1,0.1,0.1
2024,8,4383440,Nate Adkins,Nate,Adkins,WR,DEN,,,,,,,,,,,,,,,,,,,,,,
2024,8,3050481,Tanner Hudson,Tanner,Hudson,WR,CIN,,,,,,,,,,,,,,,,,,,,,,
2024,8,3910176,Kristian Wilkerson,Kristian,Wilkerson,WR,LV,"$4,900","$4,000",+900,2,3,66.7%,18,9.0,1,17.6%,0.08,0.13,0.11,0.05,0.54,0.01,0.0,0.0,0.0,0.0,0.0,0.0
2024,8,4429096,Blake Corum,Blake,Corum,WR,LAR,,,,,,,,,,,2.93,3.39,3.16,0.46,3.31,0.02,,,,,,
2024,8,4569603,Malik Washington,Malik,Washington,WR,MIA,"$4,300","$4,100",+200,,,,,,,,1.27,2.04,1.65,0.77,9.36,0.06,1.2,1.2,1.2,1.2,1.2,1.2
2024,8,4912274,Sione Vaki,Sione,Vaki,WR,DET,,,,,,,,,,,0.34,0.51,0.42,0.17,1.32,0.0,,,,,,
2024,8,4047422,Tanner Conner,Tanner,Conner,WR,MIA,,,,,,,,,,,,,,,,,,,,,,
2024,8,4240021,Cam Akers,Cam,Akers,WR,MIN,,,,,,,,,,,0.1,0.16,0.13,0.06,0.42,0.01,,,,,,
2024,8,4048228,John Bates,John,Bates,WR,WSH,,,,,,,,,,,,,,,,,,,,,,
2024,8,4428796,Casey Washington,Casey,Washington,WR,ATL,"$4,200","$4,000",+200,,,,,,,,0.32,0.53,0.42,0.21,2.37,0.01,0.0,0.0,0.0,0.0,0.0,0.0
2024,8,4431453,Deuce Vaughn,Deuce,Vaughn,WR,DAL,,,,,,,,,,,0.72,0.94,0.83,0.22,1.7,0.0,,,,,,
2024,8,4243004,Jordan Mims,Jordan,Mims,WR,NO,,,,,,,,,,,0.45,0.53,0.49,0.09,0.52,0.0,,,,,,
2024,8,4362018,Blake Whiteheart,Blake,Whiteheart,WR,CLE,,,,,,,,,,,,,,,,,,,,,,
2024,8,4879650,Grant DuBose,Grant,DuBose,WR,MIA,"$4,000","$4,000",0,,,,,,,,0.0,0.0,0.0,0.0,0.0,0.0,0.0,0.0,0.0,0.0,0.0,0.0
2024,8,2515270,Michael Burton,Michael,Burton,WR,DEN,,,,,,,,,,,0.33,0.62,0.48,0.29,2.09,0.01,,,,,,
2024,8,3122976,Jeff Wilson Jr.,Jeff,Wilson Jr.,WR,MIA,,,,,,,,,,,0.32,0.45,0.38,0.13,0.93,0.0,,,,,,
2024,8,4039358,Patrick Taylor Jr.,Patrick,Taylor Jr.,WR,SF,,,,,,,,,,,0.1,0.17,0.13,0.07,0.54,0.0,,,,,,
2024,8,4362523,Will Mallory,Will,Mallory,WR,IND,,,,,,,,,,,,,,,,,,,,,,
2024,8,4429275,Trey Benson,Trey,Benson,WR,ARI,,,,,,,,,,,2.61,2.97,2.79,0.36,2.51,0.02,,,,,,
2024,8,5083754,Ryan Flournoy,Ryan,Flournoy,WR,DAL,"$4,000",-,-,,,,,,,,0.45,0.72,0.58,0.28,3.06,0.02,0.1,0.1,0.1,0.1,0.1,0.1
2024,8,3052897,Durham Smythe,Durham,Smythe,WR,MIA,,,,,,,,,,,,,,,,,,,,,,
2024,8,3886818,Myles Gaskin,Myles,Gaskin,WR,MIN,,,,,,,,,,,,,,,,,,,,,,
2024,8,3931391,Trenton Irwin,Trenton,Irwin,WR,CIN,"$4,000","$4,000",0,1,5,20.0%,5,5.0,0,22.7%,0.26,0.39,0.32,0.13,1.66,0.02,0.1,0.1,0.1,0.1,0.1,0.1
2024,8,4012556,C.J. Ham,C.J.,Ham,WR,MIN,,,,,,,,,,,0.24,0.42,0.33,0.18,1.24,0.01,,,,,,
2024,8,3128720,Nick Chubb,Nick,Chubb,WR,CLE,,,,,,,,,,,9.79,11.37,10.58,1.58,13.23,0.05,,,,,,
2024,8,3914151,Josiah Deguara,Josiah,Deguara,WR,JAX,,,,,,,,,,,,,,,,,,,,,,
2024,8,2508256,MyCole Pruitt,MyCole,Pruitt,WR,PIT,,,,,,,,,,,,,,,,,,,,,,
2024,8,4035198,Brandon Johnson,Brandon,Johnson,WR,PIT,"$4,000","$4,000",0,,,,,,,,0.0,0.0,0.0,0.0,0.0,0.0,0.0,0.0,0.0,0.0,0.0,0.0
2024,8,4240589,Tristan Wirfs,Tristan,Wirfs,WR,TB,,,,,,,,,,,,,,,,,,,,,,
2024,8,4367567,Julius Chestnut,Julius,Chestnut,WR,TEN,,,,,,,,,,,1.04,1.1,1.07,0.06,0.53,0.0,,,,,,
2024,8,4686104,Johnny Wilson,Johnny,Wilson,WR,PHI,"$4,300","$4,600",-300,0,1,0.0%,0,0,0,10.0%,0.76,1.25,1.01,0.49,5.54,0.03,0.1,0.1,0.1,0.1,0.1,0.1
2024,8,4035693,Velus Jones Jr.,Velus,Jones Jr.,WR,CHI,,,,,,,,,,,0.0,0.0,0.0,0.0,0.0,0.0,,,,,,0.1
2024,8,4362477,Derius Davis,Derius,Davis,WR,LAC,"$4,300","$4,000",+300,1,1,100.0%,8,8.0,0,8.3%,0.34,0.4,0.37,0.06,0.61,0.0,0.1,0.1,0.1,0.1,0.1,0.1
2024,8,4372505,Payne Durham,Payne,Durham,WR,TB,,,,,,,,,,,,,,,,,,,,,,
2024,8,2511973,Eric Tomlinson,Eric,Tomlinson,WR,LAC,,,,,,,,,,,,,,,,,,,,,,
2024,8,3046779,Jared Goff,Jared,Goff,WR,DET,,,,,,,,,,,15.78,15.78,15.78,,,,,,,,,
2024,8,4362504,Brevin Jordan,Brevin,Jordan,WR,HOU,,,,,,,,,,,,,,,,,,,,,,
2024,8,4373684,Scott Matlock,Scott,Matlock,WR,LAC,,,,,,,,,,,,,,,,,,,,,,
2024,8,4430723,Jared Wiley,Jared,Wiley,WR,KC,,,,,,,,,,,,,,,,,,,,,,
2024,8,4567096,John Metchie III,John,Metchie III,WR,HOU,,,,,,,,,,,0.64,1.03,0.83,0.39,4.66,0.03,0.1,0.1,0.1,0.1,0.1,0.1
2024,8,3052177,John Ross,John,Ross,WR,PHI,"$4,000","$4,000",0,,,,,,,,0.0,0.0,0.0,0.0,0.0,0.0,0.0,0.0,0.0,0.0,0.0,0.0
2024,8,3127586,Jeremy McNichols,Jeremy,McNichols,WR,WSH,,,,,,,,,,,0.73,0.92,0.82,0.2,1.49,0.01,,,,,,
2024,8,4243830,Jaelon Darden,Jaelon,Darden,WR,CLE,"$4,000","$4,000",0,,,,,,,,0.0,0.0,0.0,0.0,0.0,0.0,0.0,0.0,0.0,0.0,0.0,0.0
2024,8,4386544,Xavier Smith,Xavier,Smith,WR,LAR,"$4,200","$4,100",+100,,,,,,,,0.0,0.0,0.0,0.0,0.0,0.0,0.0,0.0,0.0,0.0,0.0,0.0
2024,8,4690923,Ben Sinnott,Ben,Sinnott,WR,WSH,,,,,,,,,,,,,,,,,,,,,,
2024,8,4692590,Jalin Hyatt,Jalin,Hyatt,WR,NYG,"$4,300","$4,300",0,,,,,,,,0.98,1.6,1.29,0.61,7.9,0.03,2.5,2.5,2.5,2.5,2.5,2.5
2024,8,4696700,Tip Reiman,Tip,Reiman,WR,ARI,,,,,,,,,,,,,,,,,,,,,,
2024,8,2574808,Robbie Chosen,Robbie,Chosen,WR,MIA,"$4,000","$4,000",0,0,2,0.0%,0,0,0,16.7%,0.0,0.0,0.0,0.0,0.0,0.0,,,,,0.0,0.0
2024,8,2576716,Jamison Crowder,Jamison,Crowder,WR,WSH,"$4,000","$4,000",0,,,,,,,,,,,,,,0.0,0.0,0.0,0.0,0.0,0.0
2024,8,4242540,Isaiah Hodgins,Isaiah,Hodgins,WR,NYG,"$4,000","$4,000",0,,,,,,,,0.0,0.0,0.0,0.0,0.0,0.0,0.0,0.0,0.0,0.0,0.0,0.0
2024,8,4257188,Charlie Jones,Charlie,Jones,WR,CIN,"$4,600","$4,200",+400,,,,,,,,0.37,0.58,0.47,0.21,2.62,0.02,0.1,0.1,0.1,0.1,0.1,0.1
2024,8,4372561,Isaac Guerendo,Isaac,Guerendo,WR,SF,,,,,,,,,,,1.72,2.04,1.88,0.33,2.54,0.01,,,,,,
2024,8,4408854,Jody Fortson,Jody,Fortson,WR,KC,,,,,,,,,,,,,,,,,,,,,,
2024,8,2578533,Chris Conley,Chris,Conley,WR,SF,"$4,500","$4,200",+300,0,1,0.0%,0,0,0,4.0%,3.09,4.66,3.88,1.57,22.13,0.15,0.1,0.1,0.1,0.1,0.1,0.1
2024,8,4034862,Jack Stoll,Jack,Stoll,WR,PHI,,,,,,,,,,,,,,,,,,,,,,
2024,8,4035020,Charlie Woerner,Charlie,Woerner,WR,ATL,,,,,,,,,,,,,,,,,,,,,,
2024,8,4035886,Khalil Herbert,Khalil,Herbert,WR,CHI,,,,,,,,,,,0.32,0.44,0.38,0.12,0.89,0.01,,,,,,
2024,8,4045305,Ian Thomas,Ian,Thomas,WR,CAR,,,,,,,,,,,,,,,,,,,,,,
2024,8,4613104,Malachi Corley,Malachi,Corley,WR,NYJ,"$4,000","$4,000",0,,,,,,,,0.04,0.07,0.06,0.04,0.37,0.0,2.5,2.5,2.5,2.5,2.5,2.5
2024,8,3916204,James Proche II,James,Proche II,WR,CLE,,,,,,,,,,,0.09,0.14,0.12,0.05,0.62,0.01,0.0,0.0,0.0,0.0,0.0,0.0
2024,8,4429023,MarShawn Lloyd,MarShawn,Lloyd,WR,GB,,,,,,,,,,,0.9,1.25,1.07,0.36,2.47,0.02,,,,,,
2024,8,9614,Marcedes Lewis,Marcedes,Lewis,WR,CHI,,,,,,,,,,,,,,,,,,,,,,
2024,8,2468609,Taysom Hill,Taysom,Hill,WR,NO,,,,,,,,,,,,,,,,,,,,,,
2024,8,2577185,Jake Brendel,Jake,Brendel,WR,SF,,,,,,,,,,,,,,,,,,,,,,
2024,8,3051926,Gus Edwards,Gus,Edwards,WR,LAC,,,,,,,,,,,,,,,,,,,,,,
2024,8,3139477,Patrick Mahomes,Patrick,Mahomes,WR,KC,,,,,,,,,,,,,,,,,,,,,,
2024,8,4714365,Carson Steele,Carson,Steele,WR,KC,,,,,,,,,,,3.23,3.67,3.45,0.44,3.17,0.02,,,,,,
2024,8,3123303,Trent Scott,Trent,Scott,WR,WSH,,,,,,,,,,,,,,,,,,,,,,
2024,8,4360238,Dameon Pierce,Dameon,Pierce,WR,HOU,,,,,,,,,,,3.31,3.9,3.61,0.59,4.49,0.01,,,,,,
2024,8,4570577,Wanya Morris,Wanya,Morris,WR,KC,,,,,,,,,,,,,,,,,,,,,,
2024,8,4599739,Kendre Miller,Kendre,Miller,WR,NO,,,,,,,,,,,3.29,4.19,3.74,0.89,7.27,0.03,,,,,,
2024,8,16733,Odell Beckham Jr.,Odell,Beckham Jr.,WR,MIA,,,,,,,,,,,3.57,5.41,4.49,1.84,24.88,0.18,2.8,2.8,2.8,2.8,2.8,2.8
2024,8,16763,Jordan Matthews,Jordan,Matthews,WR,CAR,"$4,000","$4,000",0,,,,,,,,,,,,,,0.0,0.0,0.0,0.0,0.0,0.0
2024,8,16799,Allen Robinson,Allen,Robinson,WR,DET,,,,,,,,,,,,,,,,,,,,,,
2024,8,2975417,Patrick Ricard,Patrick,Ricard,WR,BAL,,,,,,,,,,,0.21,0.35,0.28,0.14,1.12,0.01,,,,,,
2024,8,2976292,Taylor Decker,Taylor,Decker,WR,DET,,,,,,,,,,,,,,,,,,,,,,
2024,8,3059722,Zay Jones,Zay,Jones,WR,ARI,"$4,000","$4,000",0,,,,,,,,2.27,3.73,3.0,1.46,15.99,0.12,1.7,1.7,1.7,1.7,1.7,1.7
2024,8,3123075,Braxton Berrios,Braxton,Berrios,WR,MIA,"$4,100","$4,200",-100,0,1,0.0%,0,0,0,8.3%,,,,,,,0.2,0.2,0.2,0.2,0.2,0.2
2024,8,3125107,Andrew Beck,Andrew,Beck,WR,GB,,,,,,,,,,,,,,,,,,,,,,
2024,8,3126997,Tom Kennedy,Tom,Kennedy,WR,DET,"$4,000","$4,000",0,,,,,,,,0.0,0.0,0.0,0.0,0.0,0.0,0.0,0.0,0.0,0.0,0.0,0.0
2024,8,3929636,Irvin Charles,Irvin,Charles,WR,NYJ,"$4,000","$4,000",0,0,1,0.0%,0,0,0,3.7%,0.08,0.13,0.11,0.05,0.54,0.01,0.0,0.0,0.0,0.0,0.0,0.0
2024,8,3929914,Adam Prentice,Adam,Prentice,WR,NO,,,,,,,,,,,0.0,0.0,0.0,0.0,0.0,0.0,,,,,,
2024,8,4034948,Feleipe Franks,Feleipe,Franks,WR,CAR,,,,,,,,,,,,,,,,,,,,,,
2024,8,4039607,J.J. Taylor,J.J.,Taylor,WR,HOU,,,,,,,,,,,0.0,0.0,0.0,0.0,0.0,0.0,,,,,,
2024,8,4243003,Ronnie Rivers,Ronnie,Rivers,WR,LAR,,,,,,,,,,,0.41,0.53,0.47,0.12,0.79,0.0,,,,,,
2024,8,4362186,Erik Ezukanma,Erik,Ezukanma,WR,MIA,"$4,000","$4,000",0,,,,,,,,0.0,0.0,0.0,0.0,0.0,0.0,0.0,0.0,0.0,0.0,0.0,0.0
2024,8,4401805,Dareke Young,Dareke,Young,WR,SEA,"$4,000","$4,000",0,,,,,,,,1.12,1.8,1.46,0.68,8.43,0.05,0.0,0.0,0.0,0.0,0.0,0.0
2024,8,4426553,Davis Allen,Davis,Allen,WR,LAR,,,,,,,,,,,,,,,,,,,,,,
2024,8,4428811,Xavier Weaver,Xavier,Weaver,WR,ARI,"$4,000","$4,000",0,,,,,,,,0.26,0.43,0.34,0.18,1.96,0.01,0.0,0.0,0.0,0.0,0.0,0.0
2024,8,4430191,Skyy Moore,Skyy,Moore,WR,KC,"$4,200","$4,300",-100,,,,,,,,0.0,0.0,0.0,0.0,0.0,0.0,0.2,0.2,0.2,0.2,0.2,0.2
2024,8,4568652,Tyler Smith,Tyler,Smith,WR,DAL,,,,,,,,,,,,,,,,,,,,,,
2024,8,4682745,Jaylen Wright,Jaylen,Wright,WR,MIA,,,,,,,,,,,2.13,2.39,2.26,0.26,1.89,0.02,,,,,,
2024,8,5097554,Kameron Johnson,Kameron,Johnson,WR,TB,"$4,500","$4,300",+200,0,1,0.0%,0,0,0,5.0%,0.43,0.7,0.57,0.27,3.11,0.02,0.0,0.0,0.0,0.0,0.0,0.0
2024,8,4039050,Devin Duvernay,Devin,Duvernay,WR,JAX,"$4,200","$4,300",-100,1,1,100.0%,-1,-1.0,0,4.5%,,,,,,,0.1,0.1,0.1,0.1,0.1,0.1
2024,8,4360763,Brycen Tremayne,Brycen,Tremayne,WR,WSH,"$4,000","$4,000",0,,,,,,,,0.08,0.12,0.1,0.04,0.49,0.01,0.0,0.0,0.0,0.0,0.0,0.0
2024,8,4362748,Tyler Badie,Tyler,Badie,WR,DEN,,,,,,,,,,,,,,,,,,,,,,
2024,8,4429775,Zach Frazier,Zach,Frazier,WR,PIT,,,,,,,,,,,,,,,,,,,,,,
2024,8,5092959,Dominick Puni,Dominick,Puni,WR,SF,,,,,,,,,,,,,,,,,,,,,,
2024,8,4360310,Trevor Lawrence,Trevor,Lawrence,WR,JAX,,,,,,,,,,,15.86,15.86,15.86,,,,,,,,,
