season,season_type,week,player_id,player_name,position,position_group,recent_team,opponent_team,fantasy_points,fantasy_points_ppr,carries,rushing_yards,rushing_tds,rushing_fumbles,rushing_fumbles_lost,rushing_first_downs,rushing_epa,rushing_2pt_conversions
2023,REG,13,00-0034681,C.Edmonds,RB,RB,TB,CAR,0.9,1.9,2,7.0,0,0.0,0.0,0.0,-0.31252667,0
2023,REG,13,00-0035685,D.Montgomery,RB,RB,DET,NO,11.5,12.5,18,56.0,1,0.0,0.0,5.0,-3.8825676,0
2023,REG,13,00-0036555,C.Hubbard,RB,RB,CAR,TB,22.4,22.4,25,104.0,2,0.0,0.0,6.0,0.6227139,0
2023,REG,13,00-0038098,P.Strong,RB,RB,CLE,LA,2.0,2.0,2,20.0,0,0.0,0.0,2.0,1.471634,0
2023,REG,13,00-0033897,J.Mixon,RB,RB,CIN,JAX,23.7,29.7,19,68.0,2,0.0,0.0,4.0,0.648713,0
2023,REG,13,00-0035250,D.Singletary,RB,RB,HOU,DEN,4.0,5.0,8,36.0,0,0.0,0.0,1.0,-1.6125225,0
2023,REG,13,00-0035261,T.Pollard,RB,RB,DAL,SEA,14.3,17.3,20,68.0,1,0.0,0.0,6.0,-0.91366035,0
2023,REG,13,00-0039040,D.Achane,RB,RB,MIA,WAS,22.3,25.3,17,73.0,2,0.0,0.0,4.0,5.1179852,0
2023,REG,13,00-0038120,B.Hall,RB,RB,NYJ,ATL,4.5,10.5,13,16.0,0,0.0,0.0,1.0,-6.746518,0
2023,REG,13,00-0036360,C.Edwards-Helaire,RB,RB,KC,GB,1.4,2.4,2,6.0,0,0.0,0.0,1.0,0.67928267,0
2023,REG,13,00-0035628,D.Johnson,RB,RB,JAX,CIN,0.9,1.9,5,4.0,0,0.0,0.0,1.0,-1.752275,0
2023,REG,13,00-0036370,J.Kelley,RB,RB,LAC,NE,2.5,4.5,6,16.0,0,0.0,0.0,1.0,-1.9417661,0
2023,REG,13,00-0037228,J.Warren,RB,RB,PIT,ARI,5.5,6.5,9,59.0,0,0.0,0.0,2.0,1.9998716,0
2023,REG,13,00-0036328,A.Gibson,RB,RB,WAS,MIA,7.2,11.2,10,35.0,0,0.0,0.0,1.0,-2.2266092,0
2023,REG,13,00-0039032,T.Spears,RB,RB,TEN,IND,8.8,12.8,16,75.0,0,0.0,0.0,4.0,0.98925954,0
2023,REG,13,00-0033906,A.Kamara,RB,RB,NO,DET,22.9,28.9,14,51.0,2,0.0,0.0,5.0,0.17520843,0
2023,REG,13,00-0039165,Z.Charbonnet,RB,RB,SEA,DAL,15.9,16.9,19,60.0,1,0.0,0.0,2.0,-5.9333215,0
2023,REG,13,00-0036425,D.Dallas,RB,RB,SEA,DAL,0.6,0.6,1,6.0,0,0.0,0.0,0.0,0.15195528,0
2023,REG,13,00-0036275,D.Swift,RB,RB,PHI,SF,2.0,4.0,6,13.0,0,0.0,0.0,0.0,-2.7918904,0
2023,REG,13,00-0037263,T.Allgeier,RB,RB,ATL,NYJ,2.6,2.6,8,26.0,0,0.0,0.0,1.0,-2.5014968,0
2023,REG,13,00-0034115,J.Wilson,RB,RB,MIA,WAS,1.1,1.1,4,11.0,0,0.0,0.0,1.0,0.33152732,0
2023,REG,13,00-0035243,M.Sanders,RB,RB,CAR,TB,2.9,3.9,8,23.0,0,0.0,0.0,1.0,-2.14079,0
2023,REG,13,00-0037197,I.Pacheco,RB,RB,KC,GB,18.3,21.3,18,110.0,1,0.0,0.0,8.0,4.943246,0
2023,REG,13,00-0033280,C.McCaffrey,RB,RB,SF,PHI,19.3,22.3,17,93.0,1,0.0,0.0,7.0,5.639732,0
2023,REG,13,00-0036265,A.Dillon,RB,RB,GB,KC,8.7,9.7,18,73.0,0,0.0,0.0,5.0,0.83197004,0
2023,REG,13,00-0033526,S.Perine,RB,RB,DEN,HOU,0.6,2.6,1,1.0,0,0.0,0.0,0.0,-1.5395077,0
2023,REG,13,00-0037258,D.Pierce,RB,RB,HOU,DEN,10.1,10.1,15,41.0,1,0.0,0.0,1.0,-3.2650745,0
2023,REG,13,00-0032764,D.Henry,RB,RB,TEN,IND,24.0,25.0,21,102.0,2,0.0,0.0,7.0,3.3746006,0
2023,REG,13,00-0033948,J.Williams,RB,RB,NO,DET,1.6,2.6,5,10.0,0,0.0,0.0,1.0,-2.2378123,0
2023,REG,13,00-0034838,R.Freeman,RB,RB,LA,CLE,0.0,0.0,1,0.0,0,0.0,0.0,0.0,-0.6019239,0
2023,REG,13,00-0036893,N.Harris,RB,RB,PIT,ARI,7.7,9.7,16,63.0,0,0.0,0.0,2.0,-6.289323,0
2023,REG,13,00-0035973,P.Taylor,RB,RB,GB,KC,2.9,2.9,2,29.0,0,0.0,0.0,1.0,1.5850389,0
2023,REG,13,00-0034414,B.Scott,RB,RB,PHI,SF,2.9,3.9,1,2.0,0,0.0,0.0,0.0,-0.48506328,0
2023,REG,13,00-0037525,J.Mason,RB,RB,SF,PHI,1.0,1.0,2,10.0,0,0.0,0.0,1.0,-0.71505183,0
2023,REG,13,00-0033699,A.Ekeler,RB,RB,LAC,NE,2.7,4.7,14,18.0,0,0.0,0.0,4.0,-5.8362617,0
2023,REG,13,00-0036924,M.Carter,RB,RB,ARI,PIT,2.5,2.5,4,25.0,0,0.0,0.0,1.0,0.57767016,0
2023,REG,13,00-0039139,J.Gibbs,RB,RB,DET,NO,5.4,6.4,8,60.0,0,0.0,0.0,1.0,1.5078913,0
2023,REG,13,00-0038542,B.Robinson,RB,RB,ATL,NYJ,7.9,10.9,18,53.0,0,0.0,0.0,1.0,-4.903525,0
2023,REG,13,00-0037429,R.Blackshear,RB,RB,CAR,TB,0.6,0.6,1,6.0,0,0.0,0.0,0.0,-0.45522875,0
2023,REG,13,00-0031687,R.Mostert,RB,RB,MIA,WAS,11.1,12.1,11,43.0,1,0.0,0.0,3.0,1.4147074,0
2023,REG,13,00-0038794,J.McLaughlin,RB,RB,DEN,HOU,2.1,4.1,4,15.0,0,0.0,0.0,1.0,-0.40386695,0
2023,REG,13,00-0036139,R.Dowdle,RB,RB,DAL,SEA,2.2,3.2,5,15.0,0,0.0,0.0,0.0,-1.2867396,0
2023,REG,13,00-0033854,D.Ogunbowale,RB,RB,HOU,DEN,1.5,2.5,1,1.0,0,0.0,0.0,0.0,-0.77669287,0
2023,REG,13,00-0036919,K.Gainwell,RB,RB,PHI,SF,4.7,9.7,2,5.0,0,0.0,0.0,0.0,-0.7163131,0
2023,REG,13,00-0038611,C.Rodriguez,RB,RB,WAS,MIA,2.9,2.9,7,29.0,0,0.0,0.0,1.0,-1.5361584,0
2023,REG,13,00-0036875,R.Stevenson,RB,RB,NE,LAC,1.9,2.9,9,39.0,0,1.0,1.0,3.0,-2.2570593,0
2023,REG,13,00-0036973,T.Etienne,RB,RB,JAX,CIN,13.9,17.9,11,45.0,1,0.0,0.0,4.0,-1.3729486,0
2023,REG,13,00-0036251,Z.Moss,RB,RB,IND,TEN,5.7,7.7,19,51.0,0,0.0,0.0,4.0,-4.1750174,0
2023,REG,13,00-0036997,J.Williams,RB,RB,DEN,HOU,7.0,10.0,13,46.0,0,0.0,0.0,3.0,-0.4753342,0
2023,REG,13,00-0037267,J.Ford,RB,RB,CLE,LA,11.2,14.2,9,19.0,0,0.0,0.0,2.0,-2.4019814,0
2023,REG,13,00-0030578,C.Patterson,RB,RB,ATL,NYJ,1.7,2.7,5,11.0,0,1.0,0.0,1.0,-1.699703,0
2023,REG,13,00-0037840,K.Williams,RB,RB,LA,CLE,17.2,20.2,21,88.0,1,0.0,0.0,5.0,1.2611073,0
2023,REG,13,00-0037120,T.Goodson,RB,RB,IND,TEN,1.1,3.1,0,0.0,0,0.0,0.0,0.0,,0
2023,REG,13,00-0033923,K.Hunt,RB,RB,CLE,LA,4.8,5.8,12,48.0,0,0.0,0.0,5.0,2.1004598,0
2023,REG,13,00-0033045,E.Elliott,RB,RB,NE,LAC,9.2,13.2,17,52.0,0,1.0,0.0,1.0,-5.280251,0
2023,REG,13,00-0035831,J.Robinson,RB,RB,GB,KC,0.0,1.0,1,2.0,0,0.0,0.0,0.0,-0.48172137,0
2023,REG,13,00-0033553,J.Conner,RB,RB,ARI,PIT,22.5,22.5,25,105.0,2,0.0,0.0,6.0,0.6779467,0
2023,REG,13,00-0033893,D.Cook,RB,RB,NYJ,ATL,2.6,3.6,9,35.0,0,1.0,1.0,1.0,-5.973788,0
2023,REG,13,00-0037256,R.White,RB,RB,TB,CAR,16.6,19.6,20,84.0,1,0.0,0.0,3.0,-3.3520563,0
2023,REG,13,00-0036984,T.Sermon,RB,RB,IND,TEN,0.0,0.0,0,0.0,0,0.0,0.0,0.0,,0
2023,REG,13,00-0037746,B.Robinson,RB,RB,WAS,MIA,5.3,5.3,7,53.0,0,0.0,0.0,2.0,2.2918396,0
2023,REG,13,00-0038597,C.Brown,RB,RB,CIN,JAX,6.1,6.1,9,61.0,0,0.0,0.0,2.0,-0.23872949,0
2023,REG,13,00-0036567,E.Mitchell,RB,RB,SF,PHI,1.3,1.3,3,13.0,0,0.0,0.0,1.0,-0.08426559,0
2023,REG,14,00-0037258,D.Pierce,RB,RB,HOU,NYJ,0.7,1.7,4,9.0,0,0.0,0.0,0.0,-1.5105941,0
2023,REG,14,00-0037429,R.Blackshear,RB,RB,CAR,NO,0.8,1.8,1,4.0,0,0.0,0.0,0.0,-0.17727129,0
2023,REG,14,00-0037525,J.Mason,RB,RB,SF,SEA,8.6,9.6,4,20.0,1,0.0,0.0,2.0,1.2694358,0
2023,REG,14,00-0037267,J.Ford,RB,RB,CLE,JAX,8.2,13.2,12,51.0,0,0.0,0.0,1.0,-3.582718,0
2023,REG,14,00-0037256,R.White,RB,RB,TB,ATL,19.5,21.5,25,102.0,0,1.0,0.0,5.0,-3.352462,0
2023,REG,14,00-0037263,T.Allgeier,RB,RB,ATL,TB,4.0,4.0,9,40.0,0,0.0,0.0,2.0,-0.058844283,0
2023,REG,14,00-0037248,J.Cook,RB,RB,BUF,KC,20.1,25.1,10,58.0,0,0.0,0.0,3.0,1.7273483,0
2023,REG,14,00-0035628,D.Johnson,RB,RB,JAX,CLE,2.8,4.8,3,12.0,0,0.0,0.0,0.0,-0.31674784,0
2023,REG,14,00-0037120,T.Goodson,RB,RB,IND,CIN,-0.2,0.8,0,0.0,0,0.0,0.0,0.0,,0
2023,REG,14,00-0033923,K.Hunt,RB,RB,CLE,JAX,9.0,10.0,10,27.0,1,0.0,0.0,2.0,1.3572078,0
2023,REG,14,00-0038794,J.McLaughlin,RB,RB,DEN,LAC,3.2,4.2,5,25.0,0,0.0,0.0,1.0,1.5245225,0
2023,REG,14,00-0033925,D.Foreman,RB,RB,CHI,DET,7.2,9.2,11,50.0,0,0.0,0.0,2.0,-0.80461746,0
2023,REG,14,00-0033948,J.Williams,RB,RB,NO,CAR,4.3,4.3,11,43.0,0,0.0,0.0,3.0,-2.22203,0
2023,REG,14,00-0034184,G.Edwards,RB,RB,BAL,LA,1.5,1.5,6,15.0,0,0.0,0.0,0.0,-2.573099,0
2023,REG,14,00-0034414,B.Scott,RB,RB,PHI,DAL,0.9,0.9,3,9.0,0,0.0,0.0,0.0,-1.0835562,0
2023,REG,14,00-0034681,C.Edmonds,RB,RB,TB,ATL,5.8,7.8,8,40.0,0,0.0,0.0,1.0,-0.1640128,0
2023,REG,14,00-0034838,R.Freeman,RB,RB,LA,BAL,0.9,0.9,3,9.0,0,0.0,0.0,0.0,-0.9748145,0
2023,REG,14,00-0034844,S.Barkley,RB,RB,NYG,GB,20.1,23.1,20,86.0,2,1.0,1.0,4.0,-10.843342,0
2023,REG,14,00-0034972,A.Mattison,RB,RB,MIN,LV,6.6,6.6,10,66.0,0,0.0,0.0,3.0,1.6562419,0
2023,REG,14,00-0034975,J.Hill,RB,RB,BAL,LA,1.2,2.2,0,0.0,0,0.0,0.0,0.0,,0
2023,REG,14,00-0037228,J.Warren,RB,RB,PIT,NE,4.0,8.0,7,11.0,0,0.0,0.0,0.0,-3.335443,0
2023,REG,14,00-0035243,M.Sanders,RB,RB,CAR,NO,7.4,7.4,10,74.0,0,0.0,0.0,2.0,4.1172185,0
2023,REG,14,00-0035250,D.Singletary,RB,RB,HOU,NYJ,12.5,12.5,13,65.0,1,0.0,0.0,3.0,0.52992004,0
2023,REG,14,00-0035261,T.Pollard,RB,RB,DAL,PHI,9.6,16.6,16,59.0,0,0.0,0.0,3.0,0.53425634,0
2023,REG,14,00-0033906,A.Kamara,RB,RB,NO,CAR,10.5,13.5,12,56.0,1,0.0,0.0,2.0,2.2387934,0
2023,REG,14,00-0033897,J.Mixon,RB,RB,CIN,IND,18.5,21.5,21,79.0,1,0.0,0.0,4.0,1.034053,0
2023,REG,14,00-0033893,D.Cook,RB,RB,NYJ,HOU,0.8,1.8,7,13.0,0,0.0,0.0,0.0,-2.883486,0
2023,REG,14,00-0033854,D.Ogunbowale,RB,RB,HOU,NYJ,1.1,2.1,2,7.0,0,0.0,0.0,1.0,-0.93478006,0
2023,REG,14,00-0039165,Z.Charbonnet,RB,RB,SEA,SF,4.8,5.8,9,44.0,0,0.0,0.0,2.0,-1.4134259,0
2023,REG,14,00-0030513,L.Murray,RB,RB,BUF,KC,3.0,4.0,3,9.0,0,0.0,0.0,1.0,0.024108969,0
2023,REG,14,00-0030578,C.Patterson,RB,RB,ATL,TB,0.7,0.7,3,7.0,0,0.0,0.0,0.0,-0.98775244,0
2023,REG,14,00-0031376,J.McKinnon,RB,RB,KC,BUF,9.7,12.7,4,19.0,1,0.0,0.0,2.0,3.9650488,0
2023,REG,14,00-0031687,R.Mostert,RB,RB,MIA,TEN,22.0,23.0,21,96.0,2,0.0,0.0,7.0,3.2701886,0
2023,REG,14,00-0032104,A.Abdullah,RB,RB,LV,MIN,1.9,3.9,1,12.0,0,0.0,0.0,1.0,0.1879369,0
2023,REG,14,00-0039139,J.Gibbs,RB,RB,DET,CHI,14.2,17.2,11,66.0,1,1.0,0.0,3.0,-1.1057469,0
2023,REG,14,00-0035291,T.Williams,RB,RB,CIN,IND,-0.1,0.9,0,0.0,0,0.0,0.0,0.0,,0
2023,REG,14,00-0032764,D.Henry,RB,RB,TEN,MIA,17.1,18.1,17,34.0,2,0.0,0.0,3.0,-2.016041,0
2023,REG,14,00-0039040,D.Achane,RB,RB,MIA,TEN,7.1,12.1,7,47.0,0,0.0,0.0,2.0,1.2208339,0
2023,REG,14,00-0033280,C.McCaffrey,RB,RB,SF,SEA,15.3,16.3,16,145.0,0,0.0,0.0,4.0,3.658124,0
2023,REG,14,00-0039032,T.Spears,RB,RB,TEN,MIA,11.8,17.8,7,29.0,0,0.0,0.0,1.0,0.016871499,0
2023,REG,14,00-0033308,M.Breida,RB,RB,NYG,GB,1.6,1.6,2,16.0,0,0.0,0.0,1.0,0.90091693,0
2023,REG,14,00-0033526,S.Perine,RB,RB,DEN,LAC,4.4,9.4,2,8.0,0,0.0,0.0,1.0,0.32064563,0
2023,REG,14,00-0039021,R.Johnson,RB,RB,CHI,DET,0.6,0.6,1,6.0,0,0.0,0.0,0.0,-0.6497367,0
2023,REG,14,00-0033699,A.Ekeler,RB,RB,LAC,DEN,16.0,21.0,10,51.0,1,0.0,0.0,3.0,2.4006984,0
2023,REG,14,00-0033045,E.Elliott,RB,RB,NE,PIT,20.0,27.0,22,68.0,0,0.0,0.0,2.0,-5.304062,0
2023,REG,14,00-0035537,T.Johnson,RB,RB,BUF,KC,2.1,4.1,5,19.0,0,0.0,0.0,1.0,0.22808287,0
2023,REG,14,00-0038597,C.Brown,RB,RB,CIN,IND,16.5,19.5,8,25.0,0,0.0,0.0,0.0,-2.9200263,0
2023,REG,14,00-0038542,B.Robinson,RB,RB,ATL,TB,14.8,19.8,10,34.0,1,0.0,0.0,2.0,0.26805857,0
2023,REG,14,00-0038120,B.Hall,RB,RB,NYJ,HOU,18.6,26.6,10,40.0,0,0.0,0.0,2.0,-2.3852286,0
2023,REG,14,00-0036360,C.Edwards-Helaire,RB,RB,KC,BUF,6.8,8.8,11,39.0,0,0.0,0.0,2.0,-2.0056338,0
2023,REG,14,00-0036370,J.Kelley,RB,RB,LAC,DEN,0.6,0.6,3,6.0,0,0.0,0.0,0.0,-4.865974,0
2023,REG,14,00-0038098,P.Strong,RB,RB,CLE,JAX,0.0,0.0,1,0.0,0,0.0,0.0,0.0,-0.7398464,0
2023,REG,14,00-0036842,K.Nwangwu,RB,RB,MIN,LV,0.3,0.3,2,3.0,0,0.0,0.0,0.0,-1.1044015,0
2023,REG,14,00-0036893,N.Harris,RB,RB,PIT,NE,4.8,7.8,12,29.0,0,0.0,0.0,0.0,-4.552962,0
2023,REG,14,00-0036275,D.Swift,RB,RB,PHI,DAL,3.9,3.9,11,39.0,0,0.0,0.0,2.0,-1.7082949,0
2023,REG,14,00-0038045,I.Spiller,RB,RB,LAC,DEN,1.9,1.9,6,19.0,0,0.0,0.0,0.0,-2.3728359,0
2023,REG,14,00-0036919,K.Gainwell,RB,RB,PHI,DAL,2.8,2.8,4,28.0,0,0.0,0.0,2.0,0.7359472,0
2023,REG,14,00-0038040,Z.White,RB,RB,LV,MIN,0.8,0.8,2,8.0,0,0.0,0.0,0.0,-0.2196906,0
2023,REG,14,00-0036973,T.Etienne,RB,RB,JAX,CLE,13.2,17.2,14,35.0,1,0.0,0.0,2.0,-3.2210498,0
2023,REG,14,00-0037840,K.Williams,RB,RB,LA,BAL,11.3,14.3,25,114.0,0,0.0,0.0,5.0,2.5287604,0
2023,REG,14,00-0036984,T.Sermon,RB,RB,IND,CIN,1.3,1.3,3,13.0,0,0.0,0.0,1.0,-0.556549,0
2023,REG,14,00-0036997,J.Williams,RB,RB,DEN,LAC,15.1,18.1,17,66.0,1,0.0,0.0,4.0,-2.859514,0
2023,REG,14,00-0036906,K.Herbert,RB,RB,CHI,DET,0.8,0.8,3,8.0,0,0.0,0.0,0.0,-1.1183977,0
2023,REG,14,00-0036265,A.Dillon,RB,RB,GB,NYG,7.8,9.8,15,53.0,0,0.0,0.0,2.0,-0.920241,0
2023,REG,14,00-0036555,C.Hubbard,RB,RB,CAR,NO,9.6,11.6,23,87.0,0,0.0,0.0,5.0,1.4179265,0
2023,REG,14,00-0035973,P.Taylor,RB,RB,GB,NYG,5.2,7.2,4,30.0,0,0.0,0.0,2.0,1.4653299,0
2023,REG,14,00-0035685,D.Montgomery,RB,RB,DET,CHI,8.5,11.5,10,66.0,0,0.0,0.0,3.0,3.0818315,0
2023,REG,14,00-0035700,J.Jacobs,RB,RB,LV,MIN,5.0,7.0,13,34.0,0,0.0,0.0,1.0,-3.2197957,0
2023,REG,14,00-0038454,K.Mitchell,RB,RB,BAL,LA,6.2,7.2,9,54.0,0,0.0,0.0,2.0,0.59126306,0
2023,REG,14,00-0038134,K.Walker,RB,RB,SEA,SF,5.4,9.4,8,21.0,0,0.0,0.0,2.0,-2.952761,0
2023,REG,14,00-0036139,R.Dowdle,RB,RB,DAL,PHI,11.2,12.2,12,46.0,1,0.0,0.0,1.0,-0.88185227,0
2023,REG,14,00-0037276,T.Chandler,RB,RB,MIN,LV,4.2,7.2,12,35.0,0,0.0,0.0,1.0,-2.48405,0
2023,REG,14,00-0036251,Z.Moss,RB,RB,IND,CIN,5.6,9.6,13,28.0,0,0.0,0.0,2.0,-4.0450983,0
2023,REG,14,00-0038389,I.Abanikanda,RB,RB,NYJ,HOU,-0.1,-0.1,3,-1.0,0,0.0,0.0,0.0,-1.6431879,0
2023,REG,15,00-0038542,B.Robinson,RB,RB,ATL,CAR,-0.6,0.4,7,11.0,0,1.0,1.0,1.0,-9.509049,0
2023,REG,15,00-0039165,Z.Charbonnet,RB,RB,SEA,PHI,1.6,1.6,4,16.0,0,0.0,0.0,1.0,-0.0144116795,0
2023,REG,15,00-0038134,K.Walker,RB,RB,SEA,PHI,17.2,20.2,19,86.0,1,0.0,0.0,6.0,0.09257728,0
2023,REG,15,00-0038454,K.Mitchell,RB,RB,BAL,JAX,8.8,10.8,9,73.0,0,0.0,0.0,5.0,3.669911,0
2023,REG,15,00-0038555,T.Bigsby,RB,RB,JAX,BAL,-0.2,-0.2,1,-2.0,0,0.0,0.0,0.0,-0.98446053,0
2023,REG,15,00-0037840,K.Williams,RB,RB,LA,WAS,19.5,24.5,27,152.0,1,1.0,1.0,11.0,-3.8679132,1
2023,REG,15,00-0038120,B.Hall,RB,RB,NYJ,MIA,1.8,2.8,6,12.0,0,0.0,0.0,0.0,-2.774654,0
2023,REG,15,00-0039139,J.Gibbs,RB,RB,DET,DEN,22.8,24.8,11,100.0,1,0.0,0.0,5.0,4.963336,0
2023,REG,15,00-0037276,T.Chandler,RB,RB,MIN,CIN,21.7,24.7,23,132.0,1,0.0,0.0,6.0,3.275791,0
2023,REG,15,00-0037286,K.Harris,RB,RB,NE,KC,8.5,8.5,4,25.0,1,0.0,0.0,1.0,1.515348,0
2023,REG,15,00-0038794,J.McLaughlin,RB,RB,DEN,DET,1.8,3.8,2,2.0,0,0.0,0.0,0.0,-0.7490797,0
2023,REG,15,00-0038040,Z.White,RB,RB,LV,LAC,14.5,17.5,17,69.0,1,0.0,0.0,2.0,-2.595093,0
2023,REG,15,00-0037525,J.Mason,RB,RB,SF,ARI,2.0,2.0,5,20.0,0,0.0,0.0,1.0,-0.9296179,0
2023,REG,15,00-0039040,D.Achane,RB,RB,MIA,NYJ,6.2,9.2,9,32.0,0,0.0,0.0,1.0,1.229551,0
2023,REG,15,00-0038705,E.Demercado,RB,RB,ARI,SF,13.0,14.0,4,64.0,1,0.0,0.0,2.0,3.5058215,0
2023,REG,15,00-0039032,T.Spears,RB,RB,TEN,HOU,3.7,4.7,9,30.0,0,0.0,0.0,2.0,-1.3185174,0
2023,REG,15,00-0038045,I.Spiller,RB,RB,LAC,LV,5.0,5.0,16,50.0,0,0.0,0.0,1.0,-4.1603274,0
2023,REG,15,00-0038611,C.Rodriguez,RB,RB,WAS,LA,3.5,3.5,10,35.0,0,0.0,0.0,2.0,-0.9779699,0
2023,REG,15,00-0038396,E.Gray,RB,RB,NYG,NO,0.6,3.6,0,0.0,0,0.0,0.0,0.0,,0
2023,REG,15,00-0039021,R.Johnson,RB,RB,CHI,CLE,6.0,10.0,5,36.0,0,0.0,0.0,1.0,-0.22445051,0
2023,REG,15,00-0038389,I.Abanikanda,RB,RB,NYJ,MIA,1.9,3.9,4,8.0,0,0.0,0.0,0.0,-1.9654046,0
2023,REG,15,00-0038098,P.Strong,RB,RB,CLE,CHI,1.1,3.1,2,2.0,0,0.0,0.0,0.0,-1.3646274,0
2023,REG,15,00-0038597,C.Brown,RB,RB,CIN,MIN,5.1,8.1,7,23.0,0,1.0,0.0,2.0,-0.71828836,0
2023,REG,15,00-0038738,H.Luepke,RB,RB,DAL,BUF,0.3,0.3,1,3.0,0,0.0,0.0,1.0,0.5743319,0
2023,REG,15,00-0029239,B.Bolden,RB,RB,LV,LAC,8.5,8.5,2,25.0,1,0.0,0.0,1.0,2.5749238,0
2023,REG,15,00-0035537,T.Johnson,RB,RB,BUF,DAL,5.8,6.8,9,54.0,0,1.0,0.0,4.0,2.502487,0
2023,REG,15,00-0034844,S.Barkley,RB,RB,NYG,NO,3.7,5.7,9,14.0,0,0.0,0.0,1.0,-3.944164,0
2023,REG,15,00-0034838,R.Freeman,RB,RB,LA,WAS,1.6,1.6,6,16.0,0,0.0,0.0,0.0,-1.7638359,0
2023,REG,15,00-0036973,T.Etienne,RB,RB,JAX,BAL,5.9,9.9,10,31.0,0,0.0,0.0,2.0,-1.1022322,0
2023,REG,15,00-0034681,C.Edmonds,RB,RB,TB,GB,1.3,1.3,3,13.0,0,0.0,0.0,0.0,-0.34453824,0
2023,REG,15,00-0036984,T.Sermon,RB,RB,IND,PIT,8.8,8.8,17,88.0,0,0.0,0.0,5.0,4.6541095,0
2023,REG,15,00-0036997,J.Williams,RB,RB,DEN,DET,2.0,4.0,12,27.0,0,0.0,0.0,1.0,-6.9769864,0
2023,REG,15,00-0034975,J.Hill,RB,RB,BAL,JAX,2.3,2.3,5,23.0,0,0.0,0.0,0.0,-1.2900891,0
2023,REG,15,00-0034184,G.Edwards,RB,RB,BAL,JAX,12.9,13.9,16,58.0,1,0.0,0.0,4.0,-2.4180346,0
2023,REG,15,00-0033948,J.Williams,RB,RB,NO,NYG,2.6,3.6,8,24.0,0,0.0,0.0,2.0,-1.1743274,0
2023,REG,15,00-0033925,D.Foreman,RB,RB,CHI,CLE,-0.6,-0.6,6,-6.0,0,0.0,0.0,0.0,-5.0980225,0
2023,REG,15,00-0033923,K.Hunt,RB,RB,CLE,CHI,2.0,3.0,7,8.0,0,0.0,0.0,1.0,-4.150981,0
2023,REG,15,00-0033906,A.Kamara,RB,RB,NO,NYG,11.0,16.0,16,66.0,0,0.0,0.0,5.0,-2.8327773,0
2023,REG,15,00-0033897,J.Mixon,RB,RB,CIN,MIN,12.1,15.1,10,47.0,1,0.0,0.0,2.0,3.5961,0
2023,REG,15,00-0037228,J.Warren,RB,RB,PIT,IND,6.8,11.8,10,40.0,0,0.0,0.0,1.0,-2.313202,0
2023,REG,15,00-0037120,T.Goodson,RB,RB,IND,PIT,7.9,9.9,11,69.0,0,0.0,0.0,3.0,0.51332617,0
2023,REG,15,00-0036924,M.Carter,RB,RB,ARI,SF,3.7,6.7,3,27.0,0,0.0,0.0,1.0,0.90524155,0
2023,REG,15,00-0035243,M.Sanders,RB,RB,CAR,ATL,1.3,3.3,6,2.0,0,0.0,0.0,0.0,-3.7350194,0
2023,REG,15,00-0036919,K.Gainwell,RB,RB,PHI,SEA,2.1,2.1,6,21.0,0,0.0,0.0,2.0,1.2067088,0
2023,REG,15,00-0036360,C.Edwards-Helaire,RB,RB,KC,NE,16.1,20.1,13,37.0,0,0.0,0.0,2.0,-3.268858,0
2023,REG,15,00-0036328,A.Gibson,RB,RB,WAS,LA,3.5,8.5,4,15.0,0,0.0,0.0,0.0,-0.74156034,0
2023,REG,15,00-0036275,D.Swift,RB,RB,PHI,SEA,7.5,9.5,18,74.0,0,0.0,0.0,3.0,-0.89635915,0
2023,REG,15,00-0036555,C.Hubbard,RB,RB,CAR,ATL,10.3,12.3,22,87.0,0,0.0,0.0,6.0,-6.430283,0
2023,REG,15,00-0036251,Z.Moss,RB,RB,IND,PIT,9.3,12.3,4,13.0,0,0.0,0.0,1.0,-0.15301335,0
2023,REG,15,00-0036139,R.Dowdle,RB,RB,DAL,BUF,1.2,3.2,3,4.0,0,0.0,0.0,0.0,-1.5975416,0
2023,REG,15,00-0036842,K.Nwangwu,RB,RB,MIN,CIN,0.1,0.1,1,1.0,0,0.0,0.0,0.0,-0.5259633,0
2023,REG,15,00-0036893,N.Harris,RB,RB,PIT,IND,1.3,1.3,12,33.0,0,1.0,1.0,1.0,-8.047932,0
2023,REG,15,00-0035973,P.Taylor,RB,RB,GB,TB,0.2,2.2,1,6.0,0,0.0,0.0,1.0,0.19541574,0
2023,REG,15,00-0035685,D.Montgomery,RB,RB,DET,DEN,8.2,10.2,17,85.0,0,0.0,0.0,5.0,0.92881346,0
2023,REG,15,00-0035628,D.Johnson,RB,RB,JAX,BAL,0.5,0.5,2,5.0,0,0.0,0.0,1.0,-0.27779165,0
2023,REG,15,00-0036906,K.Herbert,RB,RB,CHI,CLE,1.2,2.2,6,8.0,0,0.0,0.0,0.0,-2.394806,0
2023,REG,15,00-0035291,T.Williams,RB,RB,CIN,MIN,1.2,2.2,1,10.0,0,0.0,0.0,0.0,-0.24556659,0
2023,REG,15,00-0035261,T.Pollard,RB,RB,DAL,BUF,5.7,7.7,11,52.0,0,0.0,0.0,3.0,0.5595681,0
2023,REG,15,00-0035250,D.Singletary,RB,RB,HOU,TEN,17.0,21.0,26,121.0,0,0.0,0.0,5.0,-2.4271705,0
2023,REG,15,00-0033893,D.Cook,RB,RB,NYJ,MIA,1.0,2.0,1,4.0,0,0.0,0.0,0.0,-0.23411503,0
2023,REG,15,00-0033854,D.Ogunbowale,RB,RB,HOU,TEN,1.7,1.7,1,17.0,0,0.0,0.0,0.0,0.48352036,0
2023,REG,15,00-0034115,J.Wilson,RB,RB,MIA,NYJ,0.6,1.6,2,5.0,0,0.0,0.0,0.0,-1.9463471,0
2023,REG,15,00-0033045,E.Elliott,RB,RB,NE,KC,4.6,9.6,11,25.0,0,0.0,0.0,0.0,-4.550411,0
2023,REG,15,00-0030513,L.Murray,RB,RB,BUF,DAL,7.1,7.1,5,11.0,1,0.0,0.0,2.0,-2.2507842,0
2023,REG,15,00-0030578,C.Patterson,RB,RB,ATL,CAR,6.0,7.0,5,-2.0,0,0.0,0.0,0.0,-3.7238545,0
2023,REG,15,00-0031376,J.McKinnon,RB,RB,KC,NE,13.16,16.16,4,11.0,0,0.0,0.0,0.0,-1.1265252,0
2023,REG,15,00-0031687,R.Mostert,RB,RB,MIA,NYJ,16.3,18.3,15,42.0,2,0.0,0.0,4.0,-0.6778432,0
2023,REG,15,00-0037267,J.Ford,RB,RB,CLE,CHI,3.1,7.1,8,20.0,0,0.0,0.0,0.0,-3.4762416,0
2023,REG,15,00-0032104,A.Abdullah,RB,RB,LV,LAC,4.5,6.5,6,32.0,0,0.0,0.0,3.0,4.5653133,0
2023,REG,15,00-0037263,T.Allgeier,RB,RB,ATL,CAR,5.1,6.1,14,45.0,0,0.0,0.0,2.0,-1.5582054,0
2023,REG,15,00-0032764,D.Henry,RB,RB,TEN,HOU,1.0,5.0,16,9.0,0,0.0,0.0,2.0,-6.435158,0
2023,REG,15,00-0032975,J.Williams,RB,RB,WAS,LA,-0.2,-0.2,1,-2.0,0,0.0,0.0,0.0,-0.9947466,0
2023,REG,15,00-0037258,D.Pierce,RB,RB,HOU,TEN,0.3,0.3,1,3.0,0,0.0,0.0,0.0,-0.2030579,0
2023,REG,15,00-0033699,A.Ekeler,RB,RB,LAC,LV,3.8,7.8,5,9.0,0,0.0,0.0,0.0,-5.7397933,0
2023,REG,15,00-0033118,K.Drake,RB,RB,GB,TB,0.0,0.0,1,0.0,0,0.0,0.0,0.0,-0.38270554,0
2023,REG,15,00-0033280,C.McCaffrey,RB,RB,SF,ARI,36.7,41.7,18,115.0,1,0.0,0.0,7.0,3.0716684,0
2023,REG,15,00-0037256,R.White,RB,RB,TB,GB,19.9,21.9,21,89.0,0,0.0,0.0,3.0,-1.1543598,0
2023,REG,15,00-0033293,A.Jones,RB,RB,GB,TB,6.9,10.9,13,53.0,0,0.0,0.0,2.0,-2.3035245,0
2023,REG,15,00-0036370,J.Kelley,RB,RB,LAC,LV,0.8,1.8,5,22.0,0,1.0,1.0,1.0,-5.499419,0
2023,REG,15,00-0033553,J.Conner,RB,RB,ARI,SF,14.9,17.9,14,86.0,1,0.0,0.0,5.0,3.168065,0
2023,REG,15,00-0033308,M.Breida,RB,RB,NYG,NO,2.1,4.1,3,10.0,0,0.0,0.0,0.0,-0.9039127,0
2023,REG,15,00-0037248,J.Cook,RB,RB,BUF,DAL,34.1,36.1,25,179.0,1,0.0,0.0,9.0,8.340612,0
2023,REG,15,00-0033526,S.Perine,RB,RB,DEN,DET,4.8,5.8,6,37.0,0,0.0,0.0,2.0,1.5269755,0
2023,REG,16,00-0036360,C.Edwards-Helaire,RB,RB,KC,LV,4.8,7.8,4,6.0,0,0.0,0.0,0.0,-3.519402,0
2023,REG,16,00-0032104,A.Abdullah,RB,RB,LV,KC,1.2,2.2,2,11.0,0,0.0,0.0,1.0,0.64844644,0
2023,REG,16,00-0035628,D.Johnson,RB,RB,JAX,TB,0.2,0.2,1,2.0,0,0.0,0.0,0.0,-0.58940667,0
2023,REG,16,00-0039139,J.Gibbs,RB,RB,DET,MIN,20.0,24.0,15,80.0,2,1.0,1.0,3.0,-2.7364345,0
2023,REG,16,00-0035685,D.Montgomery,RB,RB,DET,MIN,12.9,14.9,17,55.0,1,0.0,0.0,5.0,-0.5114089,0
2023,REG,16,00-0035973,P.Taylor,RB,RB,GB,CAR,0.3,1.3,3,4.0,0,0.0,0.0,0.0,-0.5013173,0
2023,REG,16,00-0031687,R.Mostert,RB,RB,MIA,DAL,11.0,12.0,11,46.0,0,0.0,0.0,3.0,-1.4256101,0
2023,REG,16,00-0039021,R.Johnson,RB,RB,CHI,ARI,5.3,8.3,9,37.0,0,0.0,0.0,2.0,-1.1954756,0
2023,REG,16,00-0033856,L.Fournette,RB,RB,BUF,LAC,2.0,2.0,5,20.0,0,0.0,0.0,1.0,0.01718502,0
2023,REG,16,00-0036139,R.Dowdle,RB,RB,DAL,MIA,0.4,0.4,2,4.0,0,0.0,0.0,1.0,-0.2418086,0
2023,REG,16,00-0038389,I.Abanikanda,RB,RB,NYJ,WAS,4.3,4.3,9,43.0,0,0.0,0.0,2.0,0.99950856,0
2023,REG,16,00-0036223,J.Taylor,RB,RB,IND,ATL,10.3,10.3,18,43.0,1,0.0,0.0,2.0,-4.849373,0
2023,REG,16,00-0038134,K.Walker,RB,RB,SEA,TEN,5.6,6.6,16,54.0,0,0.0,0.0,2.0,-1.8801737,0
2023,REG,16,00-0030578,C.Patterson,RB,RB,ATL,IND,3.3,5.3,7,26.0,0,0.0,0.0,3.0,1.2719382,0
2023,REG,16,00-0036265,A.Dillon,RB,RB,GB,CAR,7.2,7.2,7,12.0,1,0.0,0.0,1.0,-1.9657583,0
2023,REG,16,00-0033854,D.Ogunbowale,RB,RB,HOU,CLE,0.6,0.6,1,6.0,0,0.0,0.0,0.0,-0.50284255,0
2023,REG,16,00-0033553,J.Conner,RB,RB,ARI,CHI,17.2,22.2,12,45.0,0,0.0,0.0,2.0,-1.7459165,0
2023,REG,16,00-0036275,D.Swift,RB,RB,PHI,NYG,15.2,15.2,20,92.0,1,0.0,0.0,6.0,-0.9739676,0
2023,REG,16,00-0029239,B.Bolden,RB,RB,LV,KC,2.0,2.0,0,0.0,0,0.0,0.0,0.0,,1
2023,REG,16,00-0036328,A.Gibson,RB,RB,WAS,NYJ,9.2,10.2,9,30.0,1,0.0,0.0,2.0,0.023055254,0
2023,REG,16,00-0038120,B.Hall,RB,RB,NYJ,WAS,31.1,43.1,20,95.0,2,0.0,0.0,6.0,1.3429513,0
2023,REG,16,00-0039165,Z.Charbonnet,RB,RB,SEA,TEN,-0.4,0.6,2,0.0,0,0.0,0.0,0.0,-1.4954382,0
2023,REG,16,00-0038542,B.Robinson,RB,RB,ATL,IND,12.2,19.2,12,72.0,0,0.0,0.0,2.0,-1.8045892,0
2023,REG,16,00-0033897,J.Mixon,RB,RB,CIN,PIT,7.0,9.0,11,43.0,0,0.0,0.0,3.0,-4.4459176,0
2023,REG,16,00-0035261,T.Pollard,RB,RB,DAL,MIA,4.3,5.3,12,38.0,0,0.0,0.0,3.0,-1.4031686,0
2023,REG,16,00-0033526,S.Perine,RB,RB,DEN,NE,2.9,6.9,1,2.0,0,0.0,0.0,0.0,-0.10130084,0
2023,REG,16,00-0034115,J.Wilson,RB,RB,MIA,DAL,2.5,3.5,5,21.0,0,0.0,0.0,1.0,-0.29491258,0
2023,REG,16,00-0038738,H.Luepke,RB,RB,DAL,MIA,1.1,2.1,2,3.0,0,0.0,0.0,2.0,1.1309443,0
2023,REG,16,00-0033293,A.Jones,RB,RB,GB,CAR,13.5,14.5,21,127.0,0,0.0,0.0,8.0,4.8437176,0
2023,REG,16,00-0034184,G.Edwards,RB,RB,BAL,SF,13.0,14.0,9,31.0,1,0.0,0.0,2.0,0.5470283,0
2023,REG,16,00-0038705,E.Demercado,RB,RB,ARI,CHI,5.0,12.0,2,10.0,0,0.0,0.0,1.0,0.23237216,0
2023,REG,16,00-0039032,T.Spears,RB,RB,TEN,SEA,6.7,11.7,9,40.0,0,0.0,0.0,3.0,1.8027098,0
2023,REG,16,00-0034414,B.Scott,RB,RB,PHI,NYG,0.3,0.3,1,3.0,0,0.0,0.0,0.0,-0.30700514,0
2023,REG,16,00-0033280,C.McCaffrey,RB,RB,SF,BAL,19.1,25.1,14,103.0,1,0.0,0.0,4.0,2.4412298,0
2023,REG,16,00-0034681,C.Edmonds,RB,RB,TB,JAX,2.5,2.5,10,25.0,0,0.0,0.0,0.0,-3.2897167,0
2023,REG,16,00-0033308,M.Breida,RB,RB,NYG,PHI,0.3,1.3,0,0.0,0,0.0,0.0,0.0,,0
2023,REG,16,00-0033923,K.Hunt,RB,RB,CLE,HOU,7.6,9.6,7,11.0,1,0.0,0.0,1.0,-3.035254,0
2023,REG,16,00-0039040,D.Achane,RB,RB,MIA,DAL,3.1,4.1,7,24.0,0,0.0,0.0,0.0,-2.4788513,0
2023,REG,16,00-0034844,S.Barkley,RB,RB,NYG,PHI,16.4,19.4,23,80.0,1,0.0,0.0,5.0,-1.2901682,1
2023,REG,16,00-0038611,C.Rodriguez,RB,RB,WAS,NYJ,18.5,19.5,10,58.0,2,0.0,0.0,4.0,4.043178,0
2023,REG,16,00-0034972,A.Mattison,RB,RB,MIN,DET,-0.1,-0.1,2,-1.0,0,0.0,0.0,0.0,-1.4590702,0
2023,REG,16,00-0033045,E.Elliott,RB,RB,NE,DEN,12.0,21.0,12,27.0,0,0.0,0.0,1.0,-4.9210796,0
2023,REG,16,00-0034975,J.Hill,RB,RB,BAL,SF,5.7,8.7,10,26.0,0,0.0,0.0,0.0,-2.8911297,0
2023,REG,16,00-0038597,C.Brown,RB,RB,CIN,PIT,2.4,4.4,4,16.0,0,0.0,0.0,0.0,-0.1996969,0
2023,REG,16,00-0038794,J.McLaughlin,RB,RB,DEN,NE,6.7,10.7,6,37.0,0,0.0,0.0,3.0,1.2870933,0
2023,REG,16,00-0035243,M.Sanders,RB,RB,CAR,GB,0.8,1.8,3,3.0,0,0.0,0.0,0.0,-1.6076375,0
2023,REG,16,00-0033906,A.Kamara,RB,RB,NO,LA,3.5,8.5,9,19.0,0,0.0,0.0,0.0,-3.8055081,0
2023,REG,16,00-0032764,D.Henry,RB,RB,TEN,SEA,20.38,21.38,19,88.0,1,0.0,0.0,5.0,2.5827296,0
2023,REG,16,00-0035250,D.Singletary,RB,RB,HOU,CLE,6.3,9.3,9,44.0,0,1.0,0.0,3.0,-0.5521201,0
2023,REG,16,00-0033948,J.Williams,RB,RB,NO,LA,1.3,2.3,2,8.0,0,0.0,0.0,1.0,0.53032684,0
2023,REG,16,00-0033699,A.Ekeler,RB,RB,LAC,BUF,8.6,11.6,15,65.0,0,0.0,0.0,4.0,-0.95303005,0
2023,REG,16,00-0037276,T.Chandler,RB,RB,MIN,DET,7.7,7.7,8,17.0,1,0.0,0.0,1.0,-1.9770734,0
2023,REG,16,00-0037120,T.Goodson,RB,RB,IND,ATL,3.0,4.0,1,15.0,0,0.0,0.0,1.0,-2.081308,0
2023,REG,16,00-0037267,J.Ford,RB,RB,CLE,HOU,8.3,9.3,15,25.0,1,0.0,0.0,2.0,-3.6235278,0
2023,REG,16,00-0037228,J.Warren,RB,RB,PIT,CIN,5.4,10.4,8,24.0,0,0.0,0.0,2.0,-0.21732698,0
2023,REG,16,00-0037840,K.Williams,RB,RB,LA,NO,16.4,16.4,22,104.0,1,0.0,0.0,3.0,0.2838935,0
2023,REG,16,00-0037557,R.Rivers,RB,RB,LA,NO,2.0,2.0,6,20.0,0,0.0,0.0,0.0,-1.4969938,0
2023,REG,16,00-0036924,M.Carter,RB,RB,ARI,CHI,0.0,0.0,0,0.0,0,0.0,0.0,0.0,,0
2023,REG,16,00-0038045,I.Spiller,RB,RB,LAC,BUF,0.5,1.5,2,1.0,0,0.0,0.0,0.0,-1.4672434,0
2023,REG,16,00-0036973,T.Etienne,RB,RB,JAX,TB,3.1,6.1,6,12.0,0,0.0,0.0,0.0,-2.6550088,0
2023,REG,16,00-0037258,D.Pierce,RB,RB,HOU,CLE,7.6,8.6,3,6.0,0,0.0,0.0,0.0,-3.3834171,0
2023,REG,16,00-0036919,K.Gainwell,RB,RB,PHI,NYG,7.9,10.9,6,41.0,0,1.0,0.0,1.0,0.4071349,0
2023,REG,16,00-0036893,N.Harris,RB,RB,PIT,CIN,13.8,13.8,19,78.0,1,0.0,0.0,5.0,1.3039769,0
2023,REG,16,00-0038040,Z.White,RB,RB,LV,KC,14.5,14.5,22,145.0,0,0.0,0.0,6.0,3.1945121,0
2023,REG,16,00-0037429,R.Blackshear,RB,RB,CAR,GB,2.0,2.0,0,0.0,0,0.0,0.0,0.0,,1
2023,REG,16,00-0036906,K.Herbert,RB,RB,CHI,ARI,18.1,19.1,20,112.0,1,0.0,0.0,6.0,5.479548,0
2023,REG,16,00-0037256,R.White,RB,RB,TB,JAX,13.7,19.7,20,39.0,1,0.0,0.0,3.0,-6.144636,0
2023,REG,16,00-0037248,J.Cook,RB,RB,BUF,LAC,5.0,5.0,20,70.0,0,2.0,1.0,2.0,-8.477921,0
2023,REG,16,00-0036555,C.Hubbard,RB,RB,CAR,GB,11.1,12.1,16,43.0,1,0.0,0.0,5.0,-5.3146167,0
2023,REG,16,00-0037263,T.Allgeier,RB,RB,ATL,IND,14.8,15.8,9,69.0,1,0.0,0.0,3.0,1.9057754,0
2023,REG,16,00-0036425,D.Dallas,RB,RB,SEA,TEN,0.2,0.2,1,2.0,0,0.0,0.0,1.0,0.51418376,0
2023,REG,16,00-0037286,K.Harris,RB,RB,NE,DEN,2.1,2.1,7,21.0,0,0.0,0.0,0.0,-2.3833504,0
2023,REG,16,00-0036997,J.Williams,RB,RB,DEN,NE,7.9,10.9,11,24.0,1,0.0,0.0,2.0,-5.0563664,0
2023,REG,16,00-0037197,I.Pacheco,RB,RB,KC,LV,6.6,10.6,11,26.0,1,1.0,1.0,2.0,-10.5131235,0
2023,REG,16,00-0036984,T.Sermon,RB,RB,IND,ATL,0.3,0.3,2,3.0,0,0.0,0.0,0.0,-2.037312,0
2023,REG,16,00-0036370,J.Kelley,RB,RB,LAC,BUF,-0.2,-0.2,1,-2.0,0,0.0,0.0,0.0,-1.2539546,0
2023,REG,16,00-0038098,P.Strong,RB,RB,CLE,HOU,2.2,2.2,5,22.0,0,0.0,0.0,0.0,-0.13932058,0
2023,REG,17,00-0039021,R.Johnson,RB,RB,CHI,ATL,11.9,14.9,7,21.0,1,0.0,0.0,1.0,-1.9792566,0
2023,REG,17,00-0036919,K.Gainwell,RB,RB,PHI,ARI,2.68,6.68,2,5.0,0,0.0,0.0,0.0,-1.0983913,0
2023,REG,17,00-0036997,J.Williams,RB,RB,DEN,LAC,5.8,8.8,15,41.0,0,0.0,0.0,4.0,-6.108083,0
2023,REG,17,00-0034115,J.Wilson,RB,RB,MIA,BAL,3.4,6.4,3,21.0,0,0.0,0.0,1.0,1.3897685,0
2023,REG,17,00-0035243,M.Sanders,RB,RB,CAR,JAX,2.2,4.2,2,10.0,0,0.0,0.0,0.0,-0.042142916,0
2023,REG,17,00-0038555,T.Bigsby,RB,RB,JAX,CAR,3.2,3.2,10,32.0,0,0.0,0.0,2.0,-2.1196651,0
2023,REG,17,00-0038794,J.McLaughlin,RB,RB,DEN,LAC,6.2,9.2,8,44.0,0,0.0,0.0,2.0,1.4504055,0
2023,REG,17,00-0035250,D.Singletary,RB,RB,HOU,TEN,8.6,11.6,16,80.0,0,0.0,0.0,7.0,1.1322173,0
2023,REG,17,00-0037525,J.Mason,RB,RB,SF,WAS,0.3,0.3,2,3.0,0,0.0,0.0,0.0,-0.5978255,0
2023,REG,17,00-0033923,K.Hunt,RB,RB,CLE,NYJ,9.1,9.1,10,31.0,1,0.0,0.0,3.0,-1.0483116,0
2023,REG,17,00-0037248,J.Cook,RB,RB,BUF,NE,4.4,5.4,16,48.0,0,0.0,0.0,1.0,-2.6069944,0
2023,REG,17,00-0038040,Z.White,RB,RB,LV,IND,10.6,15.6,20,71.0,0,0.0,0.0,2.0,-2.8026311,0
2023,REG,17,00-0037120,T.Goodson,RB,RB,IND,LV,0.3,0.3,1,3.0,0,0.0,0.0,0.0,-1.1177462,0
2023,REG,17,00-0035261,T.Pollard,RB,RB,DAL,DET,4.9,5.9,16,49.0,0,0.0,0.0,4.0,-5.446094,0
2023,REG,17,00-0033293,A.Jones,RB,RB,GB,MIN,13.0,14.0,20,120.0,0,0.0,0.0,6.0,4.8977246,0
2023,REG,17,00-0033948,J.Williams,RB,RB,NO,TB,7.1,11.1,19,58.0,0,0.0,0.0,2.0,-4.4057927,0
2023,REG,17,00-0033526,S.Perine,RB,RB,DEN,LAC,2.6,4.6,4,10.0,0,0.0,0.0,1.0,-0.93026257,0
2023,REG,17,00-0034975,J.Hill,RB,RB,BAL,MIA,17.2,22.2,3,48.0,0,0.0,0.0,2.0,3.2403913,0
2023,REG,17,00-0036984,T.Sermon,RB,RB,IND,LV,4.1,6.1,5,32.0,0,0.0,0.0,1.0,-1.2850252,0
2023,REG,17,00-0033553,J.Conner,RB,RB,ARI,PHI,25.3,26.3,26,128.0,1,0.0,0.0,9.0,6.1802387,0
2023,REG,17,00-0036973,T.Etienne,RB,RB,JAX,CAR,23.8,25.8,16,102.0,2,0.0,0.0,3.0,3.4791694,0
2023,REG,17,00-0037197,I.Pacheco,RB,RB,KC,CIN,22.5,29.5,18,130.0,0,0.0,0.0,3.0,1.504237,0
2023,REG,17,00-0033906,A.Kamara,RB,RB,NO,TB,4.9,6.9,10,45.0,0,0.0,0.0,3.0,-0.1686425,0
2023,REG,17,00-0034681,C.Edmonds,RB,RB,TB,NO,5.6,10.6,3,16.0,0,0.0,0.0,1.0,0.24715815,0
2023,REG,17,00-0033897,J.Mixon,RB,RB,CIN,KC,14.7,18.7,21,65.0,0,0.0,0.0,2.0,-8.412259,0
2023,REG,17,00-0038685,C.Brooks,RB,RB,MIA,BAL,1.2,1.2,4,12.0,0,0.0,0.0,0.0,-2.868437,0
2023,REG,17,00-0038705,E.Demercado,RB,RB,ARI,PHI,0.9,1.9,0,0.0,0,0.0,0.0,0.0,,0
2023,REG,17,00-0037228,J.Warren,RB,RB,PIT,SEA,15.8,19.8,13,75.0,1,0.0,0.0,4.0,1.9626651,0
2023,REG,17,00-0038597,C.Brown,RB,RB,CIN,KC,2.8,4.8,3,5.0,0,0.0,0.0,0.0,-1.2546039,0
2023,REG,17,00-0038622,D.Vaughn,RB,RB,DAL,DET,1.2,2.2,2,2.0,0,0.0,0.0,0.0,-1.2250712,0
2023,REG,17,00-0037840,K.Williams,RB,RB,LA,NYG,28.1,30.1,20,87.0,3,0.0,0.0,6.0,3.5937552,0
2023,REG,17,00-0037746,B.Robinson,RB,RB,WAS,SF,7.6,11.6,9,44.0,0,0.0,0.0,4.0,2.2909117,0
2023,REG,17,00-0033699,A.Ekeler,RB,RB,LAC,DEN,3.0,4.0,13,46.0,0,1.0,1.0,4.0,-5.306048,0
2023,REG,17,00-0034844,S.Barkley,RB,RB,NYG,LA,5.8,8.8,12,39.0,0,0.0,0.0,4.0,-1.493566,0
2023,REG,17,00-0037557,R.Rivers,RB,RB,LA,NYG,0.4,1.4,0,0.0,0,0.0,0.0,0.0,,0
2023,REG,17,00-0036924,M.Carter,RB,RB,ARI,PHI,12.7,13.7,7,61.0,0,0.0,0.0,3.0,2.743467,0
2023,REG,17,00-0034972,A.Mattison,RB,RB,MIN,GB,3.0,5.0,3,17.0,0,0.0,0.0,0.0,0.5484264,0
2023,REG,17,00-0034184,G.Edwards,RB,RB,BAL,MIA,10.8,10.8,16,68.0,1,1.0,1.0,4.0,-4.656951,0
2023,REG,17,00-0033854,D.Ogunbowale,RB,RB,HOU,TEN,0.0,0.0,1,0.0,0,0.0,0.0,0.0,-1.2808475,0
2023,REG,17,00-0035291,T.Williams,RB,RB,CIN,KC,0.2,0.2,1,2.0,0,0.0,0.0,0.0,-0.73897964,0
2023,REG,17,00-0036906,K.Herbert,RB,RB,CHI,ATL,18.9,20.9,18,124.0,1,0.0,0.0,4.0,3.0468724,0
2023,REG,17,00-0032104,A.Abdullah,RB,RB,LV,IND,2.2,3.2,1,4.0,0,0.0,0.0,0.0,-0.13959013,0
2023,REG,17,00-0036555,C.Hubbard,RB,RB,CAR,JAX,7.1,11.1,11,45.0,0,0.0,0.0,2.0,-0.81165624,0
2023,REG,17,00-0035924,J.Ward,RB,RB,TEN,HOU,1.1,1.1,3,11.0,0,0.0,0.0,1.0,-1.8184193,0
2023,REG,17,00-0038045,I.Spiller,RB,RB,LAC,DEN,0.9,2.9,1,-1.0,0,0.0,0.0,0.0,-0.8609528,0
2023,REG,17,00-0036275,D.Swift,RB,RB,PHI,ARI,6.6,7.6,13,61.0,0,0.0,0.0,3.0,-0.22136594,0
2023,REG,17,00-0035973,P.Taylor,RB,RB,GB,MIN,3.0,3.0,8,30.0,0,0.0,0.0,1.0,-0.7851685,0
2023,REG,17,00-0037258,D.Pierce,RB,RB,HOU,TEN,2.1,3.1,8,16.0,0,0.0,0.0,0.0,-2.8757043,0
2023,REG,17,00-0038098,P.Strong,RB,RB,CLE,NYJ,0.9,0.9,4,29.0,0,1.0,1.0,1.0,-3.8803272,0
2023,REG,17,00-0032144,M.Gordon,RB,RB,BAL,MIA,7.0,7.0,6,10.0,1,0.0,0.0,1.0,1.2352962,0
2023,REG,17,00-0038396,E.Gray,RB,RB,NYG,LA,0.8,1.8,1,2.0,0,0.0,0.0,0.0,-0.64086115,0
2023,REG,17,00-0039032,T.Spears,RB,RB,TEN,HOU,2.9,6.9,6,0.0,0,0.0,0.0,0.0,-6.6269355,0
2023,REG,17,00-0037263,T.Allgeier,RB,RB,ATL,CHI,14.8,15.8,5,13.0,0,0.0,0.0,1.0,0.032515634,0
2023,REG,17,00-0038389,I.Abanikanda,RB,RB,NYJ,CLE,3.0,7.0,2,3.0,0,0.0,0.0,0.0,-0.95326316,0
2023,REG,17,00-0036265,A.Dillon,RB,RB,GB,MIN,2.7,2.7,7,27.0,0,0.0,0.0,1.0,-0.6853252,0
2023,REG,17,00-0036567,E.Mitchell,RB,RB,SF,WAS,14.0,14.0,17,80.0,1,0.0,0.0,4.0,-0.70788515,0
2023,REG,17,00-0036223,J.Taylor,RB,RB,IND,LV,16.4,17.4,21,96.0,1,1.0,0.0,7.0,-1.0440059,0
2023,REG,17,00-0037267,J.Ford,RB,RB,CLE,NYJ,24.1,26.1,12,64.0,0,0.0,0.0,4.0,0.44736782,0
2023,REG,17,00-0039139,J.Gibbs,RB,RB,DET,DAL,4.3,5.3,15,43.0,0,0.0,0.0,3.0,-7.6979237,0
2023,REG,17,00-0037286,K.Harris,RB,RB,NE,BUF,6.9,8.9,2,15.0,0,0.0,0.0,1.0,0.21200949,0
2023,REG,17,00-0036328,A.Gibson,RB,RB,WAS,SF,3.6,5.6,4,19.0,0,0.0,0.0,1.0,0.24593224,0
2023,REG,17,00-0032764,D.Henry,RB,RB,TEN,HOU,4.2,4.2,12,42.0,0,0.0,0.0,2.0,-2.2262588,0
2023,REG,17,00-0033045,E.Elliott,RB,RB,NE,BUF,10.5,11.5,14,39.0,1,0.0,0.0,2.0,-2.3517141,0
2023,REG,17,00-0035537,T.Johnson,RB,RB,BUF,NE,2.2,2.2,5,22.0,0,0.0,0.0,0.0,-0.9771348,0
2023,REG,17,00-0033280,C.McCaffrey,RB,RB,SF,WAS,9.1,13.1,14,64.0,0,0.0,0.0,5.0,1.650027,0
2023,REG,17,00-0037276,T.Chandler,RB,RB,MIN,GB,6.4,9.4,10,40.0,0,0.0,0.0,1.0,-0.16108328,0
2023,REG,17,00-0038542,B.Robinson,RB,RB,ATL,CHI,8.6,11.6,15,75.0,0,1.0,0.0,4.0,-1.0045679,0
2023,REG,17,00-0037256,R.White,RB,RB,TB,NO,4.6,8.6,11,42.0,0,1.0,1.0,0.0,-10.410388,0
2023,REG,17,00-0029239,B.Bolden,RB,RB,LV,IND,0.6,0.6,2,6.0,0,0.0,0.0,1.0,1.1041044,0
2023,REG,17,00-0038120,B.Hall,RB,RB,NYJ,CLE,18.6,27.6,13,84.0,0,0.0,0.0,4.0,2.7685523,0
2023,REG,17,00-0036370,J.Kelley,RB,RB,LAC,DEN,0.2,0.2,2,2.0,0,0.0,0.0,0.0,-2.0231767,0
2023,REG,17,00-0038134,K.Walker,RB,RB,SEA,PIT,13.5,16.5,10,53.0,1,1.0,0.0,3.0,-0.6505283,0
2023,REG,17,00-0039040,D.Achane,RB,RB,MIA,BAL,19.7,23.7,14,107.0,0,0.0,0.0,5.0,1.8280082,0
2023,REG,17,00-0035628,D.Johnson,RB,RB,JAX,CAR,0.0,0.0,3,0.0,0,0.0,0.0,0.0,-2.763296,0
2023,REG,17,00-0030513,L.Murray,RB,RB,BUF,NE,0.0,0.0,1,0.0,0,0.0,0.0,0.0,-1.7856585,0
2023,REG,17,00-0036893,N.Harris,RB,RB,PIT,SEA,24.2,24.2,27,122.0,2,0.0,0.0,7.0,4.612597,0
2023,REG,17,00-0035685,D.Montgomery,RB,RB,DET,DAL,12.5,12.5,14,65.0,1,0.0,0.0,3.0,1.3309432,0
2023,REG,17,00-0039165,Z.Charbonnet,RB,RB,SEA,PIT,4.1,9.1,2,2.0,0,0.0,0.0,0.0,-1.3204434,0
