season,season_type,player_id,player_name,position,recent_team,carries,carries_per_game,receptions,receptions_per_game,targets,rushing_yards,rushing_tds
2024,REG,00-0033923,K.Hunt,RB,KC,41,20.5,3,1.5,4,171.0,1
2024,REG,00-0032764,D.Henry,RB,BAL,119,19.8,6,1.0,8,704.0,8
2024,REG,00-0037525,J.Mason,RB,SF,114,19.0,8,1.3,10,609.0,3
2024,REG,00-0037840,K.Williams,RB,LA,95,19.0,14,2.8,15,360.0,6
2024,REG,00-0034844,S.Barkley,RB,PHI,91,18.2,14,2.8,17,482.0,4
2024,REG,00-0035700,J.Jacobs,RB,GB,108,18.0,11,1.8,14,464.0,1
2024,REG,00-0036223,J.Taylor,RB,IND,72,18.0,6,1.5,10,349.0,4
2024,REG,00-0033897,J.Mixon,RB,HOU,52,17.3,8,2.7,11,286.0,2
2024,REG,00-0033906,A.Kamara,RB,NO,104,17.3,28,4.7,36,428.0,6
2024,REG,00-0037197,I.Pacheco,RB,KC,34,17.0,7,3.5,8,135.0,1
2024,REG,00-0036158,J.Dobbins,RB,LAC,81,16.2,12,2.4,13,438.0,3
2024,REG,00-0036893,N.Harris,RB,PIT,96,16.0,14,2.3,19,376.0,1
2024,REG,00-0035261,T.Pollard,RB,TEN,78,15.6,16,3.2,19,339.0,3
2024,REG,00-0036875,R.Stevenson,RB,NE,77,15.4,13,2.6,17,356.0,3
2024,REG,00-0036275,D.Swift,RB,CHI,91,15.2,19,3.2,23,325.0,3
2024,REG,00-0033553,J.Conner,RB,ARI,90,15.0,12,2.0,15,403.0,3
2024,REG,00-0035685,D.Montgomery,RB,DET,75,15.0,10,2.0,10,351.0,6
2024,REG,00-0037746,B.Robinson,RB,WAS,73,14.6,8,1.6,11,325.0,5
2024,REG,00-0036555,C.Hubbard,RB,CAR,86,14.3,22,3.7,24,485.0,2
2024,REG,00-0033293,A.Jones,RB,MIN,71,14.2,17,3.4,20,350.0,1
2024,REG,00-0035250,D.Singletary,RB,NYG,56,14.0,10,2.5,11,221.0,2
2024,REG,00-0037248,J.Cook,RB,BUF,70,14.0,11,2.2,13,309.0,4
2024,REG,00-0038120,B.Hall,RB,NYJ,83,13.8,26,4.3,34,310.0,2
2024,REG,00-0038542,B.Robinson,RB,ATL,82,13.7,21,3.5,23,380.0,3
2024,REG,00-0039139,J.Gibbs,RB,DET,66,13.2,14,2.8,18,348.0,3
2024,REG,00-0038134,K.Walker,RB,SEA,51,12.8,21,5.2,24,234.0,5
2024,REG,00-0031687,R.Mostert,RB,MIA,25,12.5,4,2.0,5,89.0,0
2024,REG,00-0038040,Z.White,RB,LV,49,12.2,5,1.2,7,152.0,0
2024,REG,00-0039040,D.Achane,RB,MIA,56,11.2,21,4.2,23,183.0,1
2024,REG,00-0036251,Z.Moss,RB,CIN,63,10.5,16,2.7,20,224.0,2
2024,REG,00-0037256,R.White,RB,TB,51,10.2,17,3.4,19,187.0,0
2024,REG,00-0036139,R.Dowdle,RB,DAL,59,9.8,16,2.7,20,246.0,0
2024,REG,00-0036997,J.Williams,RB,DEN,59,9.8,20,3.3,26,213.0,0
2024,REG,00-0039361,B.Irving,RB,TB,58,9.7,10,1.7,12,328.0,2
2024,REG,00-0034184,G.Edwards,RB,LAC,38,9.5,1,0.2,1,113.0,0
2024,REG,00-0036973,T.Etienne,RB,JAX,56,9.3,16,2.7,23,230.0,2
2024,REG,00-0037263,T.Allgeier,RB,ATL,51,8.5,7,1.2,7,283.0,1
2024,REG,00-0038597,C.Brown,RB,CIN,51,8.5,12,2.0,15,283.0,3
2024,REG,00-0037276,T.Chandler,RB,MIN,42,8.4,6,1.2,6,147.0,0
2024,REG,00-0037267,J.Ford,RB,CLE,50,8.3,20,3.3,23,264.0,1
2024,REG,00-0038555,T.Bigsby,RB,JAX,41,8.2,1,0.2,1,297.0,2
2024,REG,00-0039165,Z.Charbonnet,RB,SEA,49,8.2,19,3.2,23,187.0,3
2024,REG,00-0036328,A.Gibson,RB,NE,48,8.0,11,1.8,13,226.0,0
2024,REG,00-0036414,C.Akers,RB,HOU,40,8.0,4,0.8,7,147.0,1
2024,REG,00-0039384,T.Tracy,RB,NYG,47,7.8,11,1.8,14,208.0,1
2024,REG,00-0033925,D.Foreman,RB,CLE,39,7.8,5,1.0,5,124.0,0
2024,REG,00-0034972,A.Mattison,RB,LV,46,7.7,14,2.3,18,158.0,3
2024,REG,00-0039875,R.Davis,RB,BUF,46,7.7,7,1.2,8,172.0,1
2024,REG,00-0039021,R.Johnson,RB,CHI,30,7.5,6,1.5,8,89.0,3
2024,REG,00-0036984,T.Sermon,RB,IND,37,7.4,7,1.4,7,91.0,2
2024,REG,00-0039874,J.Wright,RB,MIA,29,7.2,0,0.0,1,139.0,0
2024,REG,00-0038797,E.Wilson,RB,GB,42,7.0,6,1.0,9,210.0,0
2024,REG,00-0039032,T.Spears,RB,TEN,33,6.6,12,2.4,12,114.0,1
2024,REG,00-0039325,C.Steele,RB,KC,33,6.6,2,0.4,5,117.0,0
2024,REG,00-0039738,B.Corum,RB,LA,13,6.5,1,0.5,1,53.0,0
2024,REG,00-0033045,E.Elliott,RB,DAL,38,6.3,6,1.0,9,115.0,1
2024,REG,00-0035567,C.Reynolds,RB,DET,6,6.0,0,0.0,0,21.0,0
2024,REG,00-0038794,J.McLaughlin,RB,DEN,36,6.0,12,2.0,13,116.0,1
2024,REG,00-0039811,M.Lloyd,RB,GB,6,6.0,1,1.0,1,15.0,0
2024,REG,00-0039921,T.Benson,RB,ARI,30,6.0,2,0.4,2,107.0,0
2024,REG,00-0039794,B.Allen,RB,NYJ,35,5.8,8,1.3,13,151.0,1
2024,REG,00-0033699,A.Ekeler,RB,WAS,28,5.6,15,3.0,16,171.0,1
2024,REG,00-0037258,D.Pierce,RB,HOU,11,5.5,1,0.5,1,92.0,1
2024,REG,00-0038951,S.Tucker,RB,TB,16,5.3,4,1.3,4,143.0,1
2024,REG,00-0035243,M.Sanders,RB,CAR,30,5.0,11,1.8,15,98.0,1
2024,REG,00-0035973,P.Taylor,RB,SF,5,5.0,1,1.0,1,16.0,0
2024,REG,00-0037228,J.Warren,RB,PIT,20,5.0,8,2.0,8,61.0,0
2024,REG,00-0039757,T.Jennings,RB,NE,5,5.0,0,0.0,0,13.0,0
2024,REG,00-0033948,J.Williams,RB,NO,27,4.5,4,0.7,6,103.0,1
2024,REG,00-0033955,J.McNichols,RB,WAS,18,4.5,1,0.2,1,122.0,3
2024,REG,00-0039363,I.Guerendo,RB,SF,22,4.4,0,0.0,0,140.0,0
2024,REG,00-0037120,T.Goodson,RB,IND,13,4.3,8,2.7,9,77.0,0
2024,REG,00-0030578,C.Patterson,RB,PIT,16,4.0,5,1.2,7,92.0,0
2024,REG,00-0034208,M.Boone,RB,CAR,4,4.0,0,0.0,0,7.0,0
2024,REG,00-0039391,K.Vidal,RB,LAC,4,4.0,2,2.0,2,11.0,0
2024,REG,00-0037085,T.Badie,RB,DEN,11,3.7,3,1.0,3,86.0,0
2024,REG,00-0033854,D.Ogunbowale,RB,HOU,21,3.5,15,2.5,16,48.0,0
2024,REG,00-0036096,J.Taylor,RB,HOU,7,3.5,2,1.0,3,21.0,0
2024,REG,00-0038685,C.Brooks,RB,GB,7,3.5,0,0.0,0,24.0,0
2024,REG,00-0034975,J.Hill,RB,BAL,20,3.3,18,3.0,21,95.0,0
2024,REG,00-0035628,D.Johnson,RB,JAX,16,3.2,4,0.8,6,67.0,0
2024,REG,00-0038098,P.Strong,RB,CLE,12,3.0,5,1.2,9,50.0,0
2024,REG,00-0038636,K.McIntosh,RB,SEA,3,3.0,0,0.0,0,11.0,0
2024,REG,00-0039798,I.Davis,RB,NYJ,3,3.0,0,0.0,0,6.0,0
2024,REG,00-0032104,A.Abdullah,RB,LV,11,2.8,10,2.5,12,67.0,1
2024,REG,00-0034115,J.Wilson,RB,MIA,8,2.7,2,0.7,2,40.0,0
2024,REG,00-0036906,K.Herbert,RB,CHI,8,2.7,2,0.7,2,16.0,1
2024,REG,00-0035924,J.Ward,RB,PIT,5,2.5,0,0.0,0,22.0,0
2024,REG,00-0037557,R.Rivers,RB,LA,10,2.5,1,0.2,1,51.0,0
2024,REG,00-0037617,H.Haskins,RB,LAC,5,2.5,0,0.0,0,16.0,0
2024,REG,00-0038678,J.Mims,RB,NO,5,2.5,2,1.0,4,16.0,0
2024,REG,00-0035537,T.Johnson,RB,BUF,14,2.3,4,0.7,6,76.0,1
2024,REG,00-0038622,D.Vaughn,RB,DAL,7,2.3,2,0.7,3,20.0,0
2024,REG,00-0033526,S.Perine,RB,KC,11,2.2,6,1.2,9,39.0,1
2024,REG,00-0038396,E.Gray,RB,NYG,11,2.2,4,0.8,5,24.0,0
2024,REG,00-0035806,J.Hasty,RB,NE,8,2.0,1,0.2,3,34.0,0
2024,REG,00-0037450,T.McAllister,RB,LV,2,2.0,0,0.0,0,11.0,0
2024,REG,00-0037609,A.Shampklin,RB,PIT,6,2.0,0,0.0,0,17.0,0
2024,REG,00-0038705,E.Demercado,RB,ARI,12,2.0,9,1.5,11,102.0,0
2024,REG,00-0039373,A.Estime,RB,DEN,4,2.0,0,0.0,0,27.0,0
2024,REG,00-0036919,K.Gainwell,RB,PHI,8,1.6,3,0.6,6,40.0,0
2024,REG,00-0035311,M.Gaskin,RB,MIN,3,1.5,1,0.5,1,-1.0,0
2024,REG,00-0035594,T.Homer,RB,CHI,3,1.5,0,0.0,0,16.0,0
2024,REG,00-0037594,J.Chestnut,RB,TEN,1,1.0,0,0.0,0,2.0,0
2024,REG,00-0038738,H.Luepke,RB,DAL,4,1.0,7,1.8,8,14.0,0
2024,REG,00-0039407,D.Laube,RB,LV,1,1.0,0,0.0,0,0.0,0
2024,REG,00-0039603,B.Brooks,RB,HOU,1,1.0,0,0.0,0,2.0,0
2024,REG,00-0039364,S.Vaki,RB,DET,1,0.5,1,0.5,1,5.0,0
2024,REG,00-0036425,D.Dallas,RB,ARI,0,0.0,0,0.0,0,0.0,0
2023,REG,00-0036414,C.Akers,RB,LA,22,22.0,0,0.0,0,29.0,1
2023,POST,00-0037197,I.Pacheco,RB,KC,81,20.2,12,3.0,12,313.0,3
2023,POST,00-0033280,C.McCaffrey,RB,SF,59,19.7,19,6.3,25,268.0,4
2023,POST,00-0033293,A.Jones,RB,GB,39,19.5,4,2.0,7,226.0,3
2023,REG,00-0037840,K.Williams,RB,LA,228,19.0,32,2.7,48,1144.0,12
2023,POST,00-0037248,J.Cook,RB,BUF,36,18.0,8,4.0,9,140.0,0
2023,REG,00-0035700,J.Jacobs,RB,LV,233,17.9,37,2.8,54,805.0,6
2023,REG,00-0034844,S.Barkley,RB,NYG,247,17.6,41,2.9,60,962.0,6
2023,REG,00-0033280,C.McCaffrey,RB,SF,272,17.0,67,4.2,83,1459.0,14
2023,REG,00-0036223,J.Taylor,RB,IND,169,16.9,19,1.9,23,741.0,7
2023,REG,00-0032764,D.Henry,RB,TEN,280,16.5,28,1.6,36,1167.0,12
2023,REG,00-0033553,J.Conner,RB,ARI,208,16.0,27,2.1,33,1040.0,7
2023,REG,00-0037256,R.White,RB,TB,272,16.0,64,3.8,70,990.0,6
2023,REG,00-0036973,T.Etienne,RB,JAX,267,15.7,58,3.4,73,1008.0,11
2023,REG,00-0035685,D.Montgomery,RB,DET,219,15.6,16,1.1,24,1015.0,13
2023,REG,00-0033897,J.Mixon,RB,CIN,257,15.1,52,3.1,64,1034.0,9
2023,POST,00-0035261,T.Pollard,RB,DAL,15,15.0,7,7.0,9,56.0,1
2023,REG,00-0036893,N.Harris,RB,PIT,255,15.0,29,1.7,38,1035.0,8
2023,REG,00-0035261,T.Pollard,RB,DAL,252,14.8,55,3.2,67,1005.0,6
2023,REG,00-0037197,I.Pacheco,RB,KC,205,14.6,44,3.1,49,935.0,7
2023,REG,00-0038134,K.Walker,RB,SEA,219,14.6,29,1.9,37,905.0,8
2023,REG,00-0036275,D.Swift,RB,PHI,229,14.3,39,2.4,49,1049.0,5
2023,REG,00-0034791,N.Chubb,RB,CLE,28,14.0,4,2.0,4,170.0,0
2023,REG,00-0036555,C.Hubbard,RB,CAR,238,14.0,39,2.3,44,902.0,5
2023,REG,00-0037248,J.Cook,RB,BUF,237,13.9,44,2.6,54,1122.0,2
2023,REG,00-0031687,R.Mostert,RB,MIA,209,13.9,25,1.7,32,1012.0,18
2023,REG,00-0033906,A.Kamara,RB,NO,180,13.8,75,5.8,86,694.0,5
2023,REG,00-0036997,J.Williams,RB,DEN,217,13.6,47,2.9,58,774.0,3
2023,POST,00-0037256,R.White,RB,TB,27,13.5,5,2.5,8,127.0,0
2023,REG,00-0038120,B.Hall,RB,NYJ,223,13.1,76,4.5,95,994.0,5
2023,REG,00-0036251,Z.Moss,RB,IND,183,13.1,27,1.9,37,794.0,5
2023,POST,00-0035685,D.Montgomery,RB,DET,39,13.0,6,2.0,7,183.0,2
2023,POST,00-0037840,K.Williams,RB,LA,13,13.0,1,1.0,1,61.0,0
2023,REG,00-0036493,D.Jackson,RB,IND,13,13.0,5,5.0,6,14.0,0
2023,REG,00-0036875,R.Stevenson,RB,NE,156,13.0,38,3.2,51,619.0,4
2023,REG,00-0033293,A.Jones,RB,GB,142,12.9,30,2.7,43,656.0,2
2023,REG,00-0033699,A.Ekeler,RB,LAC,179,12.8,51,3.6,74,628.0,5
2023,REG,00-0035250,D.Singletary,RB,HOU,216,12.7,30,1.8,38,898.0,4
2023,REG,00-0038542,B.Robinson,RB,ATL,214,12.6,58,3.4,86,976.0,4
2023,REG,00-0039139,J.Gibbs,RB,DET,182,12.1,52,3.5,71,945.0,10
2023,REG,00-0033925,D.Foreman,RB,CHI,109,12.1,11,1.2,16,425.0,4
2023,POST,00-0036893,N.Harris,RB,PIT,12,12.0,2,2.0,3,37.0,0
2023,REG,00-0037267,J.Ford,RB,CLE,204,12.0,44,2.6,63,813.0,4
2023,REG,00-0036265,A.Dillon,RB,GB,178,11.9,22,1.5,28,613.0,2
2023,REG,00-0037746,B.Robinson,RB,WAS,178,11.9,36,2.4,43,733.0,5
2023,REG,00-0034184,G.Edwards,RB,BAL,198,11.6,12,0.7,13,810.0,13
2023,REG,00-0035664,D.Henderson,RB,LA,46,11.5,10,2.5,14,112.0,2
2023,REG,00-0034972,A.Mattison,RB,MIN,180,11.2,30,1.9,44,700.0,0
2023,REG,00-0037258,D.Pierce,RB,HOU,145,11.2,13,1.0,17,416.0,2
2023,POST,00-0035250,D.Singletary,RB,HOU,22,11.0,8,4.0,9,88.0,1
2023,REG,00-0036269,L.Perine,RB,KC,22,11.0,3,1.5,5,77.0,0
2023,REG,00-0036906,K.Herbert,RB,CHI,132,11.0,20,1.7,31,611.0,2
2023,REG,00-0037263,T.Allgeier,RB,ATL,186,10.9,18,1.1,23,683.0,4
2023,REG,00-0033045,E.Elliott,RB,NE,184,10.8,51,3.0,65,642.0,3
2023,POST,00-0036275,D.Swift,RB,PHI,10,10.0,4,4.0,4,34.0,0
2023,POST,00-0039139,J.Gibbs,RB,DET,29,9.7,11,3.7,14,144.0,3
2023,REG,00-0039040,D.Achane,RB,MIA,103,9.4,27,2.5,37,800.0,8
2023,POST,00-0037267,J.Ford,RB,CLE,9,9.0,4,4.0,4,17.0,0
2023,REG,00-0033923,K.Hunt,RB,CLE,135,9.0,15,1.0,21,411.0,9
2023,REG,00-0037228,J.Warren,RB,PIT,149,8.8,61,3.6,74,784.0,4
2023,REG,00-0034838,R.Freeman,RB,LA,77,8.6,1,0.1,2,319.0,2
2023,REG,00-0033948,J.Williams,RB,NO,106,8.2,18,1.4,20,306.0,1
2023,REG,00-0035243,M.Sanders,RB,CAR,129,8.1,27,1.7,41,432.0,1
2023,POST,00-0031687,R.Mostert,RB,MIA,8,8.0,1,1.0,2,33.0,0
2023,POST,00-0033893,D.Cook,RB,BAL,8,8.0,0,0.0,0,23.0,0
2023,POST,00-0033923,K.Hunt,RB,CLE,8,8.0,5,5.0,6,26.0,1
2023,POST,00-0034975,J.Hill,RB,BAL,16,8.0,6,3.0,9,69.0,0
2023,POST,00-0037228,J.Warren,RB,PIT,8,8.0,2,2.0,2,38.0,0
2023,REG,00-0036158,J.Dobbins,RB,BAL,8,8.0,2,2.0,3,22.0,1
2023,REG,00-0038040,Z.White,RB,LV,104,8.0,15,1.2,19,451.0,1
2023,REG,00-0037276,T.Chandler,RB,MIN,102,7.8,21,1.6,25,461.0,3
2023,POST,00-0035537,T.Johnson,RB,BUF,15,7.5,1,0.5,3,66.0,0
2023,REG,00-0035860,T.Jones,RB,NO,21,7.0,4,1.3,6,70.0,2
2023,REG,00-0035567,C.Reynolds,RB,DET,41,6.8,5,0.8,5,179.0,1
2023,REG,00-0036567,E.Mitchell,RB,SF,75,6.8,6,0.5,8,281.0,2
2023,REG,00-0039165,Z.Charbonnet,RB,SEA,108,6.8,33,2.1,40,462.0,1
2023,REG,00-0038454,K.Mitchell,RB,BAL,47,6.7,9,1.3,11,396.0,2
2023,POST,00-0034184,G.Edwards,RB,BAL,13,6.5,2,1.0,3,60.0,0
2023,REG,00-0032144,M.Gordon,RB,BAL,26,6.5,3,0.8,3,81.0,1
2023,REG,00-0038611,C.Rodriguez,RB,WAS,51,6.4,2,0.2,2,247.0,2
2023,REG,00-0036414,C.Akers,RB,MIN,38,6.3,11,1.8,12,138.0,1
2023,REG,00-0038685,C.Brooks,RB,MIA,19,6.3,0,0.0,0,106.0,0
2023,REG,00-0036370,J.Kelley,RB,LAC,107,6.3,8,0.5,12,405.0,2
2023,POST,00-0038797,E.Wilson,RB,GB,12,6.0,1,0.5,1,36.0,0
2023,POST,00-0039040,D.Achane,RB,MIA,6,6.0,3,3.0,6,9.0,0
2023,REG,00-0033856,L.Fournette,RB,BUF,12,6.0,0,0.0,0,40.0,0
2023,REG,00-0036297,D.Evans,RB,CHI,30,6.0,7,1.4,12,105.0,1
2023,REG,00-0037827,T.Davis-Price,RB,SF,6,6.0,0,0.0,0,21.0,0
2023,REG,00-0039032,T.Spears,RB,TEN,100,5.9,52,3.1,70,453.0,2
2023,REG,00-0038551,K.Miller,RB,NO,41,5.9,10,1.4,11,156.0,1
2023,REG,00-0036139,R.Dowdle,RB,DAL,89,5.6,17,1.1,22,361.0,2
2023,POST,00-0034681,C.Edmonds,RB,TB,11,5.5,3,1.5,4,31.0,0
2023,REG,00-0039021,R.Johnson,RB,CHI,81,5.4,34,2.3,40,352.0,2
2023,REG,00-0038705,E.Demercado,RB,ARI,58,5.3,21,1.9,30,284.0,2
2023,REG,00-0030513,L.Murray,RB,BUF,79,5.3,17,1.1,22,300.0,4
2023,REG,00-0034975,J.Hill,RB,BAL,84,5.2,28,1.8,39,387.0,3
2023,REG,00-0036919,K.Gainwell,RB,PHI,84,5.2,30,1.9,37,364.0,2
2023,REG,00-0037299,K.Ingram,RB,ARI,35,5.0,4,0.6,4,74.0,0
2023,REG,00-0038951,S.Tucker,RB,TB,15,5.0,2,0.7,2,23.0,0
2023,REG,00-0038098,P.Strong,RB,CLE,63,4.8,5,0.4,8,291.0,1
2023,REG,00-0036450,K.Vaughn,RB,TB,24,4.8,2,0.4,5,42.0,0
2023,REG,00-0033893,D.Cook,RB,NYJ,67,4.8,15,1.1,20,214.0,0
2023,REG,00-0036360,C.Edwards-Helaire,RB,KC,70,4.7,17,1.1,22,223.0,1
2023,REG,00-0037557,R.Rivers,RB,LA,32,4.6,5,0.7,5,129.0,0
2023,REG,00-0034115,J.Wilson,RB,MIA,41,4.6,14,1.6,17,188.0,0
2023,REG,00-0038794,J.McLaughlin,RB,DEN,76,4.5,31,1.8,36,410.0,1
2023,REG,00-0037525,J.Mason,RB,SF,40,4.4,3,0.3,4,206.0,3
2023,REG,00-0038597,C.Brown,RB,CIN,44,4.4,14,1.4,15,179.0,0
2023,REG,00-0036984,T.Sermon,RB,IND,35,4.4,3,0.4,6,160.0,0
2023,REG,00-0035537,T.Johnson,RB,BUF,30,4.3,7,1.0,7,132.0,0
2023,REG,00-0030578,C.Patterson,RB,ATL,50,4.2,9,0.8,12,181.0,0
2023,REG,00-0038045,I.Spiller,RB,LAC,37,4.1,6,0.7,6,96.0,0
2023,REG,00-0036328,A.Gibson,RB,WAS,65,4.1,48,3.0,59,265.0,1
2023,POST,00-0036919,K.Gainwell,RB,PHI,4,4.0,2,2.0,2,3.0,0
2023,REG,00-0037286,K.Harris,RB,NE,16,4.0,3,0.8,3,65.0,1
2023,REG,00-0038862,E.Dotson,RB,LAC,4,4.0,2,2.0,2,6.0,0
2023,REG,00-0038555,T.Bigsby,RB,JAX,50,3.8,1,0.1,4,132.0,2
2023,REG,00-0035657,D.Harris,RB,BUF,23,3.8,2,0.3,2,94.0,1
2023,REG,00-0038622,D.Vaughn,RB,DAL,23,3.8,7,1.2,7,40.0,0
2023,REG,00-0034681,C.Edmonds,RB,TB,49,3.8,14,1.1,17,176.0,0
2023,REG,00-0030874,D.Williams,RB,ARI,11,3.7,2,0.7,2,43.0,0
2023,REG,00-0033308,M.Breida,RB,NYG,55,3.7,17,1.1,21,151.0,1
2023,REG,00-0034750,R.Penny,RB,PHI,11,3.7,1,0.3,1,33.0,0
2023,REG,00-0036924,M.Carter,RB,ARI,22,3.7,9,1.5,11,149.0,0
2023,REG,00-0038389,I.Abanikanda,RB,NYJ,22,3.7,7,1.2,11,70.0,0
2023,REG,00-0038396,E.Gray,RB,NYG,17,3.4,6,1.2,7,48.0,0
2023,REG,00-0035973,P.Taylor,RB,GB,32,3.2,11,1.1,17,141.0,0
2023,REG,00-0036020,S.Ahmed,RB,MIA,22,3.1,16,2.3,23,61.0,1
2023,REG,00-0033526,S.Perine,RB,DEN,53,3.1,50,2.9,56,238.0,1
2023,POST,00-0035973,P.Taylor,RB,GB,3,3.0,0,0.0,0,6.0,0
2023,POST,00-0036567,E.Mitchell,RB,SF,6,3.0,0,0.0,0,15.0,1
2023,POST,00-0037258,D.Pierce,RB,HOU,3,3.0,0,0.0,0,0.0,0
2023,POST,00-0037557,R.Rivers,RB,LA,3,3.0,3,3.0,3,9.0,0
2023,REG,00-0035184,D.Ozigbo,RB,DET,3,3.0,1,1.0,1,5.0,0
2023,REG,00-0035924,J.Ward,RB,TEN,3,3.0,0,0.0,0,11.0,0
2023,REG,00-0036569,G.Brightwell,RB,NYG,9,3.0,5,1.7,7,19.0,0
2023,REG,00-0038797,E.Wilson,RB,GB,14,2.8,4,0.8,5,85.0,0
2023,POST,00-0036360,C.Edwards-Helaire,RB,KC,11,2.8,4,1.0,4,53.0,0
2023,REG,00-0035628,D.Johnson,RB,JAX,41,2.7,10,0.7,12,108.0,0
2023,REG,00-0039136,Z.Evans,RB,LA,9,2.2,0,0.0,0,19.0,0
2023,REG,00-0037120,T.Goodson,RB,IND,13,2.2,6,1.0,9,87.0,0
2023,POST,00-0033854,D.Ogunbowale,RB,HOU,2,2.0,1,1.0,1,7.0,0
2023,POST,00-0036139,R.Dowdle,RB,DAL,2,2.0,2,2.0,3,11.0,0
2023,REG,00-0034414,B.Scott,RB,PHI,20,2.0,4,0.4,6,86.0,0
2023,REG,00-0036297,D.Evans,RB,MIA,2,2.0,0,0.0,0,16.0,0
2023,REG,00-0036857,C.Evans,RB,CIN,2,2.0,1,1.0,1,12.0,0
2023,REG,00-0036860,J.Funk,RB,IND,2,2.0,1,1.0,1,10.0,0
2023,REG,00-0031376,J.McKinnon,RB,KC,21,1.8,25,2.1,32,60.0,1
2023,REG,00-0037429,R.Blackshear,RB,CAR,14,1.8,6,0.8,7,46.0,0
2023,REG,00-0035860,T.Jones,RB,ARI,5,1.7,3,1.0,4,25.0,0
2023,REG,00-0036842,K.Nwangwu,RB,MIN,5,1.7,0,0.0,0,13.0,0
2023,REG,00-0035715,D.Gore,RB,WAS,3,1.5,0,0.0,0,26.0,0
2023,REG,00-0037157,Z.Knight,RB,DET,3,1.5,1,0.5,1,13.0,0
2023,REG,00-0029239,B.Bolden,RB,LV,4,1.3,0,0.0,0,31.0,1
2023,REG,00-0033854,D.Ogunbowale,RB,HOU,8,1.3,2,0.3,7,35.0,0
2023,REG,00-0035291,T.Williams,RB,CIN,15,1.1,7,0.5,9,69.0,0
2023,POST,00-0035567,C.Reynolds,RB,DET,1,1.0,0,0.0,0,1.0,1
2023,REG,00-0032975,J.Williams,RB,WAS,1,1.0,0,0.0,1,-2.0,0
2023,REG,00-0033118,K.Drake,RB,BAL,1,1.0,2,2.0,3,0.0,0
2023,REG,00-0033118,K.Drake,RB,GB,1,1.0,0,0.0,0,0.0,0
2023,REG,00-0035831,J.Robinson,RB,GB,1,1.0,1,1.0,1,2.0,0
2023,REG,00-0036425,D.Dallas,RB,SEA,10,1.0,6,0.6,9,36.0,0
2023,REG,00-0036493,D.Jackson,RB,NYG,1,1.0,0,0.0,0,2.0,0
2023,REG,00-0037410,J.Corbin,RB,NYG,1,1.0,3,3.0,3,1.0,0
2023,REG,00-0038397,E.Hull,RB,IND,1,1.0,1,1.0,1,1.0,0
2023,REG,00-0038738,H.Luepke,RB,DAL,6,1.0,3,0.5,4,19.0,1
2023,REG,00-0032104,A.Abdullah,RB,LV,15,0.9,19,1.2,24,89.0,0
2023,REG,00-0036924,M.Carter,RB,NYJ,8,0.9,15,1.7,20,38.0,0
2023,REG,00-0034208,M.Boone,RB,HOU,5,0.7,7,1.0,9,23.0,0
2023,POST,00-0030513,L.Murray,RB,BUF,0,0.0,5,2.5,6,0.0,0
2023,POST,00-0031376,J.McKinnon,RB,KC,0,0.0,2,2.0,2,0.0,0
2023,POST,00-0034115,J.Wilson,RB,MIA,0,0.0,1,1.0,2,0.0,0
2023,REG,00-0033296,A.Armah,RB,WAS,0,0.0,3,1.0,3,0.0,0
2023,REG,00-0035594,T.Homer,RB,CHI,0,0.0,0,0.0,1,0.0,0
2023,REG,00-0035806,J.Hasty,RB,JAX,0,0.0,0,0.0,2,0.0,0
2023,REG,00-0036336,A.McFarland,RB,PIT,0,0.0,2,2.0,2,0.0,0
2023,REG,00-0038678,J.Mims,RB,NO,0,0.0,0,0.0,2,0.0,0
2022,REG,00-0032764,D.Henry,RB,TEN,349,21.8,33,2.1,41,1538.0,13
2022,REG,00-0035700,J.Jacobs,RB,LV,340,20.0,53,3.1,64,1653.0,12
2022,REG,00-0034844,S.Barkley,RB,NYG,295,18.4,57,3.6,76,1312.0,10
2022,REG,00-0034791,N.Chubb,RB,CLE,302,17.8,27,1.6,37,1525.0,12
2022,REG,00-0036223,J.Taylor,RB,IND,192,17.5,28,2.5,40,861.0,4
2022,REG,00-0037746,B.Robinson,RB,WAS,205,17.1,9,0.8,12,797.0,2
2022,REG,00-0036755,J.Patterson,RB,WAS,17,17.0,0,0.0,1,78.0,0
2022,REG,00-0037258,D.Pierce,RB,HOU,220,16.9,30,2.3,39,939.0,4
2022,REG,00-0036893,N.Harris,RB,PIT,272,16.0,41,2.4,53,1034.0,7
2022,REG,00-0033893,D.Cook,RB,MIN,264,15.5,39,2.3,56,1173.0,8
2022,REG,00-0033948,J.Williams,RB,DET,262,15.4,12,0.7,16,1066.0,17
2022,REG,00-0033045,E.Elliott,RB,DAL,231,15.4,17,1.1,23,876.0,12
2022,REG,00-0035243,M.Sanders,RB,PHI,259,15.2,20,1.2,26,1269.0,11
2022,REG,00-0038134,K.Walker,RB,SEA,228,15.2,27,1.8,35,1050.0,9
2022,POST,00-0033893,D.Cook,RB,MIN,15,15.0,6,6.0,7,60.0,0
2022,POST,00-0036973,T.Etienne,RB,JAX,30,15.0,4,2.0,4,171.0,1
2022,POST,00-0038134,K.Walker,RB,SEA,15,15.0,1,1.0,1,63.0,1
2022,REG,00-0033897,J.Mixon,RB,CIN,210,15.0,60,4.3,75,814.0,7
2022,REG,00-0033906,A.Kamara,RB,NO,223,14.9,57,3.8,77,897.0,2
2022,REG,00-0033280,C.McCaffrey,RB,SF,159,14.5,52,4.7,65,746.0,6
2022,REG,00-0033280,C.McCaffrey,RB,CAR,85,14.2,33,5.5,43,393.0,2
2022,REG,00-0033553,J.Conner,RB,ARI,183,14.1,46,3.5,58,782.0,7
2022,POST,00-0033280,C.McCaffrey,RB,SF,40,13.3,12,4.0,14,238.0,2
2022,REG,00-0030513,L.Murray,RB,DEN,160,13.3,26,2.2,34,703.0,5
2022,REG,00-0037263,T.Allgeier,RB,ATL,210,13.1,16,1.0,17,1035.0,3
2022,POST,00-0033699,A.Ekeler,RB,LAC,13,13.0,2,2.0,4,35.0,2
2022,POST,00-0033897,J.Mixon,RB,CIN,39,13.0,8,2.7,10,163.0,1
2022,POST,00-0036158,J.Dobbins,RB,BAL,13,13.0,4,4.0,5,62.0,0
2022,REG,00-0036973,T.Etienne,RB,JAX,220,12.9,35,2.1,45,1125.0,5
2022,REG,00-0033925,D.Foreman,RB,CAR,203,12.7,5,0.3,9,914.0,5
2022,REG,00-0035685,D.Montgomery,RB,CHI,201,12.6,34,2.1,40,801.0,5
2022,REG,00-0036414,C.Akers,RB,LA,188,12.5,13,0.9,18,786.0,7
2022,REG,00-0033293,A.Jones,RB,GB,213,12.5,59,3.5,72,1121.0,2
2022,REG,00-0036875,R.Stevenson,RB,NE,210,12.4,69,4.1,88,1040.0,5
2022,POST,00-0037197,I.Pacheco,RB,KC,37,12.3,6,2.0,7,197.0,1
2022,REG,00-0037157,Z.Knight,RB,NYJ,85,12.1,13,1.9,14,300.0,1
2022,REG,00-0035261,T.Pollard,RB,DAL,193,12.1,39,2.4,55,1007.0,9
2022,POST,00-0034184,G.Edwards,RB,BAL,12,12.0,1,1.0,1,39.0,0
2022,REG,00-0033699,A.Ekeler,RB,LAC,204,12.0,107,6.3,127,915.0,13
2022,REG,00-0033856,L.Fournette,RB,TB,189,11.8,73,4.6,83,668.0,3
2022,REG,00-0036997,J.Williams,RB,DEN,47,11.8,16,4.0,22,204.0,0
2022,POST,00-0035243,M.Sanders,RB,PHI,35,11.7,1,0.3,2,148.0,2
2022,REG,00-0035831,J.Robinson,RB,JAX,81,11.6,9,1.3,11,340.0,3
2022,POST,00-0033045,E.Elliott,RB,DAL,23,11.5,3,1.5,6,53.0,0
2022,POST,00-0036567,E.Mitchell,RB,SF,23,11.5,2,1.0,3,53.0,0
2022,REG,00-0034115,J.Wilson,RB,SF,92,11.5,10,1.2,13,468.0,2
2022,REG,00-0036158,J.Dobbins,RB,BAL,92,11.5,7,0.9,8,520.0,2
2022,REG,00-0038120,B.Hall,RB,NYJ,80,11.4,19,2.7,31,463.0,4
2022,REG,00-0034750,R.Penny,RB,SEA,57,11.4,4,0.8,5,346.0,2
2022,REG,00-0031687,R.Mostert,RB,MIA,181,11.3,31,1.9,42,891.0,3
2022,REG,00-0030578,C.Patterson,RB,ATL,144,11.1,21,1.6,31,695.0,8
2022,REG,00-0035250,D.Singletary,RB,BUF,177,11.1,38,2.4,52,819.0,5
2022,POST,00-0036919,K.Gainwell,RB,PHI,33,11.0,7,2.3,9,181.0,1
2022,REG,00-0030513,L.Murray,RB,NO,11,11.0,1,1.0,1,57.0,1
2022,REG,00-0036265,A.Dillon,RB,GB,186,10.9,28,1.6,43,770.0,7
2022,POST,00-0035261,T.Pollard,RB,DAL,21,10.5,5,2.5,6,99.0,0
2022,REG,00-0034115,J.Wilson,RB,MIA,84,10.5,12,1.5,24,392.0,3
2022,REG,00-0034838,R.Freeman,RB,HOU,41,10.2,6,1.5,8,117.0,0
2022,POST,00-0034115,J.Wilson,RB,MIA,10,10.0,1,1.0,4,23.0,1
2022,REG,00-0036096,J.Taylor,RB,NE,10,10.0,1,1.0,1,9.0,0
2022,REG,00-0037197,I.Pacheco,RB,KC,170,10.0,13,0.8,14,830.0,5
2022,REG,00-0036328,A.Gibson,RB,WAS,149,9.9,46,3.1,58,546.0,3
2022,REG,00-0036906,K.Herbert,RB,CHI,129,9.9,9,0.7,12,731.0,4
2022,REG,00-0034184,G.Edwards,RB,BAL,87,9.7,0,0.0,2,433.0,3
2022,REG,00-0035657,D.Harris,RB,NE,106,9.6,17,1.5,23,462.0,3
2022,REG,00-0036251,Z.Moss,RB,IND,76,9.5,4,0.5,5,365.0,1
2022,REG,00-0033118,K.Drake,RB,BAL,109,9.1,17,1.4,26,482.0,4
2022,POST,00-0034844,S.Barkley,RB,NYG,18,9.0,7,3.5,9,114.0,2
2022,REG,00-0032144,M.Gordon,RB,DEN,90,9.0,25,2.5,32,318.0,2
2022,REG,00-0036567,E.Mitchell,RB,SF,45,9.0,3,0.6,4,279.0,2
2022,POST,00-0037248,J.Cook,RB,BUF,17,8.5,0,0.0,0,52.0,1
2022,REG,00-0037256,R.White,RB,TB,129,8.1,50,3.1,58,481.0,1
2022,POST,00-0035250,D.Singletary,RB,BUF,16,8.0,5,2.5,8,73.0,0
2022,REG,00-0036555,C.Hubbard,RB,CAR,95,7.9,14,1.2,17,466.0,2
2022,REG,00-0036383,E.Benjamin,RB,ARI,70,7.8,24,2.7,33,299.0,2
2022,REG,00-0035831,J.Robinson,RB,NYJ,29,7.2,2,0.5,3,85.0,0
2022,REG,00-0033923,K.Hunt,RB,CLE,123,7.2,35,2.1,44,468.0,3
2022,REG,00-0036924,M.Carter,RB,NYJ,114,7.1,41,2.6,54,402.0,3
2022,REG,00-0036360,C.Edwards-Helaire,RB,KC,71,7.1,17,1.7,23,302.0,3
2022,REG,00-0036275,D.Swift,RB,DET,99,7.1,48,3.4,70,542.0,5
2022,POST,00-0036370,J.Kelley,RB,LAC,7,7.0,1,1.0,1,20.0,0
2022,POST,00-0037256,R.White,RB,TB,7,7.0,4,4.0,6,41.0,0
2022,REG,00-0035664,D.Henderson,RB,LA,70,7.0,17,1.7,22,283.0,3
2022,REG,00-0037827,T.Davis-Price,RB,SF,34,6.8,0,0.0,2,99.0,0
2022,REG,00-0035217,B.Snell,RB,PIT,20,6.7,2,0.7,2,90.0,1
2022,REG,00-0036650,L.Rountree,RB,LAC,13,6.5,2,1.0,2,19.0,0
2022,POST,00-0031376,J.McKinnon,RB,KC,19,6.3,5,1.7,7,60.0,0
2022,REG,00-0036829,C.Huntley,RB,ATL,76,6.3,2,0.2,2,366.0,1
2022,REG,00-0037563,M.Davis,RB,DAL,38,6.3,6,1.0,7,161.0,1
2022,REG,00-0027966,M.Ingram,RB,NO,62,6.2,16,1.6,18,233.0,1
2022,POST,00-0036425,D.Dallas,RB,SEA,6,6.0,0,0.0,0,13.0,0
2022,REG,00-0032058,T.Coleman,RB,SF,12,6.0,3,1.5,3,26.0,1
2022,REG,00-0036336,A.McFarland,RB,PIT,6,6.0,2,2.0,2,30.0,0
2022,REG,00-0037276,T.Chandler,RB,MIN,6,6.0,0,0.0,0,20.0,0
2022,REG,00-0033526,S.Perine,RB,CIN,95,5.9,38,2.4,51,394.0,2
2022,REG,00-0036370,J.Kelley,RB,LAC,69,5.8,14,1.2,25,287.0,2
2022,REG,00-0036493,D.Jackson,RB,IND,68,5.7,30,2.5,34,236.0,1
2022,REG,00-0037248,J.Cook,RB,BUF,89,5.6,21,1.3,32,507.0,2
2022,REG,00-0037525,J.Mason,RB,SF,43,5.4,0,0.0,0,258.0,1
2022,REG,00-0032975,J.Williams,RB,WAS,37,5.3,7,1.0,10,152.0,0
2022,REG,00-0034681,C.Edmonds,RB,MIA,42,5.2,10,1.2,17,120.0,2
2022,REG,00-0034681,C.Edmonds,RB,DEN,26,5.2,6,1.2,7,125.0,0
2022,POST,00-0033856,L.Fournette,RB,TB,5,5.0,1,1.0,1,11.0,0
2022,POST,00-0034414,B.Scott,RB,PHI,15,5.0,1,0.3,1,61.0,2
2022,POST,00-0036020,S.Ahmed,RB,MIA,5,5.0,3,3.0,5,3.0,0
2022,REG,00-0034109,P.Lindsay,RB,IND,15,5.0,6,2.0,8,49.0,0
2022,REG,00-0035311,M.Gaskin,RB,MIA,10,5.0,4,2.0,6,26.0,0
2022,REG,00-0037228,J.Warren,RB,PIT,77,4.8,28,1.8,33,379.0,1
2022,POST,00-0033526,S.Perine,RB,CIN,14,4.7,8,2.7,10,58.0,1
2022,REG,00-0036297,D.Evans,RB,CHI,14,4.7,1,0.3,1,64.0,0
2022,REG,00-0036543,S.Brown,RB,CAR,9,4.5,2,1.0,4,43.0,0
2022,REG,00-0037557,R.Rivers,RB,LA,9,4.5,5,2.5,5,21.0,0
2022,REG,00-0037840,K.Williams,RB,LA,35,4.4,9,1.1,12,139.0,0
2022,REG,00-0034972,A.Mattison,RB,MIN,74,4.4,15,0.9,18,283.0,5
2022,REG,00-0031376,J.McKinnon,RB,KC,72,4.2,56,3.3,71,291.0,1
2022,REG,00-0034301,D.Williams,RB,ARI,21,4.2,4,0.8,8,102.0,1
2022,REG,00-0034414,B.Scott,RB,PHI,54,4.2,5,0.4,6,217.0,3
2022,POST,00-0035806,J.Hasty,RB,JAX,4,4.0,1,1.0,2,36.0,0
2022,REG,00-0030456,G.Bernard,RB,TB,8,4.0,2,1.0,2,28.0,0
2022,REG,00-0035860,T.Jones,RB,SEA,8,4.0,3,1.5,6,16.0,0
2022,REG,00-0037267,J.Ford,RB,CLE,8,4.0,0,0.0,0,12.0,0
2022,REG,00-0036569,G.Brightwell,RB,NYG,31,3.9,5,0.6,8,141.0,1
2022,REG,00-0035567,C.Reynolds,RB,DET,23,3.8,9,1.5,10,102.0,0
2022,REG,00-0033854,D.Ogunbowale,RB,HOU,42,3.8,20,1.8,26,123.0,1
2022,REG,00-0034975,J.Hill,RB,BAL,49,3.8,12,0.9,12,262.0,0
2022,REG,00-0033725,C.Clement,RB,ARI,15,3.8,5,1.2,7,55.0,1
2022,REG,00-0032450,D.Washington,RB,NO,11,3.7,1,0.3,1,38.0,0
2022,REG,00-0034845,S.Michel,RB,LAC,36,3.6,9,0.9,13,106.0,0
2022,REG,00-0037286,K.Harris,RB,NE,18,3.6,0,0.0,0,52.0,1
2022,REG,00-0038045,I.Spiller,RB,LAC,18,3.6,3,0.6,3,41.0,0
2022,REG,00-0037617,H.Haskins,RB,TEN,25,3.6,11,1.6,12,93.0,0
2022,POST,00-0033308,M.Breida,RB,NYG,7,3.5,1,0.5,1,31.0,1
2022,REG,00-0034440,J.Jackson,RB,DET,42,3.5,12,1.0,19,170.0,1
2022,REG,00-0037087,T.Ebner,RB,CHI,24,3.4,2,0.3,8,54.0,0
2022,REG,00-0034816,R.Jones,RB,KC,17,3.4,1,0.2,1,70.0,1
2022,REG,00-0036251,Z.Moss,RB,BUF,17,3.4,7,1.4,8,91.0,0
2022,REG,00-0036450,K.Vaughn,RB,TB,17,3.4,3,0.6,4,53.0,0
2022,REG,00-0035806,J.Hasty,RB,JAX,46,3.3,20,1.4,26,194.0,2
2022,REG,00-0034400,J.Wilkins,RB,IND,13,3.2,6,1.5,8,58.0,0
2022,REG,00-0033951,M.Mack,RB,DEN,16,3.2,8,1.6,10,84.0,1
2022,REG,00-0036425,D.Dallas,RB,SEA,35,3.2,17,1.5,19,186.0,0
2022,REG,00-0033308,M.Breida,RB,NYG,54,3.2,20,1.2,25,220.0,1
2022,REG,00-0036919,K.Gainwell,RB,PHI,53,3.1,23,1.4,29,240.0,4
2022,REG,00-0032187,D.Johnson,RB,NO,12,3.0,4,1.0,4,24.0,0
2022,REG,00-0034208,M.Boone,RB,DEN,24,3.0,9,1.1,15,102.0,0
2022,REG,00-0034578,R.Bonnafon,RB,WAS,3,3.0,0,0.0,0,8.0,0
2022,REG,00-0034614,G.Igwebuike,RB,SEA,3,3.0,1,1.0,1,4.0,0
2022,REG,00-0035537,T.Johnson,RB,NYJ,30,3.0,12,1.2,24,160.0,1
2022,REG,00-0036383,E.Benjamin,RB,HOU,3,3.0,0,0.0,0,1.0,0
2022,REG,00-0036842,K.Nwangwu,RB,MIN,9,3.0,2,0.7,2,14.0,0
2022,REG,00-0037594,J.Chestnut,RB,TEN,9,3.0,3,1.0,3,12.0,0
2022,REG,00-0032602,J.McKissic,RB,WAS,22,2.8,27,3.4,40,95.0,0
2022,REG,00-0037299,K.Ingram,RB,ARI,27,2.7,4,0.4,5,60.0,1
2022,REG,00-0031806,M.Brown,RB,LA,18,2.6,5,0.7,6,81.0,1
2022,REG,00-0034367,N.Hines,RB,IND,18,2.6,25,3.6,28,36.0,1
2022,REG,00-0035924,J.Ward,RB,TEN,5,2.5,2,1.0,3,25.0,0
2022,REG,00-0035973,P.Taylor,RB,GB,10,2.5,1,0.2,1,31.0,0
2022,REG,00-0038098,P.Strong,RB,NE,10,2.5,7,1.8,7,100.0,1
2022,REG,00-0037265,S.Conner,RB,JAX,12,2.4,0,0.0,0,42.0,1
2022,REG,00-0035594,T.Homer,RB,SEA,19,2.4,16,2.0,18,74.0,0
2022,REG,00-0037429,R.Blackshear,RB,CAR,23,2.3,10,1.0,12,77.0,3
2022,REG,00-0029239,B.Bolden,RB,LV,17,2.1,9,1.1,9,66.0,0
2022,POST,00-0037525,J.Mason,RB,SF,2,2.0,0,0.0,0,12.0,0
2022,REG,00-0030874,D.Williams,RB,ATL,2,2.0,0,0.0,0,2.0,0
2022,REG,00-0032257,D.Johnson,RB,BUF,2,2.0,0,0.0,0,4.0,0
2022,REG,00-0034253,D.Hilliard,RB,TEN,22,2.0,21,1.9,26,145.0,0
2022,REG,00-0035860,T.Jones,RB,NO,2,2.0,2,2.0,2,8.0,0
2022,REG,00-0036020,S.Ahmed,RB,MIA,12,2.0,1,0.2,1,64.0,1
2022,REG,00-0036383,E.Benjamin,RB,NO,4,2.0,1,0.5,1,13.0,0
2022,REG,00-0036984,T.Sermon,RB,PHI,2,2.0,0,0.0,0,19.0,0
2022,REG,00-0030288,R.Burkhead,RB,HOU,26,1.7,37,2.5,51,80.0,0
2022,REG,00-0032063,M.Davis,RB,BAL,8,1.6,2,0.4,2,18.0,0
2022,REG,00-0036950,A.Williams,RB,ATL,22,1.6,13,0.9,14,109.0,1
2022,REG,00-0038040,Z.White,RB,LV,17,1.5,0,0.0,0,70.0,0
2022,REG,00-0035291,T.Williams,RB,CIN,6,1.5,2,0.5,3,30.0,0
2022,REG,00-0035628,D.Johnson,RB,CLE,4,1.3,3,1.0,3,17.0,0
2022,POST,00-0034816,R.Jones,RB,KC,1,1.0,0,0.0,0,0.0,0
2022,POST,00-0036569,G.Brightwell,RB,NYG,1,1.0,0,0.0,0,10.0,0
2022,REG,00-0032780,J.Howard,RB,NO,1,1.0,0,0.0,0,1.0,0
2022,REG,00-0035184,D.Ozigbo,RB,DEN,3,1.0,1,0.3,1,4.0,0
2022,REG,00-0036669,K.Hill,RB,GB,1,1.0,0,0.0,0,7.0,0
2022,REG,00-0037085,T.Badie,RB,DEN,1,1.0,1,1.0,1,0.0,0
2022,REG,00-0034367,N.Hines,RB,BUF,6,0.7,5,0.6,9,-3.0,0
2022,REG,00-0037331,Z.Horvath,RB,LAC,4,0.5,5,0.6,8,8.0,0
2022,REG,00-0032104,A.Abdullah,RB,LV,4,0.3,25,1.9,32,20.0,0
2022,REG,00-0036654,D.Felton,RB,CLE,1,0.2,2,0.5,4,-4.0,0
2022,POST,00-0034367,N.Hines,RB,BUF,0,0.0,2,1.0,3,0.0,0
2022,POST,00-0034972,A.Mattison,RB,MIN,0,0.0,1,1.0,1,0.0,0
2022,POST,00-0034975,J.Hill,RB,BAL,0,0.0,2,2.0,2,0.0,0
2022,REG,00-0036457,T.Williams,RB,ARI,0,0.0,1,1.0,1,0.0,0
2022,REG,00-0036857,C.Evans,RB,CIN,0,0.0,3,0.8,4,0.0,0
2021,REG,00-0032764,D.Henry,RB,TEN,219,27.4,18,2.2,20,937.0,10
2021,POST,00-0032764,D.Henry,RB,TEN,20,20.0,0,0.0,0,62.0,1
2021,REG,00-0036223,J.Taylor,RB,IND,332,19.5,40,2.4,51,1811.0,18
2021,REG,00-0033893,D.Cook,RB,MIN,249,19.2,34,2.6,49,1159.0,6
2021,REG,00-0036567,E.Mitchell,RB,SF,207,18.8,19,1.7,20,963.0,5
2021,REG,00-0033906,A.Kamara,RB,NO,240,18.5,47,3.6,67,898.0,4
2021,POST,00-0036567,E.Mitchell,RB,SF,55,18.3,7,2.3,9,169.0,1
2021,REG,00-0033897,J.Mixon,RB,CIN,292,18.2,42,2.6,48,1205.0,13
2021,REG,00-0036893,N.Harris,RB,PIT,307,18.1,74,4.4,94,1200.0,7
2021,REG,00-0035685,D.Montgomery,RB,CHI,225,17.3,42,3.2,51,849.0,7
2021,POST,00-0036450,K.Vaughn,RB,TB,17,17.0,2,2.0,2,53.0,1
2021,POST,00-0033897,J.Mixon,RB,CIN,67,16.8,18,4.5,21,262.0,1
2021,POST,00-0036414,C.Akers,RB,LA,67,16.8,8,2.0,10,172.0,0
2021,REG,00-0034791,N.Chubb,RB,CLE,228,16.3,20,1.4,25,1259.0,8
2021,REG,00-0036328,A.Gibson,RB,WAS,258,16.1,42,2.6,52,1037.0,7
2021,REG,00-0033925,D.Foreman,RB,TEN,133,14.8,9,1.0,11,566.0,3
2021,REG,00-0035700,J.Jacobs,RB,LV,217,14.5,54,3.6,64,872.0,9
2021,REG,00-0032257,D.Johnson,RB,MIA,71,14.2,4,0.8,5,330.0,3
2021,REG,00-0033280,C.McCaffrey,RB,CAR,99,14.1,37,5.3,41,442.0,1
2021,REG,00-0033045,E.Elliott,RB,DAL,237,13.9,47,2.8,65,1002.0,10
2021,REG,00-0033594,C.Carson,RB,SEA,54,13.5,6,1.5,6,232.0,3
2021,REG,00-0033553,J.Conner,RB,ARI,202,13.5,37,2.5,39,752.0,15
2021,REG,00-0035657,D.Harris,RB,NE,202,13.5,18,1.2,21,929.0,15
2021,REG,00-0034115,J.Wilson,RB,SF,79,13.2,7,1.2,8,294.0,2
2021,REG,00-0027966,M.Ingram,RB,HOU,92,13.1,7,1.0,9,294.0,1
2021,POST,00-0033856,L.Fournette,RB,TB,13,13.0,9,9.0,9,51.0,2
2021,POST,00-0035250,D.Singletary,RB,BUF,26,13.0,7,3.5,9,107.0,3
2021,POST,00-0035700,J.Jacobs,RB,LV,13,13.0,4,4.0,5,83.0,0
2021,REG,00-0036278,J.Huntley,RB,PHI,13,13.0,0,0.0,1,51.0,0
2021,REG,00-0033699,A.Ekeler,RB,LAC,206,12.9,70,4.4,94,911.0,12
2021,REG,00-0033856,L.Fournette,RB,TB,180,12.9,69,4.9,84,812.0,8
2021,REG,00-0032144,M.Gordon,RB,DEN,203,12.7,28,1.8,38,918.0,8
2021,REG,00-0034844,S.Barkley,RB,NYG,162,12.5,41,3.2,57,593.0,2
2021,REG,00-0035664,D.Henderson,RB,LA,149,12.4,29,2.4,40,688.0,5
2021,REG,00-0032780,J.Howard,RB,PHI,86,12.3,2,0.3,5,406.0,3
2021,REG,00-0034845,S.Michel,RB,LA,208,12.2,21,1.2,33,845.0,4
2021,POST,00-0033045,E.Elliott,RB,DAL,12,12.0,1,1.0,4,31.0,0
2021,POST,00-0033293,A.Jones,RB,GB,12,12.0,9,9.0,10,41.0,0
2021,POST,00-0036893,N.Harris,RB,PIT,12,12.0,2,2.0,2,29.0,0
2021,REG,00-0036997,J.Williams,RB,DEN,203,11.9,43,2.5,53,903.0,4
2021,REG,00-0034750,R.Penny,RB,SEA,119,11.9,6,0.6,8,749.0,6
2021,REG,00-0036360,C.Edwards-Helaire,RB,KC,119,11.9,19,1.9,23,517.0,4
2021,REG,00-0033948,J.Williams,RB,DET,153,11.8,26,2.0,28,601.0,3
2021,REG,00-0035831,J.Robinson,RB,JAX,164,11.7,31,2.2,46,767.0,8
2021,REG,00-0036275,D.Swift,RB,DET,151,11.6,62,4.8,78,617.0,5
2021,REG,00-0035243,M.Sanders,RB,PHI,137,11.4,26,2.2,34,754.0,0
2021,REG,00-0033293,A.Jones,RB,GB,171,11.4,52,3.5,65,799.0,4
2021,POST,00-0031376,J.McKinnon,RB,KC,34,11.3,14,4.7,17,150.0,0
2021,REG,00-0036875,R.Stevenson,RB,NE,133,11.1,14,1.2,18,606.0,5
2021,REG,00-0035250,D.Singletary,RB,BUF,188,11.1,40,2.4,50,870.0,7
2021,REG,00-0025394,A.Peterson,RB,SEA,11,11.0,0,0.0,0,16.0,1
2021,REG,00-0035567,C.Reynolds,RB,DET,55,11.0,7,1.4,8,230.0,0
2021,REG,00-0036265,A.Dillon,RB,GB,187,11.0,34,2.0,37,803.0,5
2021,REG,00-0036555,C.Hubbard,RB,CAR,172,10.8,25,1.6,37,612.0,5
2021,REG,00-0036924,M.Carter,RB,NYJ,147,10.5,36,2.6,55,639.0,4
2021,REG,00-0035311,M.Gaskin,RB,MIA,173,10.2,49,2.9,63,612.0,3
2021,REG,00-0032426,A.Collins,RB,SEA,108,9.8,9,0.8,10,411.0,2
2021,REG,00-0033923,K.Hunt,RB,CLE,78,9.8,22,2.8,27,386.0,5
2021,REG,00-0027966,M.Ingram,RB,NO,68,9.7,20,2.9,26,260.0,1
2021,REG,00-0034414,B.Scott,RB,PHI,87,9.7,13,1.4,16,373.0,7
2021,REG,00-0034681,C.Edmonds,RB,ARI,116,9.7,43,3.6,53,592.0,2
2021,REG,00-0030578,C.Patterson,RB,ATL,153,9.6,52,3.2,69,618.0,6
2021,REG,00-0034109,P.Lindsay,RB,MIA,38,9.5,1,0.2,1,119.0,0
2021,REG,00-0032972,D.Booker,RB,NYG,145,9.1,40,2.5,45,593.0,2
2021,POST,00-0035657,D.Harris,RB,NE,9,9.0,1,1.0,1,30.0,0
2021,REG,00-0025394,A.Peterson,RB,TEN,27,9.0,4,1.3,4,82.0,1
2021,REG,00-0030288,R.Burkhead,RB,HOU,122,8.7,25,1.8,32,427.0,3
2021,REG,00-0035261,T.Pollard,RB,DAL,130,8.7,39,2.6,46,719.0,2
2021,REG,00-0030513,L.Murray,RB,BAL,119,8.5,10,0.7,13,501.0,6
2021,REG,00-0034301,D.Williams,RB,KC,144,8.5,47,2.8,57,558.0,6
2021,REG,00-0034972,A.Mattison,RB,MIN,134,8.4,32,2.0,39,491.0,3
2021,REG,00-0035628,D.Johnson,RB,CLE,100,8.3,19,1.6,25,534.0,3
2021,REG,00-0031285,D.Freeman,RB,BAL,133,8.3,34,2.1,42,576.0,5
2021,REG,00-0036984,T.Sermon,RB,SF,41,8.2,3,0.6,4,167.0,1
2021,REG,00-0032063,M.Davis,RB,ATL,138,8.1,44,2.6,58,503.0,3
2021,POST,00-0034681,C.Edmonds,RB,ARI,8,8.0,0,0.0,1,28.0,0
2021,POST,00-0036875,R.Stevenson,RB,NE,8,8.0,4,4.0,4,27.0,0
2021,REG,00-0034253,D.Hilliard,RB,TEN,56,8.0,19,2.7,26,350.0,2
2021,REG,00-0032058,T.Coleman,RB,NYJ,84,7.6,11,1.0,16,356.0,0
2021,REG,00-0035268,R.Armstead,RB,JAX,15,7.5,3,1.5,4,80.0,0
2021,REG,00-0035291,T.Williams,RB,CIN,15,7.5,1,0.5,2,51.0,0
2021,REG,00-0036251,Z.Moss,RB,BUF,96,7.4,23,1.8,32,345.0,4
2021,REG,00-0036906,K.Herbert,RB,CHI,103,7.4,14,1.0,16,433.0,2
2021,POST,00-0035243,M.Sanders,RB,PHI,7,7.0,3,3.0,3,16.0,0
2021,POST,00-0036265,A.Dillon,RB,GB,7,7.0,0,0.0,0,25.0,1
2021,REG,00-0034838,R.Freeman,RB,HOU,35,7.0,7,1.4,10,92.0,0
2021,REG,00-0034816,R.Jones,RB,TB,101,6.7,10,0.7,13,428.0,4
2021,REG,00-0033725,C.Clement,RB,DAL,33,6.6,6,1.2,7,140.0,0
2021,REG,00-0031045,C.Hyde,RB,JAX,72,6.5,12,1.1,21,253.0,1
2021,POST,00-0030456,G.Bernard,RB,TB,13,6.5,5,2.5,8,44.0,1
2021,POST,00-0034845,S.Michel,RB,LA,26,6.5,3,0.8,4,80.0,0
2021,POST,00-0036360,C.Edwards-Helaire,RB,KC,13,6.5,2,1.0,4,96.0,0
2021,REG,00-0035187,A.Walter,RB,NYJ,26,6.5,2,0.5,3,101.0,1
2021,REG,00-0035715,D.Gore,RB,KC,51,6.4,8,1.0,9,256.0,2
2021,REG,00-0030496,L.Bell,RB,BAL,31,6.2,1,0.2,3,83.0,2
2021,REG,00-0032741,P.Barber,RB,LV,55,6.1,10,1.1,13,212.0,2
2021,REG,00-0036450,K.Vaughn,RB,TB,36,6.0,4,0.7,8,180.0,2
2021,REG,00-0035973,P.Taylor,RB,GB,23,5.8,2,0.5,2,89.0,1
2021,REG,00-0033951,M.Mack,RB,IND,28,5.6,2,0.4,5,101.0,0
2021,REG,00-0031806,M.Brown,RB,MIA,33,5.5,3,0.5,5,125.0,1
2021,REG,00-0035860,T.Jones,RB,NO,54,5.4,5,0.5,8,142.0,0
2021,REG,00-0033118,K.Drake,RB,LV,63,5.2,30,2.5,40,254.0,2
2021,REG,00-0034440,J.Jackson,RB,LAC,68,5.2,22,1.7,25,364.0,2
2021,REG,00-0032187,D.Johnson,RB,HOU,67,5.2,32,2.5,42,228.0,0
2021,REG,00-0034109,P.Lindsay,RB,HOU,50,5.0,3,0.3,4,130.0,1
2021,REG,00-0034449,B.Howell,RB,LA,5,5.0,0,0.0,0,11.0,0
2021,REG,00-0036414,C.Akers,RB,LA,5,5.0,3,3.0,3,3.0,0
2021,REG,00-0036457,T.Williams,RB,BAL,35,5.0,9,1.3,12,185.0,1
2021,REG,00-0036020,S.Ahmed,RB,MIA,54,4.9,12,1.1,19,149.0,0
2021,REG,00-0036383,E.Benjamin,RB,ARI,34,4.9,6,0.9,7,118.0,1
2021,REG,00-0036755,J.Patterson,RB,WAS,68,4.9,10,0.7,11,266.0,2
2021,REG,00-0033950,W.Gallman,RB,ATL,28,4.7,1,0.2,3,104.0,0
2021,REG,00-0036650,L.Rountree,RB,LAC,36,4.5,1,0.1,2,87.0,1
2021,REG,00-0032104,A.Abdullah,RB,CAR,44,4.4,35,3.5,49,136.0,0
2021,REG,00-0032602,J.McKissic,RB,WAS,48,4.4,43,3.9,53,212.0,2
2021,REG,00-0036493,D.Jackson,RB,IND,13,4.3,0,0.0,0,31.0,1
2021,REG,00-0033854,D.Ogunbowale,RB,JAX,43,4.3,13,1.3,21,137.0,1
2021,REG,00-0036919,K.Gainwell,RB,PHI,68,4.2,33,2.1,50,291.0,5
2021,REG,00-0036370,J.Kelley,RB,LAC,33,4.1,5,0.6,6,102.0,0
2021,REG,00-0035537,T.Johnson,RB,NYJ,61,4.1,34,2.3,55,238.0,2
2021,POST,00-0033553,J.Conner,RB,ARI,4,4.0,1,1.0,2,19.0,1
2021,POST,00-0033925,D.Foreman,RB,TEN,4,4.0,0,0.0,0,66.0,0
2021,POST,00-0034799,K.Ballage,RB,PIT,4,4.0,0,0.0,0,13.0,0
2021,POST,00-0035261,T.Pollard,RB,DAL,4,4.0,2,2.0,2,14.0,0
2021,POST,00-0035664,D.Henderson,RB,LA,4,4.0,3,3.0,5,7.0,0
2021,POST,00-0036383,E.Benjamin,RB,ARI,4,4.0,2,2.0,2,8.0,0
2021,REG,00-0030465,K.Barner,RB,TB,4,4.0,0,0.0,0,0.0,0
2021,REG,00-0030874,D.Williams,RB,CHI,40,4.0,16,1.6,23,164.0,2
2021,REG,00-0036269,L.Perine,RB,NYJ,8,4.0,0,0.0,0,31.0,0
2021,REG,00-0036096,J.Taylor,RB,NE,19,3.8,4,0.8,4,37.0,2
2021,REG,00-0036670,J.Jefferson,RB,DET,15,3.8,4,1.0,5,74.0,2
2021,REG,00-0033308,M.Breida,RB,BUF,26,3.7,7,1.0,9,125.0,1
2021,REG,00-0033526,S.Perine,RB,CIN,55,3.7,27,1.8,31,246.0,1
2021,REG,00-0034838,R.Freeman,RB,CAR,21,3.5,3,0.5,6,77.0,0
2021,REG,00-0035273,Q.Ollison,RB,ATL,21,3.5,4,0.7,6,105.0,1
2021,REG,00-0032975,J.Williams,RB,WAS,17,3.4,4,0.8,6,79.0,1
2021,REG,00-0031062,J.White,RB,NE,10,3.3,12,4.0,14,38.0,1
2021,REG,00-0034367,N.Hines,RB,IND,56,3.3,40,2.4,57,276.0,2
2021,REG,00-0033955,J.McNichols,RB,TEN,41,3.2,28,2.2,38,156.0,0
2021,POST,00-0035715,D.Gore,RB,KC,3,3.0,0,0.0,0,3.0,0
2021,REG,00-0035448,D.Crockett,RB,DEN,3,3.0,0,0.0,0,7.0,0
2021,REG,00-0036069,S.Phillips,RB,HOU,6,3.0,2,1.0,3,13.0,0
2021,REG,00-0036425,D.Dallas,RB,SEA,33,3.0,21,1.9,23,138.0,2
2021,REG,00-0035217,B.Snell,RB,PIT,36,2.8,2,0.2,4,98.0,0
2021,REG,00-0029239,B.Bolden,RB,NE,44,2.8,41,2.6,49,226.0,1
2021,REG,00-0030496,L.Bell,RB,TB,8,2.7,4,1.3,4,18.0,0
2021,REG,00-0032782,W.Smallwood,RB,WAS,5,2.5,4,2.0,5,25.0,0
2021,REG,00-0034331,J.Samuels,RB,HOU,5,2.5,3,1.5,4,9.0,0
2021,REG,00-0036669,K.Hill,RB,GB,10,2.5,1,0.2,2,24.0,0
2021,REG,00-0034614,G.Igwebuike,RB,DET,18,2.2,7,0.9,10,118.0,1
2021,REG,00-0032813,E.Penny,RB,NYG,24,2.2,9,0.8,13,99.0,1
2021,REG,00-0036842,K.Nwangwu,RB,MIN,13,2.2,4,0.7,5,61.0,0
2021,POST,00-0035217,B.Snell,RB,PIT,2,2.0,2,2.0,2,15.0,0
2021,POST,00-0036860,J.Funk,RB,LA,2,2.0,0,0.0,0,5.0,0
2021,REG,00-0031687,R.Mostert,RB,SF,2,2.0,0,0.0,0,20.0,0
2021,REG,00-0034164,T.Cannon,RB,BAL,2,2.0,0,0.0,0,5.0,0
2021,REG,00-0034208,M.Boone,RB,DEN,4,2.0,2,1.0,2,35.0,0
2021,REG,00-0034808,J.Kelly,RB,CLE,2,2.0,0,0.0,0,13.0,0
2021,REG,00-0035760,J.Patrick,RB,SF,2,2.0,0,0.0,0,12.0,0
2021,REG,00-0036297,D.Evans,RB,TEN,2,2.0,2,2.0,2,7.0,0
2021,REG,00-0036698,M.Sargent,RB,LA,2,2.0,0,0.0,0,5.0,0
2021,REG,00-0036768,J.Hardy,RB,DAL,4,2.0,0,0.0,0,29.0,1
2021,REG,00-0036857,C.Evans,RB,CIN,17,1.9,15,1.7,17,77.0,0
2021,REG,00-0035594,T.Homer,RB,SEA,21,1.8,16,1.3,20,177.0,1
2021,REG,00-0031376,J.McKinnon,RB,KC,12,1.7,13,1.9,20,62.0,0
2021,REG,00-0035806,J.Hasty,RB,SF,16,1.6,23,2.3,29,68.0,1
2021,REG,00-0034799,K.Ballage,RB,PIT,12,1.5,2,0.2,7,36.0,0
2021,REG,00-0035924,J.Ward,RB,ARI,9,1.5,3,0.5,4,33.0,0
2021,REG,00-0036336,A.McFarland,RB,PIT,3,1.5,1,0.5,1,3.0,0
2021,REG,00-0032104,A.Abdullah,RB,MIN,7,1.4,3,0.6,4,30.0,0
2021,REG,00-0032450,D.Washington,RB,NO,4,1.3,2,0.7,2,16.0,0
2021,REG,00-0033025,J.Richard,RB,LV,9,1.1,12,1.5,14,40.0,0
2021,POST,00-0034301,D.Williams,RB,KC,1,1.0,0,0.0,0,4.0,0
2021,POST,00-0034414,B.Scott,RB,PHI,1,1.0,1,1.0,1,34.0,1
2021,POST,00-0036251,Z.Moss,RB,BUF,1,1.0,0,0.0,0,0.0,0
2021,POST,00-0036919,K.Gainwell,RB,PHI,1,1.0,5,5.0,5,6.0,0
2021,REG,00-0033296,A.Armah,RB,NO,5,1.0,1,0.2,1,21.0,0
2021,REG,00-0034164,T.Cannon,RB,SF,1,1.0,0,0.0,0,-1.0,0
2021,REG,00-0034378,I.Smith,RB,DAL,1,1.0,0,0.0,0,4.0,1
2021,REG,00-0034578,R.Bonnafon,RB,CAR,1,1.0,2,2.0,2,4.0,0
2021,REG,00-0035184,D.Ozigbo,RB,NO,1,1.0,1,1.0,1,-3.0,0
2021,REG,00-0035835,N.Cottrell,RB,JAX,1,1.0,0,0.0,0,3.0,0
2021,REG,00-0036523,T.Ragas,RB,LV,1,1.0,2,2.0,2,9.0,0
2021,REG,00-0036582,N.McCrary,RB,BAL,1,1.0,0,0.0,0,-1.0,0
2021,REG,00-0036698,M.Sargent,RB,JAX,1,1.0,0,0.0,1,2.0,0
2021,REG,00-0036698,M.Sargent,RB,TEN,2,1.0,0,0.0,0,4.0,0
2021,REG,00-0036860,J.Funk,RB,LA,2,1.0,0,0.0,0,5.0,0
2021,REG,00-0030456,G.Bernard,RB,TB,8,0.8,23,2.3,29,58.0,0
2021,POST,00-0033526,S.Perine,RB,CIN,3,0.8,4,1.0,7,2.0,0
2021,POST,00-0036857,C.Evans,RB,CIN,2,0.7,1,0.3,2,13.0,0
2021,REG,00-0036654,D.Felton,RB,CLE,7,0.6,18,1.6,21,24.0,0
2021,REG,00-0034597,R.Nall,RB,CHI,1,0.5,1,0.5,1,4.0,0
2021,REG,00-0036569,G.Brightwell,RB,NYG,1,0.5,1,0.5,1,4.0,0
2021,REG,00-0035342,P.Laird,RB,MIA,1,0.3,3,1.0,3,4.0,0
2021,POST,00-0029239,B.Bolden,RB,NE,0,0.0,4,4.0,6,0.0,0
2021,POST,00-0032780,J.Howard,RB,PHI,0,0.0,1,1.0,1,0.0,0
2021,POST,00-0033025,J.Richard,RB,LV,0,0.0,1,1.0,2,0.0,0
2021,POST,00-0034253,D.Hilliard,RB,TEN,0,0.0,3,3.0,3,0.0,0
2021,POST,00-0035806,J.Hasty,RB,SF,0,0.0,1,1.0,3,0.0,0
2021,REG,00-0035898,D.Bradwell,RB,LAC,0,0.0,0,0.0,1,0.0,0
2021,REG,00-0035957,R.Smith,RB,CAR,0,0.0,5,5.0,5,0.0,0
2020,REG,00-0032764,D.Henry,RB,TEN,378,23.6,19,1.2,31,2027.0,17
2020,POST,00-0036414,C.Akers,RB,LA,46,23.0,3,1.5,3,221.0,2
2020,REG,00-0033893,D.Cook,RB,MIN,312,22.3,44,3.1,54,1557.0,16
2020,POST,00-0036223,J.Taylor,RB,IND,21,21.0,2,2.0,4,78.0,1
2020,POST,00-0033906,A.Kamara,RB,NO,41,20.5,5,2.5,8,184.0,1
2020,REG,00-0033897,J.Mixon,RB,CIN,119,19.8,21,3.5,26,428.0,3
2020,REG,00-0033280,C.McCaffrey,RB,CAR,59,19.7,17,5.7,19,225.0,5
2020,REG,00-0035700,J.Jacobs,RB,LV,273,18.2,33,2.2,45,1065.0,12
2020,POST,00-0032764,D.Henry,RB,TEN,18,18.0,3,3.0,3,40.0,0
2020,REG,00-0035831,J.Robinson,RB,JAX,240,17.1,49,3.5,60,1070.0,7
2020,REG,00-0035685,D.Montgomery,RB,CHI,247,16.5,54,3.6,68,1070.0,8
2020,REG,00-0033045,E.Elliott,RB,DAL,244,16.3,52,3.5,71,979.0,6
2020,POST,00-0033594,C.Carson,RB,SEA,16,16.0,1,1.0,2,77.0,0
2020,POST,00-0033856,L.Fournette,RB,TB,64,16.0,18,4.5,21,300.0,3
2020,REG,00-0033118,K.Drake,RB,ARI,239,15.9,25,1.7,31,955.0,10
2020,REG,00-0034791,N.Chubb,RB,CLE,190,15.8,16,1.3,18,1067.0,12
2020,POST,00-0034791,N.Chubb,RB,CLE,31,15.5,6,3.0,9,145.0,0
2020,REG,00-0036223,J.Taylor,RB,IND,232,15.5,36,2.4,39,1169.0,11
2020,REG,00-0033293,A.Jones,RB,GB,201,14.4,47,3.4,63,1104.0,9
2020,REG,00-0032144,M.Gordon,RB,DEN,215,14.3,32,2.1,44,986.0,9
2020,REG,00-0035311,M.Gaskin,RB,MIA,142,14.2,41,4.1,47,584.0,3
2020,POST,00-0036328,A.Gibson,RB,WAS,14,14.0,2,2.0,3,31.0,0
2020,REG,00-0036360,C.Edwards-Helaire,RB,KC,181,13.9,36,2.8,54,803.0,4
2020,REG,00-0034816,R.Jones,RB,TB,192,13.7,28,2.0,42,978.0,7
2020,REG,00-0035657,D.Harris,RB,NE,137,13.7,5,0.5,7,691.0,2
2020,REG,00-0035243,M.Sanders,RB,PHI,164,13.7,28,2.3,52,867.0,6
2020,REG,00-0036414,C.Akers,RB,LA,145,13.2,11,1.0,14,625.0,2
2020,REG,00-0031687,R.Mostert,RB,SF,104,13.0,16,2.0,19,521.0,2
2020,REG,00-0032241,T.Gurley,RB,ATL,195,13.0,25,1.7,35,678.0,9
2020,REG,00-0033553,J.Conner,RB,PIT,169,13.0,35,2.7,43,721.0,6
2020,REG,00-0036020,S.Ahmed,RB,MIA,75,12.5,11,1.8,14,319.0,3
2020,REG,00-0023500,F.Gore,RB,NYJ,187,12.5,16,1.1,19,653.0,2
2020,REG,00-0033906,A.Kamara,RB,NO,187,12.5,83,5.5,107,932.0,16
2020,REG,00-0033923,K.Hunt,RB,CLE,198,12.4,38,2.4,51,841.0,6
2020,REG,00-0032187,D.Johnson,RB,HOU,147,12.2,33,2.8,46,691.0,6
2020,REG,00-0036328,A.Gibson,RB,WAS,170,12.1,36,2.6,44,795.0,11
2020,POST,00-0035685,D.Montgomery,RB,CHI,12,12.0,0,0.0,1,31.0,0
2020,REG,00-0036188,A.Williams,RB,BUF,12,12.0,1,1.0,1,63.0,2
2020,REG,00-0032063,M.Davis,RB,CAR,165,11.8,59,4.2,70,642.0,6
2020,REG,00-0033594,C.Carson,RB,SEA,141,11.8,37,3.1,46,681.0,5
2020,POST,00-0034816,R.Jones,RB,TB,35,11.7,0,0.0,2,139.0,0
2020,REG,00-0033699,A.Ekeler,RB,LAC,116,11.6,54,5.4,65,530.0,1
2020,REG,00-0034115,J.Wilson,RB,SF,126,11.5,13,1.2,28,600.0,7
2020,POST,00-0033553,J.Conner,RB,PIT,11,11.0,5,5.0,5,37.0,1
2020,REG,00-0034799,K.Ballage,RB,LAC,88,11.0,20,2.5,27,290.0,3
2020,REG,00-0031285,D.Freeman,RB,NYG,54,10.8,7,1.4,10,172.0,1
2020,REG,00-0034109,P.Lindsay,RB,DEN,118,10.7,7,0.6,14,502.0,1
2020,REG,00-0033950,W.Gallman,RB,NYG,147,10.5,21,1.5,27,682.0,6
2020,POST,00-0033293,A.Jones,RB,GB,20,10.0,5,2.5,8,126.0,1
2020,REG,00-0034845,S.Michel,RB,NE,79,9.9,7,0.9,9,449.0,1
2020,REG,00-0025394,A.Peterson,RB,DET,156,9.8,12,0.8,18,604.0,7
2020,REG,00-0035250,D.Singletary,RB,BUF,156,9.8,38,2.4,50,687.0,2
2020,REG,00-0030513,L.Murray,RB,NO,146,9.7,23,1.5,26,656.0,4
2020,POST,00-0033948,J.Williams,RB,GB,19,9.5,4,2.0,4,88.0,0
2020,POST,00-0036158,J.Dobbins,RB,BAL,19,9.5,4,2.0,6,85.0,1
2020,REG,00-0030496,L.Bell,RB,NYJ,19,9.5,3,1.5,3,74.0,0
2020,REG,00-0034844,S.Barkley,RB,NYG,19,9.5,6,3.0,9,34.0,0
2020,POST,00-0034301,D.Williams,RB,KC,28,9.3,7,2.3,12,135.0,1
2020,REG,00-0032940,D.Washington,RB,MIA,28,9.3,4,1.3,9,86.0,0
2020,REG,00-0035664,D.Henderson,RB,LA,138,9.2,16,1.1,24,624.0,5
2020,POST,00-0034184,G.Edwards,RB,BAL,18,9.0,0,0.0,0,80.0,0
2020,REG,00-0034184,G.Edwards,RB,BAL,144,9.0,9,0.6,13,723.0,6
2020,REG,00-0036158,J.Dobbins,RB,BAL,134,8.9,18,1.2,24,805.0,9
2020,REG,00-0036275,D.Swift,RB,DET,114,8.8,46,3.5,57,521.0,8
2020,REG,00-0036251,Z.Moss,RB,BUF,112,8.6,14,1.1,18,481.0,4
2020,REG,00-0036370,J.Kelley,RB,LAC,111,8.5,23,1.8,23,354.0,2
2020,REG,00-0033948,J.Williams,RB,GB,119,8.5,31,2.2,35,505.0,2
2020,REG,00-0031045,C.Hyde,RB,SEA,81,8.1,16,1.6,20,356.0,4
2020,REG,00-0033856,L.Fournette,RB,TB,97,8.1,36,3.0,47,367.0,6
2020,REG,00-0034449,B.Howell,RB,HOU,16,8.0,1,0.5,2,64.0,0
2020,REG,00-0030456,G.Bernard,RB,CIN,124,7.8,47,2.9,59,416.0,3
2020,POST,00-0036360,C.Edwards-Helaire,RB,KC,15,7.5,3,1.5,5,71.0,1
2020,REG,00-0035217,B.Snell,RB,PIT,111,7.4,10,0.7,14,368.0,4
2020,REG,00-0034972,A.Mattison,RB,MIN,96,7.4,13,1.0,15,434.0,2
2020,REG,00-0034440,J.Jackson,RB,LAC,59,7.4,19,2.4,24,270.0,0
2020,REG,00-0027966,M.Ingram,RB,BAL,72,7.2,6,0.6,8,299.0,2
2020,REG,00-0036269,L.Perine,RB,NYJ,64,7.1,11,1.2,15,232.0,2
2020,POST,00-0033923,K.Hunt,RB,CLE,14,7.0,2,1.0,2,80.0,3
2020,POST,00-0036251,Z.Moss,RB,BUF,7,7.0,4,4.0,4,21.0,0
2020,REG,00-0030496,L.Bell,RB,KC,63,7.0,13,1.4,17,254.0,2
2020,REG,00-0032257,D.Johnson,RB,HOU,77,7.0,28,2.5,35,235.0,1
2020,REG,00-0034400,J.Wilkins,RB,IND,84,7.0,12,1.0,16,308.0,1
2020,REG,00-0032741,P.Barber,RB,WAS,94,6.7,4,0.3,7,258.0,4
2020,REG,00-0030288,R.Burkhead,RB,NE,67,6.7,25,2.5,33,274.0,3
2020,REG,00-0035806,J.Hasty,RB,SF,39,6.5,7,1.2,8,148.0,1
2020,REG,00-0031806,M.Brown,RB,LA,101,6.3,23,1.4,33,419.0,5
2020,REG,00-0035261,T.Pollard,RB,DAL,101,6.3,28,1.8,40,435.0,4
2020,REG,00-0033567,B.Hill,RB,ATL,100,6.2,25,1.6,30,465.0,1
2020,REG,00-0032972,D.Booker,RB,LV,93,6.2,17,1.1,21,423.0,3
2020,REG,00-0029141,A.Morris,RB,NYG,55,6.1,3,0.3,4,238.0,1
2020,REG,00-0034681,C.Edmonds,RB,ARI,97,6.1,53,3.3,67,448.0,1
2020,POST,00-0034367,N.Hines,RB,IND,6,6.0,1,1.0,3,75.0,0
2020,REG,00-0032426,A.Collins,RB,SEA,18,6.0,1,0.3,2,77.0,2
2020,REG,00-0034432,B.Scarbrough,RB,SEA,6,6.0,0,0.0,0,31.0,0
2020,REG,00-0034578,R.Bonnafon,RB,CAR,12,6.0,2,1.0,2,69.0,0
2020,REG,00-0035537,T.Johnson,RB,NYJ,54,6.0,16,1.8,20,254.0,1
2020,REG,00-0033308,M.Breida,RB,MIA,59,5.9,9,0.9,10,254.0,0
2020,REG,00-0035957,R.Smith,RB,CAR,41,5.9,9,1.3,11,156.0,1
2020,REG,00-0031376,J.McKinnon,RB,SF,81,5.8,33,2.4,46,319.0,5
2020,REG,00-0033526,S.Perine,RB,CIN,63,5.7,11,1.0,12,301.0,3
2020,REG,00-0032780,J.Howard,RB,MIA,28,5.6,1,0.2,1,33.0,4
2020,REG,00-0034367,N.Hines,RB,IND,89,5.6,63,3.9,76,380.0,3
2020,REG,00-0035148,D.Thompson,RB,KC,27,5.4,7,1.4,11,97.0,1
2020,POST,00-0035250,D.Singletary,RB,BUF,16,5.3,8,2.7,9,63.0,0
2020,REG,00-0032602,J.McKissic,RB,WAS,85,5.3,80,5.0,110,365.0,1
2020,REG,00-0036265,A.Dillon,RB,GB,46,5.1,2,0.2,2,242.0,2
2020,POST,00-0036450,K.Vaughn,RB,TB,5,5.0,0,0.0,1,21.0,0
2020,REG,00-0034414,B.Scott,RB,PHI,80,5.0,25,1.6,36,374.0,1
2020,REG,00-0034457,J.Adams,RB,NYJ,29,4.8,6,1.0,8,157.0,2
2020,REG,00-0032058,T.Coleman,RB,SF,28,4.7,4,0.7,5,53.0,0
2020,REG,00-0033556,T.Cohen,RB,CHI,14,4.7,6,2.0,9,74.0,0
2020,REG,00-0036096,J.Taylor,RB,NE,23,4.6,1,0.2,2,110.0,0
2020,REG,00-0033854,D.Ogunbowale,RB,JAX,32,4.6,10,1.4,20,145.0,0
2020,POST,00-0031806,M.Brown,RB,LA,9,4.5,2,1.0,2,30.0,0
2020,POST,00-0036265,A.Dillon,RB,GB,9,4.5,1,0.5,1,44.0,0
2020,REG,00-0034253,D.Hilliard,RB,CLE,9,4.5,1,0.5,1,48.0,0
2020,REG,00-0034378,I.Smith,RB,ATL,63,4.5,17,1.2,26,268.0,1
2020,REG,00-0033925,D.Foreman,RB,TEN,22,4.4,1,0.2,1,95.0,0
2020,REG,00-0035291,T.Williams,RB,CIN,26,4.3,5,0.8,5,157.0,0
2020,REG,00-0036450,K.Vaughn,RB,TB,26,4.3,5,0.8,10,109.0,0
2020,REG,00-0030578,C.Patterson,RB,CHI,64,4.3,21,1.4,25,232.0,1
2020,REG,00-0036425,D.Dallas,RB,SEA,34,4.2,17,2.1,20,108.0,2
2020,REG,00-0035628,D.Johnson,RB,CLE,33,4.1,3,0.4,4,166.0,0
2020,POST,00-0030513,L.Murray,RB,NO,4,4.0,2,2.0,2,9.0,0
2020,POST,00-0031045,C.Hyde,RB,SEA,4,4.0,0,0.0,0,5.0,0
2020,REG,00-0032450,D.Washington,RB,NO,8,4.0,0,0.0,0,15.0,0
2020,REG,00-0033951,M.Mack,RB,IND,4,4.0,3,3.0,3,26.0,0
2020,REG,00-0033164,T.Pope,RB,LAC,15,3.8,8,2.0,10,76.0,0
2020,REG,00-0034349,K.Johnson,RB,DET,52,3.7,19,1.4,26,181.0,2
2020,REG,00-0034750,R.Penny,RB,SEA,11,3.7,0,0.0,0,34.0,0
2020,REG,00-0032780,J.Howard,RB,PHI,7,3.5,0,0.0,0,27.0,0
2020,REG,00-0036139,R.Dowdle,RB,DAL,7,3.5,0,0.0,0,24.0,0
2020,REG,00-0036297,D.Evans,RB,TEN,14,3.5,2,0.5,4,54.0,0
2020,REG,00-0032209,T.Yeldon,RB,BUF,10,3.3,1,0.3,4,70.0,0
2020,REG,00-0034838,R.Freeman,RB,DEN,35,3.2,12,1.1,13,170.0,0
2020,REG,00-0033955,J.McNichols,RB,TEN,47,3.1,12,0.8,17,204.0,1
2020,REG,00-0032940,D.Washington,RB,KC,3,3.0,1,1.0,1,5.0,0
2020,REG,00-0034301,D.Williams,RB,KC,39,3.0,18,1.4,26,169.0,1
2020,REG,00-0035551,T.Brooks-James,RB,ATL,3,3.0,0,0.0,0,4.0,0
2020,REG,00-0035860,T.Jones,RB,NO,3,3.0,0,0.0,0,13.0,0
2020,REG,00-0036336,A.McFarland,RB,PIT,33,3.0,6,0.5,9,113.0,0
2020,REG,00-0035594,T.Homer,RB,SEA,25,2.8,9,1.0,10,88.0,0
2020,REG,00-0033725,C.Clement,RB,PHI,21,2.6,5,0.6,6,75.0,1
2020,POST,00-0032209,T.Yeldon,RB,BUF,5,2.5,4,2.0,5,19.0,0
2020,REG,00-0031062,J.White,RB,NE,35,2.5,49,3.5,62,121.0,2
2020,REG,00-0034208,M.Boone,RB,MIN,11,2.2,2,0.4,2,59.0,1
2020,POST,00-0030496,L.Bell,RB,KC,2,2.0,0,0.0,3,6.0,0
2020,POST,00-0032602,J.McKissic,RB,WAS,2,2.0,2,2.0,3,5.0,1
2020,POST,00-0035217,B.Snell,RB,PIT,2,2.0,1,1.0,2,13.0,0
2020,REG,00-0031209,S.Perry,RB,TEN,2,2.0,0,0.0,0,9.0,0
2020,REG,00-0032393,C.Prosise,RB,HOU,10,2.0,5,1.0,5,19.0,0
2020,REG,00-0034164,T.Cannon,RB,CAR,10,2.0,3,0.6,3,33.0,0
2020,REG,00-0034975,J.Hill,RB,BAL,12,2.0,5,0.8,5,60.0,0
2020,REG,00-0034995,D.Williams,RB,GB,2,2.0,0,0.0,0,8.0,0
2020,REG,00-0035912,L.Bellamy,RB,DEN,4,2.0,1,0.5,1,11.0,0
2020,REG,00-0036069,S.Phillips,RB,HOU,2,2.0,1,1.0,1,9.0,0
2020,REG,00-0036208,A.Pierce,RB,CHI,6,2.0,0,0.0,0,34.0,1
2020,REG,00-0032404,T.Ervin,RB,GB,13,1.9,11,1.6,15,67.0,0
2020,REG,00-0033025,J.Richard,RB,LV,22,1.8,19,1.6,23,123.0,1
2020,REG,00-0028087,D.Lewis,RB,NYG,29,1.8,19,1.2,30,115.0,2
2020,REG,00-0036278,J.Huntley,RB,PHI,5,1.7,1,0.3,2,19.0,0
2020,REG,00-0030107,T.Riddick,RB,LV,6,1.5,5,1.2,6,14.0,0
2020,REG,00-0035342,P.Laird,RB,MIA,13,1.4,10,1.1,12,72.0,0
2020,REG,00-0032104,A.Abdullah,RB,MIN,8,1.3,8,1.3,9,42.0,0
2020,REG,00-0027029,L.McCoy,RB,TB,10,1.2,15,1.9,19,31.0,0
2020,REG,00-0030404,C.Thompson,RB,JAX,7,1.2,20,3.3,23,20.0,0
2020,REG,00-0034331,J.Samuels,RB,PIT,9,1.1,9,1.1,14,28.0,0
2020,POST,00-0030578,C.Patterson,RB,CHI,1,1.0,0,0.0,0,2.0,0
2020,POST,00-0032450,D.Washington,RB,NO,1,1.0,0,0.0,0,2.0,0
2020,POST,00-0033955,J.McNichols,RB,TEN,1,1.0,0,0.0,0,4.0,0
2020,POST,00-0034597,R.Nall,RB,CHI,1,1.0,0,0.0,0,0.0,0
2020,POST,00-0036297,D.Evans,RB,TEN,1,1.0,0,0.0,0,1.0,0
2020,REG,00-0032577,D.Foster,RB,ARI,2,1.0,1,0.5,1,2.0,0
2020,REG,00-0032813,E.Penny,RB,NYG,6,1.0,2,0.3,3,15.0,0
2020,REG,00-0032975,J.Williams,RB,DET,1,1.0,4,4.0,4,5.0,0
2020,REG,00-0034799,K.Ballage,RB,NYJ,3,1.0,9,3.0,10,13.0,0
2020,REG,00-0035187,A.Walter,RB,SF,1,1.0,1,1.0,1,3.0,0
2020,REG,00-0035273,Q.Ollison,RB,ATL,1,1.0,0,0.0,0,3.0,0
2020,REG,00-0035567,C.Reynolds,RB,JAX,1,1.0,1,1.0,1,4.0,0
2020,REG,00-0036000,A.Killins,RB,PHI,1,1.0,1,1.0,1,-12.0,0
2020,REG,00-0028074,A.Sherman,RB,KC,3,0.8,1,0.2,2,8.0,0
2020,REG,00-0033296,A.Armah,RB,CAR,6,0.5,5,0.4,9,9.0,0
2020,REG,00-0034597,R.Nall,RB,CHI,3,0.5,8,1.3,9,0.0,0
2020,REG,00-0036245,M.Perry,RB,MIA,3,0.4,9,1.1,13,5.0,0
2020,REG,00-0035184,D.Ozigbo,RB,JAX,1,0.2,9,2.2,9,1.0,0
2020,POST,00-0034975,J.Hill,RB,BAL,0,0.0,0,0.0,1,0.0,0
2020,REG,00-0028063,T.Jones,RB,BUF,0,0.0,0,0.0,2,0.0,0
2020,REG,00-0029615,L.Miller,RB,CHI,0,0.0,2,2.0,2,0.0,0
2020,REG,00-0030465,K.Barner,RB,TB,0,0.0,0,0.0,1,0.0,0
2020,REG,00-0035537,T.Johnson,RB,DET,0,0.0,0,0.0,1,0.0,0
2020,REG,00-0035924,J.Ward,RB,ARI,0,0.0,1,1.0,1,0.0,0
2019,POST,00-0032764,D.Henry,RB,TEN,83,27.7,5,1.7,5,446.0,2
2019,REG,00-0032764,D.Henry,RB,TEN,303,20.2,18,1.2,24,1540.0,16
2019,REG,00-0033045,E.Elliott,RB,DAL,301,18.8,54,3.4,71,1357.0,12
2019,REG,00-0034791,N.Chubb,RB,CLE,299,18.7,36,2.2,49,1513.0,8
2019,REG,00-0035700,J.Jacobs,RB,LV,242,18.6,20,1.5,27,1150.0,7
2019,REG,00-0033594,C.Carson,RB,SEA,278,18.5,37,2.5,47,1230.0,7
2019,POST,00-0033893,D.Cook,RB,MIN,37,18.5,9,4.5,13,112.0,2
2019,REG,00-0033280,C.McCaffrey,RB,CAR,287,17.9,116,7.2,142,1387.0,15
2019,REG,00-0033893,D.Cook,RB,MIN,250,17.9,53,3.8,63,1135.0,13
2019,POST,00-0031687,R.Mostert,RB,SF,53,17.7,3,1.0,3,336.0,5
2019,REG,00-0033856,L.Fournette,RB,JAX,265,17.7,76,5.1,100,1152.0,3
2019,REG,00-0033951,M.Mack,RB,IND,247,17.6,14,1.0,17,1091.0,8
2019,REG,00-0033897,J.Mixon,RB,CIN,278,17.4,35,2.2,45,1137.0,5
2019,REG,00-0034844,S.Barkley,RB,NYG,217,16.7,52,4.0,73,1003.0,6
2019,POST,00-0033293,A.Jones,RB,GB,33,16.5,6,3.0,7,118.0,3
2019,REG,00-0030496,L.Bell,RB,NYJ,245,16.3,66,4.4,78,789.0,3
2019,REG,00-0034845,S.Michel,RB,NE,247,15.4,12,0.8,20,912.0,7
2019,POST,00-0030874,D.Williams,RB,KC,46,15.3,11,3.7,20,196.0,4
2019,REG,00-0031045,C.Hyde,RB,HOU,245,15.3,10,0.6,16,1070.0,6
2019,REG,00-0033118,K.Drake,RB,ARI,121,15.1,28,3.5,35,611.0,8
2019,REG,00-0035685,D.Montgomery,RB,CHI,242,15.1,25,1.6,35,889.0,6
2019,REG,00-0032241,T.Gurley,RB,LA,223,14.9,31,2.1,49,857.0,12
2019,REG,00-0034432,B.Scarbrough,RB,DET,89,14.8,1,0.2,4,377.0,1
2019,REG,00-0033293,A.Jones,RB,GB,236,14.8,49,3.1,68,1084.0,16
2019,POST,00-0031045,C.Hyde,RB,HOU,29,14.5,4,2.0,5,92.0,0
2019,REG,00-0034349,K.Johnson,RB,DET,113,14.1,10,1.2,15,403.0,3
2019,REG,00-0025394,A.Peterson,RB,WAS,211,14.1,17,1.1,23,898.0,5
2019,POST,00-0034845,S.Michel,RB,NE,14,14.0,2,2.0,2,61.0,0
2019,POST,00-0035243,M.Sanders,RB,PHI,14,14.0,3,3.0,5,69.0,0
2019,REG,00-0034109,P.Lindsay,RB,DEN,224,14.0,35,2.2,48,1011.0,7
2019,REG,00-0032144,M.Gordon,RB,LAC,162,13.5,42,3.5,55,612.0,8
2019,REG,00-0027966,M.Ingram,RB,BAL,202,13.5,26,1.7,29,1018.0,10
2019,REG,00-0032780,J.Howard,RB,PHI,119,13.2,10,1.1,14,525.0,6
2019,REG,00-0031285,D.Freeman,RB,ATL,184,13.1,59,4.2,70,656.0,2
2019,POST,00-0035250,D.Singletary,RB,BUF,13,13.0,6,6.0,7,58.0,0
2019,REG,00-0035250,D.Singletary,RB,BUF,151,12.6,29,2.4,41,775.0,2
2019,REG,00-0032975,J.Williams,RB,IND,49,12.2,5,1.2,5,235.0,1
2019,REG,00-0033906,A.Kamara,RB,NO,171,12.2,81,5.8,97,797.0,5
2019,REG,00-0025399,M.Lynch,RB,SEA,12,12.0,0,0.0,0,34.0,1
2019,REG,00-0032540,T.Carson,RB,DET,12,12.0,0,0.0,0,34.0,0
2019,REG,00-0033553,J.Conner,RB,PIT,116,11.6,34,3.4,38,464.0,4
2019,REG,00-0035243,M.Sanders,RB,PHI,179,11.2,50,3.1,63,818.0,3
2019,REG,00-0023500,F.Gore,RB,BUF,166,11.1,13,0.9,16,599.0,2
2019,POST,00-0032058,T.Coleman,RB,SF,33,11.0,1,0.3,1,154.0,2
2019,REG,00-0034816,R.Jones,RB,TB,172,10.8,31,1.9,40,724.0,6
2019,REG,00-0033308,M.Breida,RB,SF,123,10.2,19,1.6,22,623.0,1
2019,REG,00-0030874,D.Williams,RB,KC,111,10.1,30,2.7,37,498.0,5
2019,REG,00-0035013,J.Hilliman,RB,NYG,30,10.0,3,1.0,4,91.0,0
2019,REG,00-0035489,W.Hills,RB,DET,10,10.0,2,2.0,2,21.0,2
2019,REG,00-0035217,B.Snell,RB,PIT,108,9.8,3,0.3,4,426.0,2
2019,REG,00-0034208,M.Boone,RB,MIN,49,9.8,3,0.6,4,273.0,3
2019,REG,00-0032058,T.Coleman,RB,SF,137,9.8,21,1.5,30,544.0,6
2019,REG,00-0032741,P.Barber,RB,TB,154,9.6,16,1.0,24,470.0,6
2019,REG,00-0031687,R.Mostert,RB,SF,137,9.1,14,0.9,22,772.0,8
2019,REG,00-0030513,L.Murray,RB,NO,146,9.1,34,2.1,43,637.0,5
2019,POST,00-0025399,M.Lynch,RB,SEA,18,9.0,2,1.0,3,33.0,3
2019,REG,00-0028063,T.Jones,RB,HOU,9,9.0,1,1.0,1,40.0,0
2019,REG,00-0035184,D.Ozigbo,RB,JAX,9,9.0,3,3.0,5,27.0,0
2019,REG,00-0034358,D.Guice,RB,WAS,42,8.4,7,1.4,9,245.0,2
2019,REG,00-0034184,G.Edwards,RB,BAL,133,8.3,7,0.4,7,711.0,2
2019,REG,00-0033699,A.Ekeler,RB,LAC,132,8.2,92,5.8,108,557.0,3
2019,REG,00-0034838,R.Freeman,RB,DEN,132,8.2,43,2.7,50,496.0,3
2019,POST,00-0023500,F.Gore,RB,BUF,8,8.0,0,0.0,1,22.0,0
2019,REG,00-0029854,C.Anderson,RB,DET,16,8.0,0,0.0,0,43.0,0
2019,REG,00-0033118,K.Drake,RB,MIA,47,7.8,22,3.7,33,174.0,0
2019,REG,00-0033567,B.Hill,RB,ATL,78,7.8,10,1.0,14,323.0,2
2019,REG,00-0027029,L.McCoy,RB,KC,101,7.8,28,2.2,34,465.0,4
2019,REG,00-0032187,D.Johnson,RB,ARI,93,7.8,36,3.0,47,346.0,2
2019,REG,00-0035342,P.Laird,RB,MIA,62,7.8,23,2.9,30,168.0,1
2019,REG,00-0034972,A.Mattison,RB,MIN,100,7.7,10,0.8,12,462.0,1
2019,REG,00-0033948,J.Williams,RB,GB,107,7.6,39,2.8,45,460.0,1
2019,REG,00-0034414,B.Scott,RB,PHI,61,7.6,24,3.0,26,245.0,5
2019,REG,00-0034750,R.Penny,RB,SEA,65,7.2,8,0.9,11,370.0,3
2019,POST,00-0033906,A.Kamara,RB,NO,7,7.0,8,8.0,9,21.0,1
2019,POST,00-0035594,T.Homer,RB,SEA,14,7.0,3,1.5,4,25.0,0
2019,REG,00-0032940,D.Washington,RB,LV,108,6.8,36,2.2,41,387.0,3
2019,REG,00-0034799,K.Ballage,RB,MIA,74,6.2,14,1.2,24,135.0,3
2019,REG,00-0035261,T.Pollard,RB,DAL,86,6.1,15,1.1,20,455.0,2
2019,POST,00-0027966,M.Ingram,RB,BAL,6,6.0,1,1.0,2,22.0,0
2019,POST,00-0034414,B.Scott,RB,PHI,6,6.0,3,3.0,3,25.0,0
2019,REG,00-0032540,T.Carson,RB,GB,6,6.0,4,4.0,4,14.0,0
2019,REG,00-0034681,C.Edmonds,RB,ARI,60,6.0,12,1.2,21,303.0,4
2019,REG,00-0030414,S.Ware,RB,KC,17,5.7,5,1.7,7,51.0,0
2019,REG,00-0035664,D.Henderson,RB,LA,39,5.6,4,0.6,6,147.0,0
2019,REG,00-0034654,D.Dawkins,RB,TEN,11,5.5,0,0.0,1,26.0,0
2019,REG,00-0033923,K.Hunt,RB,CLE,43,5.4,37,4.6,44,179.0,2
2019,REG,00-0031806,M.Brown,RB,LA,69,5.3,2,0.2,6,255.0,5
2019,REG,00-0032257,D.Johnson,RB,HOU,83,5.2,44,2.8,62,410.0,2
2019,REG,00-0035311,M.Gaskin,RB,MIA,36,5.1,7,1.0,12,133.0,1
2019,REG,00-0034331,J.Samuels,RB,PIT,66,5.1,47,3.6,57,175.0,1
2019,POST,00-0030513,L.Murray,RB,NO,5,5.0,1,1.0,2,21.0,0
2019,REG,00-0030288,R.Burkhead,RB,NE,65,5.0,27,2.1,38,302.0,3
2019,REG,00-0033164,T.Pope,RB,LAC,10,5.0,2,1.0,3,20.0,0
2019,REG,00-0033526,S.Perine,RB,MIA,5,5.0,0,0.0,0,16.0,0
2019,REG,00-0028064,B.Powell,RB,NYJ,59,4.9,7,0.6,12,229.0,0
2019,REG,00-0034301,D.Williams,RB,KC,41,4.6,15,1.7,19,141.0,3
2019,POST,00-0033308,M.Breida,RB,SF,9,4.5,0,0.0,0,19.0,0
2019,REG,00-0035594,T.Homer,RB,SEA,18,4.5,11,2.8,13,114.0,0
2019,REG,00-0031062,J.White,RB,NE,67,4.5,72,4.8,95,263.0,1
2019,REG,00-0032209,T.Yeldon,RB,BUF,17,4.2,13,3.2,15,63.0,0
2019,REG,00-0034400,J.Wilkins,RB,IND,51,4.2,7,0.6,11,307.0,2
2019,REG,00-0035537,T.Johnson,RB,DET,63,4.2,24,1.6,31,273.0,0
2019,REG,00-0034440,J.Jackson,RB,LAC,29,4.1,9,1.3,11,200.0,0
2019,REG,00-0032417,P.Perkins,RB,DET,12,4.0,1,0.3,1,29.0,0
2019,REG,00-0033556,T.Cohen,RB,CHI,64,4.0,79,4.9,104,213.0,0
2019,REG,00-0034201,D.Turner,RB,MIA,4,4.0,0,0.0,0,6.0,0
2019,REG,00-0034457,J.Adams,RB,NYJ,8,4.0,0,0.0,0,12.0,0
2019,REG,00-0035275,J.Scarlett,RB,CAR,4,4.0,0,0.0,0,9.0,0
2019,REG,00-0035596,K.Whyte,RB,PIT,24,4.0,1,0.2,1,122.0,0
2019,REG,00-0035657,D.Harris,RB,NE,4,4.0,0,0.0,0,12.0,0
2019,REG,00-0034975,J.Hill,RB,BAL,58,3.9,8,0.5,15,225.0,2
2019,REG,00-0035148,D.Thompson,RB,KC,37,3.7,9,0.9,10,128.0,1
2019,REG,00-0033838,T.Edmunds,RB,PIT,22,3.7,6,1.0,7,92.0,0
2019,REG,00-0035273,Q.Ollison,RB,ATL,22,3.7,1,0.2,2,50.0,4
2019,REG,00-0028087,D.Lewis,RB,TEN,54,3.6,25,1.7,32,209.0,0
2019,REG,00-0034115,J.Wilson,RB,SF,27,3.4,3,0.4,5,105.0,4
2019,REG,00-0030404,C.Thompson,RB,WAS,37,3.4,42,3.8,58,138.0,0
2019,REG,00-0031577,J.Allen,RB,NYG,10,3.3,1,0.3,2,36.0,1
2019,REG,00-0031590,J.Ajayi,RB,PHI,10,3.3,0,0.0,1,30.0,0
2019,REG,00-0030456,G.Bernard,RB,CIN,53,3.3,30,1.9,43,170.0,0
2019,REG,00-0034367,N.Hines,RB,IND,52,3.2,44,2.8,58,199.0,2
2019,REG,00-0033950,W.Gallman,RB,NYG,29,3.2,11,1.2,15,110.0,2
2019,REG,00-0034378,I.Smith,RB,ATL,22,3.1,11,1.6,14,106.0,1
2019,POST,00-0030288,R.Burkhead,RB,NE,3,3.0,3,3.0,3,4.0,0
2019,POST,00-0034184,G.Edwards,RB,BAL,3,3.0,0,0.0,0,20.0,0
2019,POST,00-0034972,A.Mattison,RB,MIN,6,3.0,1,0.5,2,23.0,0
2019,REG,00-0031209,S.Perry,RB,BUF,3,3.0,1,1.0,1,3.0,0
2019,REG,00-0032377,J.Ferguson,RB,WAS,3,3.0,0,0.0,0,9.0,0
2019,REG,00-0034808,J.Kelly,RB,LA,3,3.0,0,0.0,0,9.0,0
2019,REG,00-0032393,C.Prosise,RB,SEA,23,2.9,10,1.2,12,72.0,1
2019,REG,00-0023564,D.Sproles,RB,PHI,17,2.8,6,1.0,10,66.0,0
2019,REG,00-0032063,M.Davis,RB,CHI,11,2.8,7,1.8,8,25.0,0
2019,REG,00-0035551,T.Brooks-James,RB,PIT,8,2.7,0,0.0,0,7.0,0
2019,REG,00-0032602,J.McKissic,RB,DET,38,2.5,34,2.3,42,205.0,0
2019,REG,00-0034449,B.Howell,RB,HOU,5,2.5,0,0.0,0,10.0,0
2019,REG,00-0034995,D.Williams,RB,GB,5,2.5,0,0.0,0,11.0,0
2019,REG,00-0035268,R.Armstead,RB,JAX,35,2.5,14,1.0,24,108.0,0
2019,REG,00-0033025,J.Richard,RB,LV,39,2.4,36,2.2,43,145.0,0
2019,REG,00-0034253,D.Hilliard,RB,CLE,13,2.2,12,2.0,15,49.0,2
2019,REG,00-0032104,A.Abdullah,RB,MIN,23,2.1,15,1.4,21,115.0,0
2019,POST,00-0032257,D.Johnson,RB,HOU,4,2.0,8,4.0,11,49.0,0
2019,POST,00-0033948,J.Williams,RB,GB,4,2.0,3,1.5,4,9.0,0
2019,REG,00-0032063,M.Davis,RB,CAR,2,2.0,0,0.0,0,2.0,0
2019,REG,00-0032450,D.Washington,RB,NO,8,2.0,1,0.2,1,60.0,0
2019,REG,00-0032782,W.Smallwood,RB,WAS,22,2.0,9,0.8,13,81.0,0
2019,REG,00-0034578,R.Bonnafon,RB,CAR,16,2.0,6,0.8,9,116.0,1
2019,REG,00-0034597,R.Nall,RB,CHI,2,2.0,0,0.0,0,8.0,0
2019,REG,00-0032813,E.Penny,RB,NYG,15,1.9,2,0.2,4,39.0,0
2019,REG,00-0029239,B.Bolden,RB,NE,15,1.7,9,1.0,11,68.0,3
2019,REG,00-0030578,C.Patterson,RB,CHI,17,1.4,11,0.9,17,103.0,0
2019,REG,00-0035628,D.Johnson,RB,CLE,4,1.3,6,2.0,7,21.0,0
2019,POST,00-0028087,D.Lewis,RB,TEN,2,1.0,2,1.0,2,8.0,0
2019,POST,00-0031062,J.White,RB,NE,1,1.0,5,5.0,5,14.0,0
2019,POST,00-0032404,T.Ervin,RB,GB,2,1.0,1,0.5,1,25.0,0
2019,POST,00-0035148,D.Thompson,RB,KC,2,1.0,0,0.0,2,7.0,0
2019,REG,00-0028074,A.Sherman,RB,KC,4,1.0,2,0.5,3,9.0,0
2019,REG,00-0029141,A.Morris,RB,ARI,1,1.0,0,0.0,0,4.0,0
2019,REG,00-0031665,Z.Zenner,RB,ARI,2,1.0,1,0.5,1,-3.0,0
2019,REG,00-0031665,Z.Zenner,RB,NO,1,1.0,1,1.0,2,1.0,0
2019,REG,00-0033296,A.Armah,RB,CAR,6,1.0,2,0.3,2,11.0,1
2019,REG,00-0033854,D.Ogunbowale,RB,TB,11,0.7,35,2.2,46,17.0,2
2019,REG,00-0033789,T.Logan,RB,TB,3,0.6,2,0.4,3,10.0,0
2019,POST,00-0032104,A.Abdullah,RB,MIN,1,0.5,1,0.5,1,9.0,0
2019,REG,00-0030465,K.Barner,RB,ATL,4,0.5,6,0.8,8,28.0,0
2019,REG,00-0032404,T.Ervin,RB,GB,1,0.5,2,1.0,4,10.0,0
2019,REG,00-0032972,D.Booker,RB,DEN,2,0.3,6,1.0,9,9.0,0
2019,POST,00-0028063,T.Jones,RB,HOU,0,0.0,2,1.0,2,0.0,0
2019,POST,00-0028074,A.Sherman,RB,KC,0,0.0,0,0.0,1,0.0,0
2019,POST,00-0034115,J.Wilson,RB,SF,0,0.0,1,1.0,1,0.0,0
2019,POST,00-0034975,J.Hill,RB,BAL,0,0.0,4,4.0,5,0.0,0
2018,POST,00-0034845,S.Michel,RB,NE,71,23.7,1,0.3,3,336.0,6
2018,POST,00-0033045,E.Elliott,RB,DAL,46,23.0,6,3.0,10,184.0,2
2018,REG,00-0029854,C.Anderson,RB,LA,43,21.5,4,2.0,6,299.0,2
2018,REG,00-0033045,E.Elliott,RB,DAL,304,20.3,77,5.1,95,1434.0,6
2018,REG,00-0031045,C.Hyde,RB,CLE,114,19.0,6,1.0,9,382.0,5
2018,REG,00-0032241,T.Gurley,RB,LA,256,18.3,59,4.2,81,1251.0,17
2018,REG,00-0033594,C.Carson,RB,SEA,247,17.6,20,1.4,24,1151.0,9
2018,POST,00-0030874,D.Williams,RB,KC,35,17.5,10,5.0,14,159.0,2
2018,REG,00-0033897,J.Mixon,RB,CIN,237,16.9,43,3.1,55,1168.0,8
2018,REG,00-0033856,L.Fournette,RB,JAX,133,16.6,22,2.8,26,439.0,5
2018,REG,00-0033553,J.Conner,RB,PIT,215,16.5,55,4.2,71,973.0,12
2018,POST,00-0033951,M.Mack,RB,IND,33,16.5,2,1.0,3,194.0,1
2018,REG,00-0033923,K.Hunt,RB,KC,181,16.5,26,2.4,35,824.0,7
2018,REG,00-0034844,S.Barkley,RB,NYG,261,16.3,91,5.7,121,1307.0,11
2018,REG,00-0033951,M.Mack,RB,IND,195,16.2,17,1.4,26,908.0,9
2018,REG,00-0032187,D.Johnson,RB,ARI,258,16.1,50,3.1,76,940.0,7
2018,REG,00-0034845,S.Michel,RB,NE,209,16.1,7,0.5,11,931.0,6
2018,REG,00-0025394,A.Peterson,RB,WAS,251,15.7,20,1.2,26,1042.0,7
2018,REG,00-0032780,J.Howard,RB,CHI,250,15.6,20,1.2,27,935.0,9
2018,POST,00-0029854,C.Anderson,RB,LA,46,15.3,3,1.0,5,189.0,2
2018,REG,00-0025399,M.Lynch,RB,LV,90,15.0,15,2.5,20,376.0,3
2018,REG,00-0029615,L.Miller,RB,HOU,210,15.0,25,1.8,35,973.0,5
2018,REG,00-0032741,P.Barber,RB,TB,234,14.6,20,1.2,29,871.0,5
2018,REG,00-0032144,M.Gordon,RB,LAC,175,14.6,50,4.2,66,885.0,10
2018,REG,00-0033280,C.McCaffrey,RB,CAR,219,13.7,107,6.7,124,1098.0,7
2018,REG,00-0032764,D.Henry,RB,TEN,215,13.4,15,0.9,18,1059.0,12
2018,POST,00-0032144,M.Gordon,RB,LAC,26,13.0,2,1.0,3,55.0,2
2018,POST,00-0033594,C.Carson,RB,SEA,13,13.0,2,2.0,3,20.0,0
2018,REG,00-0033906,A.Kamara,RB,NO,194,12.9,81,5.4,105,883.0,14
2018,REG,00-0034109,P.Lindsay,RB,DEN,192,12.8,35,2.3,47,1037.0,9
2018,REG,00-0034184,G.Edwards,RB,BAL,137,12.5,2,0.2,2,718.0,2
2018,REG,00-0033893,D.Cook,RB,MIN,133,12.1,40,3.6,49,615.0,2
2018,POST,00-0033906,A.Kamara,RB,NO,24,12.0,15,7.5,17,86.0,0
2018,REG,00-0034791,N.Chubb,RB,CLE,192,12.0,20,1.2,29,996.0,8
2018,REG,00-0034349,K.Johnson,RB,DET,118,11.8,32,3.2,39,641.0,3
2018,REG,00-0027029,L.McCoy,RB,BUF,161,11.5,34,2.4,46,514.0,3
2018,REG,00-0027966,M.Ingram,RB,NO,138,11.5,21,1.8,27,645.0,6
2018,REG,00-0033295,E.McGuire,RB,NYJ,92,11.5,19,2.4,31,276.0,3
2018,REG,00-0028064,B.Powell,RB,NYJ,80,11.4,11,1.6,18,343.0,0
2018,REG,00-0032426,A.Collins,RB,BAL,114,11.4,15,1.5,21,411.0,7
2018,REG,00-0031590,J.Ajayi,RB,PHI,45,11.2,5,1.2,6,184.0,3
2018,REG,00-0023500,F.Gore,RB,MIA,156,11.1,12,0.9,16,722.0,0
2018,REG,00-0033293,A.Jones,RB,GB,133,11.1,26,2.2,35,728.0,8
2018,REG,00-0029205,T.Cadet,RB,CAR,11,11.0,1,1.0,1,17.0,0
2018,REG,00-0030656,I.Crowell,RB,NYJ,143,11.0,21,1.6,28,685.0,6
2018,REG,00-0034115,J.Wilson,RB,SF,66,11.0,12,2.0,15,266.0,0
2018,REG,00-0033308,M.Breida,RB,SF,153,10.9,27,1.9,31,814.0,3
2018,REG,00-0029613,D.Martin,RB,LV,172,10.8,18,1.1,24,723.0,4
2018,REG,00-0034509,K.Ford,RB,BUF,21,10.5,3,1.5,5,79.0,0
2018,REG,00-0032058,T.Coleman,RB,ATL,167,10.4,32,2.0,44,800.0,4
2018,REG,00-0029141,A.Morris,RB,SF,111,10.1,8,0.7,13,428.0,2
2018,POST,00-0032241,T.Gurley,RB,LA,30,10.0,4,1.3,7,160.0,2
2018,POST,00-0032780,J.Howard,RB,CHI,10,10.0,0,0.0,1,35.0,0
2018,REG,00-0032411,K.Dixon,RB,BAL,60,10.0,6,1.0,7,333.0,2
2018,REG,00-0034457,J.Adams,RB,PHI,120,10.0,7,0.6,13,511.0,3
2018,REG,00-0028087,D.Lewis,RB,TEN,155,9.7,59,3.7,67,517.0,1
2018,REG,00-0027325,L.Blount,RB,DET,154,9.6,10,0.6,15,418.0,5
2018,REG,00-0031075,A.Blue,RB,HOU,150,9.4,20,1.2,27,499.0,2
2018,REG,00-0034838,R.Freeman,RB,DEN,130,9.3,14,1.0,20,521.0,5
2018,POST,00-0027966,M.Ingram,RB,NO,18,9.0,4,2.0,4,84.0,0
2018,POST,00-0032782,W.Smallwood,RB,PHI,18,9.0,3,1.5,4,53.0,0
2018,REG,00-0031569,J.Langford,RB,ATL,9,9.0,0,0.0,0,25.0,0
2018,REG,00-0034808,J.Kelly,RB,LA,27,9.0,2,0.7,3,74.0,0
2018,REG,00-0027531,C.Ivory,RB,BUF,115,8.8,12,0.9,20,385.0,1
2018,REG,00-0030513,L.Murray,RB,MIN,140,8.8,22,1.4,26,578.0,6
2018,POST,00-0023564,D.Sproles,RB,PHI,16,8.0,5,2.5,7,25.0,0
2018,POST,00-0034184,G.Edwards,RB,BAL,8,8.0,0,0.0,0,23.0,0
2018,REG,00-0031665,Z.Zenner,RB,DET,55,7.9,7,1.0,10,265.0,3
2018,POST,00-0030288,R.Burkhead,RB,NE,23,7.7,7,2.3,7,96.0,3
2018,REG,00-0033699,A.Ekeler,RB,LAC,106,7.6,39,2.8,53,554.0,3
2018,REG,00-0033948,J.Williams,RB,GB,121,7.6,27,1.7,41,464.0,3
2018,REG,00-0033118,K.Drake,RB,MIA,120,7.5,53,3.3,73,535.0,4
2018,REG,00-0032063,M.Davis,RB,SEA,112,7.5,34,2.3,42,514.0,4
2018,REG,00-0032209,T.Yeldon,RB,JAX,104,7.4,55,3.9,78,414.0,1
2018,REG,00-0031045,C.Hyde,RB,JAX,58,7.2,4,0.5,7,189.0,0
2018,REG,00-0030288,R.Burkhead,RB,NE,57,7.1,14,1.8,20,186.0,0
2018,REG,00-0034750,R.Penny,RB,SEA,85,7.1,9,0.8,12,419.0,2
2018,REG,00-0031285,D.Freeman,RB,ATL,14,7.0,5,2.5,7,68.0,0
2018,REG,00-0033925,D.Foreman,RB,HOU,7,7.0,2,2.0,2,-1.0,0
2018,REG,00-0034378,I.Smith,RB,ATL,90,6.9,27,2.1,32,315.0,4
2018,REG,00-0032450,D.Washington,RB,NO,27,6.8,0,0.0,0,154.0,0
2018,REG,00-0032782,W.Smallwood,RB,PHI,87,6.7,28,2.2,35,364.0,3
2018,REG,00-0034440,J.Jackson,RB,LAC,50,6.2,15,1.9,19,206.0,2
2018,REG,00-0034331,J.Samuels,RB,PIT,56,6.2,26,2.9,29,256.0,0
2018,REG,00-0033556,T.Cohen,RB,CHI,99,6.2,71,4.4,91,444.0,3
2018,REG,00-0033725,C.Clement,RB,PHI,68,6.2,22,2.0,25,259.0,2
2018,POST,00-0032411,K.Dixon,RB,BAL,6,6.0,3,3.0,3,13.0,0
2018,REG,00-0033049,D.Jackson,RB,DAL,6,6.0,0,0.0,1,16.0,0
2018,REG,00-0031062,J.White,RB,NE,94,5.9,87,5.4,123,425.0,5
2018,REG,00-0031959,M.Murphy,RB,BUF,52,5.8,11,1.2,19,250.0,0
2018,REG,00-0031687,R.Mostert,RB,SF,34,5.7,6,1.0,7,261.0,1
2018,POST,00-0033699,A.Ekeler,RB,LAC,11,5.5,7,3.5,9,29.0,0
2018,REG,00-0034367,N.Hines,RB,IND,85,5.3,63,3.9,81,314.0,2
2018,POST,00-0029615,L.Miller,RB,HOU,5,5.0,8,8.0,10,18.0,0
2018,REG,00-0030874,D.Williams,RB,KC,50,5.0,23,2.3,24,256.0,4
2018,REG,00-0033567,B.Hill,RB,ATL,20,5.0,1,0.2,2,157.0,0
2018,REG,00-0023564,D.Sproles,RB,PHI,29,4.8,15,2.5,23,120.0,1
2018,REG,00-0031599,C.Artis-Payne,RB,CAR,19,4.8,3,0.8,4,69.0,1
2018,REG,00-0030456,G.Bernard,RB,CIN,56,4.7,35,2.9,48,211.0,3
2018,REG,00-0030414,S.Ware,RB,KC,51,4.6,20,1.8,23,246.0,2
2018,REG,00-0034400,J.Wilkins,RB,IND,60,4.6,16,1.2,17,336.0,1
2018,REG,00-0034301,D.Williams,RB,KC,13,4.3,3,1.0,3,44.0,0
2018,REG,00-0030404,C.Thompson,RB,WAS,43,4.3,41,4.1,55,178.0,0
2018,REG,00-0031806,M.Brown,RB,LA,43,4.3,5,0.5,7,212.0,0
2018,POST,00-0032063,M.Davis,RB,SEA,4,4.0,2,2.0,2,10.0,0
2018,POST,00-0034750,R.Penny,RB,SEA,4,4.0,0,0.0,0,29.0,0
2018,REG,00-0030433,M.Gillislee,RB,NO,16,4.0,1,0.2,1,43.0,0
2018,REG,00-0031301,J.Hill,RB,NE,4,4.0,1,1.0,1,25.0,0
2018,REG,00-0033950,W.Gallman,RB,NYG,51,3.9,14,1.1,22,176.0,1
2018,REG,00-0034816,R.Jones,RB,TB,23,3.8,7,1.2,9,44.0,1
2018,REG,00-0030465,K.Barner,RB,NE,19,3.8,0,0.0,0,71.0,0
2018,REG,00-0032940,D.Washington,RB,LV,30,3.8,1,0.1,1,115.0,0
2018,REG,00-0034681,C.Edmonds,RB,ARI,60,3.8,20,1.2,23,208.0,2
2018,REG,00-0031577,J.Allen,RB,BAL,41,3.7,35,3.2,43,110.0,3
2018,REG,00-0034565,D.Newsome,RB,LAC,11,3.7,2,0.7,2,49.0,0
2018,REG,00-0034799,K.Ballage,RB,MIA,36,3.6,9,0.9,11,191.0,1
2018,REG,00-0034164,T.Cannon,RB,NYJ,38,3.5,17,1.5,25,113.0,1
2018,REG,00-0033025,J.Richard,RB,LV,55,3.4,68,4.2,81,259.0,1
2018,REG,00-0029854,C.Anderson,RB,CAR,24,3.4,1,0.1,3,104.0,0
2018,REG,00-0031900,R.Smith,RB,DAL,44,3.4,9,0.7,12,127.0,1
2018,REG,00-0028011,S.Ridley,RB,PIT,29,3.2,3,0.3,4,80.0,1
2018,POST,00-0034301,D.Williams,RB,KC,3,3.0,0,0.0,0,9.0,1
2018,POST,00-0034367,N.Hines,RB,IND,3,3.0,0,0.0,0,24.0,0
2018,REG,00-0026213,J.Charles,RB,JAX,6,3.0,2,1.0,3,7.0,0
2018,REG,00-0030107,T.Riddick,RB,DET,40,2.9,61,4.4,74,171.0,0
2018,REG,00-0030578,C.Patterson,RB,NE,42,2.8,21,1.4,28,228.0,1
2018,POST,00-0031062,J.White,RB,NE,8,2.7,20,6.7,27,27.0,0
2018,REG,00-0034427,Da.Williams,RB,JAX,8,2.7,0,0.0,0,36.0,0
2018,REG,00-0031731,C.Grant,RB,JAX,13,2.6,9,1.8,12,40.0,0
2018,REG,00-0028083,J.Rodgers,RB,TB,33,2.5,38,2.9,45,106.0,1
2018,REG,00-0031102,K.Bibbs,RB,WAS,20,2.5,13,1.6,18,101.0,3
2018,REG,00-0032257,D.Johnson,RB,CLE,40,2.5,47,2.9,62,201.0,0
2018,REG,00-0029795,B.Cunningham,RB,CHI,11,2.2,1,0.2,2,20.0,0
2018,REG,00-0032972,D.Booker,RB,DEN,34,2.1,38,2.4,51,183.0,1
2018,POST,00-0031075,A.Blue,RB,HOU,2,2.0,2,2.0,2,8.0,0
2018,REG,00-0026153,J.Stewart,RB,NYG,6,2.0,0,0.0,0,17.0,0
2018,REG,00-0029273,R.Turbin,RB,IND,4,2.0,1,0.5,2,10.0,0
2018,REG,00-0030432,C.Michael,RB,IND,2,2.0,0,0.0,0,9.0,0
2018,REG,00-0030711,D.Fluellen,RB,TEN,4,2.0,0,0.0,0,16.0,0
2018,REG,00-0032371,R.Kelley,RB,WAS,4,2.0,0,0.0,0,8.0,0
2018,REG,00-0032593,B.Wilds,RB,JAX,6,2.0,0,0.0,0,15.0,0
2018,REG,00-0033526,S.Perine,RB,WAS,8,2.0,3,0.8,4,32.0,0
2018,REG,00-0033581,D.Henderson,RB,NYJ,2,2.0,0,0.0,0,19.0,0
2018,REG,00-0033955,J.McNichols,RB,IND,2,2.0,0,0.0,0,4.0,0
2018,REG,00-0034208,M.Boone,RB,MIN,11,1.8,2,0.3,3,47.0,0
2018,REG,00-0029239,B.Bolden,RB,MIA,8,1.6,3,0.6,3,91.0,2
2018,REG,00-0034221,R.Thomas,RB,MIN,8,1.6,2,0.4,4,30.0,0
2018,POST,00-0034440,J.Jackson,RB,LAC,3,1.5,3,1.5,4,9.0,0
2018,REG,00-0034621,S.Wilson,RB,TB,6,1.2,3,0.6,5,29.0,0
2018,REG,00-0033296,A.Armah,RB,CAR,9,1.1,1,0.1,1,15.0,2
2018,REG,00-0033373,T.Mizzell,RB,CHI,9,1.1,8,1.0,10,16.0,0
2018,POST,00-0029795,B.Cunningham,RB,CHI,1,1.0,0,0.0,0,2.0,0
2018,POST,00-0030578,C.Patterson,RB,NE,3,1.0,4,1.3,7,10.0,0
2018,POST,00-0031900,R.Smith,RB,DAL,1,1.0,0,0.0,0,1.0,0
2018,POST,00-0033373,T.Mizzell,RB,CHI,1,1.0,0,0.0,1,-1.0,0
2018,POST,00-0033556,T.Cohen,RB,CHI,1,1.0,3,3.0,5,0.0,0
2018,POST,00-0033925,D.Foreman,RB,HOU,1,1.0,0,0.0,1,3.0,0
2018,POST,00-0034400,J.Wilkins,RB,IND,2,1.0,0,0.0,1,9.0,0
2018,POST,00-0034457,J.Adams,RB,PHI,1,1.0,0,0.0,0,2.0,0
2018,REG,00-0030668,C.West,RB,KC,2,1.0,2,1.0,3,-1.0,0
2018,REG,00-0031102,K.Bibbs,RB,GB,1,1.0,3,3.0,5,2.0,0
2018,REG,00-0032602,J.McKissic,RB,SEA,3,1.0,0,0.0,1,8.0,0
2018,REG,00-0032975,J.Williams,RB,NO,3,1.0,1,0.3,1,0.0,0
2018,REG,00-0033760,J.Davis,RB,LA,2,1.0,0,0.0,0,19.0,0
2018,REG,00-0032813,E.Penny,RB,NYG,7,0.8,8,0.9,9,25.0,0
2018,REG,00-0032964,B.Marshall,RB,WAS,3,0.8,4,1.0,6,9.0,0
2018,REG,00-0032104,A.Abdullah,RB,DET,1,0.5,2,1.0,2,1.0,0
2018,REG,00-0032393,C.Prosise,RB,SEA,1,0.5,3,1.5,3,-3.0,0
2018,REG,00-0033789,T.Logan,RB,ARI,2,0.5,7,1.8,7,2.0,0
2018,REG,00-0034201,D.Turner,RB,BAL,1,0.5,2,1.0,2,4.0,0
2018,REG,00-0028074,A.Sherman,RB,KC,1,0.1,8,1.0,9,2.0,0
2018,POST,00-0030414,S.Ware,RB,KC,0,0.0,1,1.0,1,0.0,0
2018,POST,00-0032602,J.McKissic,RB,SEA,0,0.0,2,2.0,3,0.0,0
2018,REG,00-0028063,T.Jones,RB,BUF,0,0.0,0,0.0,2,0.0,0
2018,REG,00-0030465,K.Barner,RB,CAR,0,0.0,1,1.0,1,0.0,0
2018,REG,00-0032104,A.Abdullah,RB,MIN,0,0.0,1,0.5,2,0.0,0
2018,REG,00-0032404,T.Ervin,RB,HOU,0,0.0,3,1.0,3,0.0,0
2018,REG,00-0034253,D.Hilliard,RB,CLE,0,0.0,9,1.5,10,0.0,0
2017,REG,00-0033045,E.Elliott,RB,DAL,242,24.2,26,2.6,38,983.0,7
2017,POST,00-0033856,L.Fournette,RB,JAX,70,23.3,7,2.3,12,242.0,4
2017,REG,00-0025394,A.Peterson,RB,ARI,129,21.5,9,1.5,16,448.0,2
2017,REG,00-0030496,L.Bell,RB,PIT,321,21.4,86,5.7,107,1291.0,9
2017,REG,00-0033856,L.Fournette,RB,JAX,268,20.6,36,2.8,48,1040.0,9
2017,REG,00-0031590,J.Ajayi,RB,MIA,138,19.7,14,2.0,20,465.0,0
2017,POST,00-0027029,L.McCoy,RB,BUF,19,19.0,6,6.0,8,75.0,0
2017,REG,00-0032241,T.Gurley,RB,LA,279,18.6,64,4.3,87,1305.0,13
2017,REG,00-0033893,D.Cook,RB,MIN,74,18.5,11,2.8,16,354.0,2
2017,REG,00-0027029,L.McCoy,RB,BUF,287,17.9,59,3.7,77,1138.0,6
2017,REG,00-0032144,M.Gordon,RB,LAC,284,17.8,58,3.6,83,1105.0,8
2017,POST,00-0032764,D.Henry,RB,TEN,35,17.5,5,2.5,6,184.0,1
2017,REG,00-0032780,J.Howard,RB,CHI,276,17.2,23,1.4,32,1122.0,9
2017,REG,00-0033923,K.Hunt,RB,KC,272,17.0,53,3.3,63,1327.0,8
2017,REG,00-0023500,F.Gore,RB,IND,261,16.3,29,1.8,38,961.0,3
2017,POST,00-0030496,L.Bell,RB,PIT,16,16.0,9,9.0,13,67.0,1
2017,REG,00-0029854,C.Anderson,RB,DEN,245,15.3,28,1.8,40,1007.0,3
2017,REG,00-0031045,C.Hyde,RB,SF,240,15.0,59,3.7,88,938.0,8
2017,REG,00-0029615,L.Miller,RB,HOU,238,14.9,36,2.2,45,888.0,3
2017,REG,00-0027966,M.Ingram,RB,NO,230,14.4,58,3.6,71,1124.0,12
2017,REG,00-0032426,A.Collins,RB,BAL,212,14.1,23,1.5,36,973.0,6
2017,POST,00-0031285,D.Freeman,RB,ATL,28,14.0,6,3.0,7,73.0,1
2017,POST,00-0031590,J.Ajayi,RB,PHI,42,14.0,6,2.0,8,184.0,0
2017,POST,00-0032241,T.Gurley,RB,LA,14,14.0,4,4.0,10,101.0,0
2017,REG,00-0031285,D.Freeman,RB,ATL,196,14.0,36,2.6,47,865.0,7
2017,REG,00-0025399,M.Lynch,RB,LV,207,13.8,20,1.3,31,891.0,7
2017,REG,00-0030513,L.Murray,RB,MIN,216,13.5,15,0.9,17,842.0,8
2017,REG,00-0033526,S.Perine,RB,WAS,175,13.5,22,1.7,24,603.0,1
2017,REG,00-0026153,J.Stewart,RB,CAR,198,13.2,8,0.5,15,680.0,6
2017,REG,00-0028011,S.Ridley,RB,PIT,26,13.0,0,0.0,0,108.0,1
2017,REG,00-0030656,I.Crowell,RB,CLE,206,12.9,28,1.8,42,853.0,2
2017,REG,00-0033897,J.Mixon,RB,CIN,178,12.7,30,2.1,34,626.0,4
2017,REG,00-0029613,D.Martin,RB,TB,138,12.5,9,0.8,18,406.0,3
2017,POST,00-0030513,L.Murray,RB,MIN,25,12.5,4,2.0,4,68.0,1
2017,REG,00-0028009,D.Murray,RB,TEN,184,12.3,39,2.6,47,659.0,6
2017,REG,00-0033594,C.Carson,RB,SEA,49,12.2,7,1.8,8,208.0,0
2017,POST,00-0032058,T.Coleman,RB,ATL,24,12.0,4,2.0,4,119.0,0
2017,REG,00-0028064,B.Powell,RB,NYJ,178,11.9,23,1.5,33,772.0,5
2017,REG,00-0032104,A.Abdullah,RB,DET,165,11.8,25,1.8,35,552.0,4
2017,REG,00-0030433,M.Gillislee,RB,NE,104,11.6,1,0.1,1,383.0,5
2017,REG,00-0030860,O.Darkwa,RB,NYG,171,11.4,19,1.3,28,751.0,5
2017,REG,00-0032063,M.Davis,RB,SEA,68,11.3,15,2.5,18,240.0,0
2017,REG,00-0026164,C.Johnson,RB,ARI,45,11.2,5,1.2,6,114.0,0
2017,REG,00-0028087,D.Lewis,RB,NE,180,11.2,32,2.0,35,896.0,6
2017,POST,00-0026153,J.Stewart,RB,CAR,11,11.0,0,0.0,0,51.0,0
2017,POST,00-0028087,D.Lewis,RB,NE,33,11.0,16,5.3,18,135.0,0
2017,POST,00-0033923,K.Hunt,RB,KC,11,11.0,3,3.0,3,42.0,1
2017,REG,00-0032187,D.Johnson,RB,ARI,11,11.0,6,6.0,9,23.0,0
2017,REG,00-0032764,D.Henry,RB,TEN,176,11.0,11,0.7,17,744.0,5
2017,REG,00-0033948,J.Williams,RB,GB,153,10.9,25,1.8,34,556.0,4
2017,REG,00-0027325,L.Blount,RB,PHI,173,10.8,8,0.5,8,766.0,2
2017,POST,00-0033906,A.Kamara,RB,NO,21,10.5,5,2.5,10,66.0,1
2017,REG,00-0032058,T.Coleman,RB,ATL,156,10.4,27,1.8,39,628.0,5
2017,REG,00-0031590,J.Ajayi,RB,PHI,70,10.0,10,1.4,14,408.0,1
2017,REG,00-0032741,P.Barber,RB,TB,108,9.8,16,1.5,19,423.0,3
2017,POST,00-0027325,L.Blount,RB,PHI,29,9.7,0,0.0,0,130.0,3
2017,REG,00-0031577,J.Allen,RB,BAL,153,9.6,46,2.9,60,591.0,4
2017,POST,00-0027966,M.Ingram,RB,NO,19,9.5,2,1.0,2,47.0,0
2017,REG,00-0033118,K.Drake,RB,MIA,133,9.5,32,2.3,48,644.0,3
2017,REG,00-0031376,J.McKinnon,RB,MIN,150,9.4,51,3.2,68,570.0,3
2017,POST,00-0031376,J.McKinnon,RB,MIN,18,9.0,14,7.0,16,74.0,1
2017,REG,00-0033838,T.Edmunds,RB,NO,9,9.0,0,0.0,0,48.0,1
2017,REG,00-0031075,A.Blue,RB,HOU,71,8.9,7,0.9,9,262.0,1
2017,REG,00-0032371,R.Kelley,RB,WAS,62,8.9,4,0.6,7,194.0,3
2017,REG,00-0029141,A.Morris,RB,DAL,115,8.8,7,0.5,9,547.0,1
2017,REG,00-0033925,D.Foreman,RB,HOU,78,8.7,6,0.7,8,327.0,2
2017,REG,00-0026184,M.Forte,RB,NYJ,103,8.6,37,3.1,45,381.0,2
2017,REG,00-0033950,W.Gallman,RB,NYG,111,8.5,34,2.6,48,476.0,0
2017,REG,00-0033748,Ti.Green,RB,DET,42,8.4,2,0.4,2,165.0,2
2017,REG,00-0033293,A.Jones,RB,GB,81,8.1,9,0.9,18,448.0,4
2017,REG,00-0027531,C.Ivory,RB,JAX,112,8.0,21,1.5,28,382.0,1
2017,REG,00-0030117,K.Williams,RB,ARI,120,8.0,10,0.7,15,426.0,1
2017,REG,00-0031375,T.West,RB,BAL,39,7.8,2,0.4,4,138.0,2
2017,REG,00-0030485,E.Lacy,RB,SEA,69,7.7,6,0.7,6,179.0,0
2017,REG,00-0031682,T.Ward,RB,ATL,30,7.5,3,0.8,3,129.0,0
2017,REG,00-0033906,A.Kamara,RB,NO,120,7.5,81,5.1,100,728.0,8
2017,REG,00-0033280,C.McCaffrey,RB,CAR,117,7.3,80,5.0,113,435.0,2
2017,REG,00-0031102,K.Bibbs,RB,WAS,21,7.0,14,4.7,17,79.0,0
2017,REG,00-0031959,M.Murphy,RB,BUF,7,7.0,2,2.0,2,41.0,0
2017,REG,00-0025394,A.Peterson,RB,NO,27,6.8,2,0.5,3,81.0,0
2017,REG,00-0033951,M.Mack,RB,IND,93,6.6,21,1.5,33,358.0,3
2017,REG,00-0030456,G.Bernard,RB,CIN,105,6.6,43,2.7,60,458.0,2
2017,REG,00-0033308,M.Breida,RB,SF,105,6.6,21,1.3,36,465.0,2
2017,REG,00-0031897,T.Rawls,RB,SEA,58,6.4,9,1.0,13,157.0,0
2017,REG,00-0030288,R.Burkhead,RB,NE,64,6.4,30,3.0,36,264.0,5
2017,REG,00-0030404,C.Thompson,RB,WAS,64,6.4,39,3.9,54,294.0,2
2017,REG,00-0032972,D.Booker,RB,DEN,79,6.1,30,2.3,38,299.0,1
2017,POST,00-0033280,C.McCaffrey,RB,CAR,6,6.0,6,6.0,8,16.0,0
2017,REG,00-0032782,W.Smallwood,RB,PHI,47,5.9,13,1.6,18,174.0,1
2017,REG,00-0033295,E.McGuire,RB,NYJ,88,5.9,17,1.1,26,315.0,1
2017,REG,00-0032417,P.Perkins,RB,NYG,41,5.9,8,1.1,10,90.0,0
2017,REG,00-0031806,M.Brown,RB,LA,63,5.7,9,0.8,11,246.0,1
2017,REG,00-0029004,L.Dunbar,RB,LA,11,5.5,1,0.5,3,51.0,1
2017,REG,00-0031900,R.Smith,RB,DAL,55,5.5,19,1.9,23,232.0,4
2017,REG,00-0033556,T.Cohen,RB,CHI,87,5.4,53,3.3,71,370.0,2
2017,REG,00-0026213,J.Charles,RB,DEN,69,5.3,23,1.8,28,296.0,1
2017,REG,00-0031301,J.Hill,RB,CIN,37,5.3,4,0.6,4,116.0,0
2017,REG,00-0033725,C.Clement,RB,PHI,74,5.3,10,0.7,15,321.0,4
2017,REG,00-0030107,T.Riddick,RB,DET,84,5.2,53,3.3,71,286.0,3
2017,REG,00-0032257,D.Johnson,RB,CLE,82,5.1,74,4.6,93,348.0,4
2017,POST,00-0032209,T.Yeldon,RB,JAX,10,5.0,5,2.5,6,45.0,1
2017,REG,00-0023564,D.Sproles,RB,PHI,15,5.0,7,2.3,12,61.0,0
2017,REG,00-0028083,J.Rodgers,RB,TB,64,4.9,9,0.7,11,244.0,1
2017,REG,00-0032209,T.Yeldon,RB,JAX,49,4.9,30,3.0,41,253.0,2
2017,POST,00-0031062,J.White,RB,NE,14,4.7,9,3.0,18,60.0,3
2017,REG,00-0030874,D.Williams,RB,MIA,46,4.6,20,2.0,28,181.0,0
2017,REG,00-0031055,A.Williams,RB,LAC,9,4.5,0,0.0,0,25.0,0
2017,REG,00-0032813,E.Penny,RB,ARI,31,4.4,4,0.6,6,124.0,2
2017,REG,00-0031277,B.Oliver,RB,LAC,35,4.4,6,0.8,11,83.0,0
2017,REG,00-0029239,B.Bolden,RB,NE,13,4.3,1,0.3,4,67.0,0
2017,POST,00-0029239,B.Bolden,RB,NE,4,4.0,0,0.0,0,27.0,1
2017,REG,00-0031209,S.Perry,RB,MIA,8,4.0,1,0.5,1,30.0,0
2017,REG,00-0032048,M.Brown,RB,WAS,8,4.0,1,0.5,1,29.0,0
2017,REG,00-0032450,D.Washington,RB,DET,20,4.0,2,0.4,2,44.0,0
2017,REG,00-0029273,R.Turbin,RB,IND,23,3.8,9,1.5,11,53.0,1
2017,REG,00-0032602,J.McKissic,RB,SEA,46,3.8,34,2.8,46,187.0,1
2017,REG,00-0032940,D.Washington,RB,LV,57,3.8,34,2.3,45,153.0,2
2017,REG,00-0031731,C.Grant,RB,JAX,30,3.8,3,0.4,4,248.0,2
2017,REG,00-0033025,J.Richard,RB,LV,56,3.7,27,1.8,36,275.0,1
2017,REG,00-0029205,T.Cadet,RB,BUF,22,3.7,13,2.2,16,93.0,0
2017,REG,00-0033567,B.Hill,RB,CIN,11,3.7,2,0.7,2,37.0,0
2017,REG,00-0033699,A.Ekeler,RB,LAC,47,3.6,27,2.1,35,260.0,2
2017,REG,00-0031599,C.Artis-Payne,RB,CAR,18,3.6,1,0.2,1,95.0,1
2017,REG,00-0031062,J.White,RB,NE,43,3.1,56,4.0,72,171.0,0
2017,REG,00-0027994,S.Vereen,RB,NYG,45,3.0,44,2.9,53,164.0,0
2017,REG,00-0031332,F.Toussaint,RB,PIT,6,3.0,2,1.0,3,25.0,0
2017,REG,00-0032964,B.Marshall,RB,WAS,9,3.0,6,2.0,8,32.0,0
2017,REG,00-0028074,A.Sherman,RB,KC,14,2.8,6,1.2,8,40.0,1
2017,REG,00-0032393,C.Prosise,RB,SEA,11,2.8,6,1.5,11,23.0,0
2017,REG,00-0033553,J.Conner,RB,PIT,32,2.7,0,0.0,1,144.0,0
2017,REG,00-0031939,M.Jones,RB,IND,5,2.5,0,0.0,0,14.0,0
2017,REG,00-0033581,D.Henderson,RB,DEN,7,2.3,2,0.7,2,13.0,0
2017,POST,00-0030288,R.Burkhead,RB,NE,4,2.0,1,0.5,2,23.0,0
2017,POST,00-0031806,M.Brown,RB,LA,2,2.0,0,0.0,0,14.0,0
2017,POST,00-0033725,C.Clement,RB,PHI,6,2.0,10,3.3,11,33.0,0
2017,REG,00-0027861,C.Spiller,RB,KC,2,2.0,0,0.0,2,0.0,0
2017,REG,00-0031665,Z.Zenner,RB,DET,14,2.0,0,0.0,1,26.0,1
2017,REG,00-0031687,R.Mostert,RB,SF,6,2.0,0,0.0,0,30.0,0
2017,REG,00-0033304,D.Mays,RB,GB,4,2.0,3,1.5,3,1.0,0
2017,REG,00-0030287,A.Ellington,RB,ARI,15,1.9,33,4.1,50,53.0,1
2017,REG,00-0030465,K.Barner,RB,PHI,16,1.8,5,0.6,8,57.0,1
2017,REG,00-0026019,D.Woodhead,RB,BAL,14,1.8,33,4.1,39,56.0,0
2017,REG,00-0030287,A.Ellington,RB,HOU,5,1.7,6,2.0,9,2.0,0
2017,REG,00-0030668,C.West,RB,KC,18,1.5,27,2.2,34,72.0,2
2017,REG,00-0033384,L.Daniels,RB,WAS,3,1.5,0,0.0,0,14.0,0
2017,REG,00-0031390,C.Sims,RB,TB,21,1.4,35,2.3,47,95.0,0
2017,REG,00-0030711,D.Fluellen,RB,TEN,4,1.3,0,0.0,1,21.0,0
2017,REG,00-0032404,T.Ervin,RB,HOU,4,1.3,8,2.7,11,12.0,0
2017,REG,00-0031743,A.Hunt,RB,KC,8,1.1,4,0.6,7,23.0,0
2017,POST,00-0027531,C.Ivory,RB,JAX,1,1.0,0,0.0,1,2.0,0
2017,POST,00-0029731,F.Whittaker,RB,CAR,1,1.0,0,0.0,0,3.0,0
2017,POST,00-0031731,C.Grant,RB,JAX,2,1.0,3,1.5,3,5.0,0
2017,REG,00-0026144,D.McFadden,RB,DAL,1,1.0,0,0.0,0,-2.0,0
2017,REG,00-0029205,T.Cadet,RB,NYJ,1,1.0,3,3.0,3,3.0,0
2017,REG,00-0031793,T.Watson,RB,PIT,5,1.0,0,0.0,0,8.0,0
2017,REG,00-0032298,B.Hill,RB,ARI,1,1.0,0,0.0,0,-2.0,0
2017,REG,00-0033596,M.Dayes,RB,CLE,5,1.0,4,0.8,5,13.0,0
2017,REG,00-0033760,J.Davis,RB,LA,1,1.0,0,0.0,0,1.0,0
2017,REG,00-0029731,F.Whittaker,RB,CAR,7,0.9,5,0.6,6,18.0,0
2017,REG,00-0030578,C.Patterson,RB,LV,13,0.9,31,2.1,42,121.0,2
2017,REG,00-0032577,D.Foster,RB,ARI,6,0.9,17,2.4,28,19.0,0
2017,REG,00-0029795,B.Cunningham,RB,CHI,9,0.8,20,1.8,26,29.0,0
2017,REG,00-0029384,B.Rainey,RB,BAL,1,0.3,5,1.7,7,2.0,0
2017,REG,00-0032377,J.Ferguson,RB,IND,1,0.3,3,1.0,4,5.0,0
2017,POST,00-0030668,C.West,RB,KC,0,0.0,2,2.0,2,0.0,0
2017,POST,00-0031682,T.Ward,RB,ATL,0,0.0,0,0.0,1,0.0,0
2017,REG,00-0028063,T.Jones,RB,BUF,0,0.0,1,1.0,2,0.0,0
2017,REG,00-0031085,J.Prosch,RB,HOU,0,0.0,4,1.0,4,0.0,0
2017,REG,00-0033413,D.Smith,RB,MIA,0,0.0,3,3.0,3,0.0,0
