season,player_name,recent_team,receptions,receiving_yards,yards_per_reception
2024,N.Collins,HOU,32,567.0,17.72
2024,J.Chase,CIN,34,565.0,16.62
2024,D.Metcalf,SEA,31,469.0,15.13
2024,C.Lamb,DAL,32,467.0,14.59
2024,Z.Flowers,BAL,33,401.0,12.15
2024,C.Godwin,TB,43,511.0,11.88
2024,D.London,ATL,38,428.0,11.26
2024,M.Nabers,NYG,35,386.0,11.03
2024,S.Diggs,HOU,37,392.0,10.59
2024,D.Moore,CHI,31,314.0,10.13
2024,G.Wilson,NYJ,41,399.0,9.73
2024,A.St. Brown,DET,31,289.0,9.32
2024,J.Smith-Njigba,SEA,34,310.0,9.12
2024,W.Robinson,NYG,37,280.0,7.57
2023,B.Aiyuk,SF,84,1491.0,17.75
2023,G.Pickens,PIT,68,1190.0,17.5
2023,A.Cooper,CLE,76,1309.0,17.22
2023,N.Brown,HOU,33,567.0,17.18
2023,D.Metcalf,SEA,66,1114.0,16.88
2023,J.Watson,KC,33,550.0,16.67
2023,G.Davis,BUF,45,746.0,16.58
2023,M.Evans,TB,90,1450.0,16.11
2023,A.Pierce,IND,32,514.0,16.06
2023,N.Collins,HOU,91,1461.0,16.05
2023,J.Jefferson,MIN,68,1074.0,15.79
2023,R.Shaheed,NO,46,719.0,15.63
2023,T.Higgins,CIN,42,656.0,15.62
2023,J.Reynolds,DET,48,740.0,15.42
2023,D.Slayton,NYG,50,770.0,15.4
2023,O.Beckham,BAL,39,599.0,15.36
2023,J.Palmer,LAC,38,581.0,15.29
2023,T.Dell,HOU,47,709.0,15.09
2023,T.Hill,MIA,124,1861.0,15.01
2023,D.Chark,CAR,35,525.0,15.0
2023,M.Wilson,ARI,38,565.0,14.87
2023,D.Wicks,GB,41,606.0,14.78
2023,C.Watson,GB,30,442.0,14.73
2023,P.Nacua,LA,114,1667.0,14.62
2023,J.Williams,DET,30,433.0,14.43
2023,D.Samuel,SF,73,1038.0,14.22
2023,D.Moore,CHI,96,1364.0,14.21
2023,J.Waddle,MIA,74,1045.0,14.12
2023,D.Hopkins,TEN,75,1057.0,14.09
2023,J.Jeudy,DEN,54,758.0,14.04
2023,K.Shakir,BUF,49,686.0,14.0
2023,K.Raymond,DET,35,489.0,13.97
2023,D.Johnson,PIT,55,765.0,13.91
2023,C.Kirk,JAX,57,787.0,13.81
2023,A.Brown,PHI,106,1456.0,13.74
2023,D.Smith,PHI,89,1214.0,13.64
2023,C.Ridley,JAX,76,1016.0,13.37
2023,D.Mooney,CHI,31,414.0,13.35
2023,R.Doubs,GB,69,908.0,13.16
2023,D.London,ATL,69,905.0,13.12
2023,C.Sutton,DEN,59,772.0,13.08
2023,M.Gallup,DAL,40,521.0,13.02
2023,T.Atwell,LA,40,521.0,13.02
2023,J.Addison,MIN,70,911.0,13.01
2023,C.Lamb,DAL,144,1859.0,12.91
2023,C.Olave,NO,87,1123.0,12.91
2023,A.St. Brown,DET,141,1789.0,12.69
2023,T.McLaurin,WAS,79,1002.0,12.68
2023,C.Godwin,TB,91,1109.0,12.19
2023,J.Reed,GB,68,828.0,12.18
2023,J.Chase,CIN,100,1216.0,12.16
2023,D.Parker,NE,33,394.0,11.94
2023,C.Kupp,LA,64,764.0,11.94
2023,Z.Flowers,BAL,86,1014.0,11.79
2023,B.Cooks,DAL,60,704.0,11.73
2023,K.Allen,LAC,108,1243.0,11.51
2023,M.Thomas,NO,39,448.0,11.49
2023,D.Douglas,NE,49,561.0,11.45
2023,R.Rice,KC,105,1200.0,11.43
2023,N.Agholor,BAL,38,432.0,11.37
2023,J.Meyers,LV,71,807.0,11.37
2023,Q.Johnston,LAC,38,431.0,11.34
2023,J.Downs,IND,68,771.0,11.34
2023,R.Bateman,BAL,36,408.0,11.33
2023,T.Lockett,SEA,79,894.0,11.32
2023,T.Palmer,TB,42,473.0,11.26
2023,M.Brown,ARI,51,574.0,11.25
2023,K.Osborn,MIN,48,540.0,11.25
2023,D.Adams,LV,103,1144.0,11.11
2023,K.Bourne,NE,37,406.0,10.97
2023,G.Wilson,NYJ,95,1042.0,10.97
2023,S.Diggs,BUF,117,1256.0,10.74
2023,E.Moore,CLE,61,652.0,10.69
2023,J.Dotson,WAS,49,518.0,10.57
2023,M.Pittman,IND,109,1152.0,10.57
2023,R.Woods,HOU,42,443.0,10.55
2023,J.Smith-Njigba,SEA,63,628.0,9.97
2023,T.Boyd,CIN,67,667.0,9.96
2023,C.Samuel,WAS,62,613.0,9.89
2023,A.Thielen,CAR,103,1014.0,9.84
2023,J.Mingo,CAR,43,418.0,9.72
2023,Z.Jones,JAX,34,321.0,9.44
2023,R.Moore,ARI,40,352.0,8.8
2023,W.Robinson,NYG,60,525.0,8.75
2023,A.Robinson,PIT,36,292.0,8.11
2022,J.Waddle,MIA,78,1400.0,17.95
2022,G.Davis,BUF,56,983.0,17.55
2022,D.Parker,NE,31,539.0,17.39
2022,C.Davis,NYJ,32,536.0,16.75
2022,D.Chark,DET,30,502.0,16.73
2022,M.Valdes-Scantling,KC,49,809.0,16.51
2022,A.Brown,PHI,101,1642.0,16.26
2022,D.Slayton,NYG,51,816.0,16.0
2022,T.McLaurin,WAS,77,1191.0,15.47
2022,G.Pickens,PIT,52,801.0,15.4
2022,D.Adams,LV,100,1516.0,15.16
2022,J.Dotson,WAS,35,523.0,14.94
2022,C.Watson,GB,41,611.0,14.9
2022,A.Cooper,CLE,78,1160.0,14.87
2022,J.Jeudy,DEN,67,972.0,14.51
2022,C.Olave,NO,72,1042.0,14.47
2022,A.Pierce,IND,41,593.0,14.46
2022,M.Evans,TB,83,1198.0,14.43
2022,M.Williams,LAC,63,895.0,14.21
2022,T.Hill,MIA,126,1779.0,14.12
2022,D.Moore,CAR,63,888.0,14.1
2022,T.Sherfield,MIA,30,417.0,13.9
2022,D.Peoples-Jones,CLE,61,839.0,13.75
2022,J.Jefferson,MIN,135,1856.0,13.75
2022,T.Higgins,CIN,87,1177.0,13.53
2022,T.Burks,TEN,33,444.0,13.45
2022,B.Aiyuk,SF,84,1124.0,13.38
2022,O.Zaccheaus,ATL,40,533.0,13.32
2022,T.Boyd,CIN,64,851.0,13.3
2022,G.Wilson,NYJ,83,1103.0,13.29
2022,S.Diggs,BUF,119,1578.0,13.26
2022,A.Lazard,GB,60,788.0,13.13
2022,K.Raymond,DET,47,616.0,13.11
2022,N.Collins,HOU,37,481.0,13.0
2022,C.Sutton,DEN,64,829.0,12.95
2022,C.Lamb,DAL,121,1544.0,12.76
2022,D.Smith,PHI,110,1393.0,12.66
2022,N.Brown,DAL,47,594.0,12.64
2022,J.Reynolds,DET,38,479.0,12.61
2022,C.Kirk,JAX,99,1238.0,12.51
2022,K.Bourne,NE,35,434.0,12.4
2022,J.Jennings,SF,39,483.0,12.38
2022,D.Mooney,CHI,40,493.0,12.32
2022,R.Cobb,GB,34,417.0,12.26
2022,B.Cooks,HOU,57,699.0,12.26
2022,D.Samuel,SF,69,843.0,12.22
2022,M.Hollins,LV,57,690.0,12.11
2022,E.Moore,NYJ,37,446.0,12.05
2022,J.Jones,TB,31,373.0,12.03
2022,D.London,ATL,72,866.0,12.03
2022,J.Meyers,NE,67,804.0,12.0
2022,T.Lockett,SEA,90,1072.0,11.91
2022,D.Metcalf,SEA,100,1184.0,11.84
2022,J.Chase,CIN,107,1266.0,11.83
2022,N.Agholor,NE,31,362.0,11.68
2022,J.Smith-Schuster,KC,88,1022.0,11.61
2022,M.Jones,JAX,50,579.0,11.58
2022,D.Carter,LAC,48,555.0,11.56
2022,C.Moore,HOU,48,548.0,11.42
2022,K.Allen,LAC,72,813.0,11.29
2022,D.Hopkins,ARI,64,717.0,11.2
2022,D.Duvernay,BAL,37,407.0,11.0
2022,A.St. Brown,DET,106,1161.0,10.95
2022,I.Hodgins,NYG,42,459.0,10.93
2022,C.Kupp,LA,75,812.0,10.83
2022,J.Palmer,LAC,74,800.0,10.81
2022,K.Osborn,MIN,62,670.0,10.81
2022,M.Gallup,DAL,44,470.0,10.68
2022,Q.Watkins,PHI,34,362.0,10.65
2022,M.Brown,ARI,67,709.0,10.58
2022,A.Thielen,MIN,73,766.0,10.49
2022,Z.Jones,JAX,95,980.0,10.32
2022,A.Robinson,LA,33,339.0,10.27
2022,D.Johnson,PIT,86,882.0,10.26
2022,C.Samuel,WAS,64,656.0,10.25
2022,D.Robinson,BAL,50,507.0,10.14
2022,R.Doubs,GB,42,425.0,10.12
2022,R.Moore,ARI,41,414.0,10.1
2022,R.Woods,TEN,53,527.0,9.94
2022,P.Campbell,IND,63,623.0,9.89
2022,I.McKenzie,BUF,44,433.0,9.84
2022,C.Godwin,TB,114,1108.0,9.72
2022,C.Claypool,PIT,32,311.0,9.72
2022,B.Skowronek,LA,39,376.0,9.64
2022,R.James,NYG,68,651.0,9.57
2022,M.Pittman,IND,99,925.0,9.34
2022,H.Renfrow,LV,36,330.0,9.17
2022,G.Dortch,ARI,52,467.0,8.98
2022,R.Gage,TB,53,436.0,8.23
2021,D.Samuel,SF,87,1559.0,17.92
2021,G.Davis,BUF,45,791.0,17.58
2021,D.Peoples-Jones,CLE,34,597.0,17.56
2021,J.Chase,CIN,106,1823.0,17.2
2021,B.Edwards,LV,37,612.0,16.54
2021,T.Lockett,SEA,73,1175.0,16.1
2021,D.Harty,NO,36,570.0,15.83
2021,A.Green,ARI,54,848.0,15.7
2021,V.Jefferson,LA,59,904.0,15.32
2021,T.Higgins,CIN,92,1400.0,15.22
2021,M.Callaway,NO,46,698.0,15.17
2021,Q.Watkins,PHI,45,682.0,15.16
2021,M.Williams,LAC,76,1146.0,15.08
2021,E.Sanders,BUF,45,678.0,15.07
2021,J.Jefferson,MIN,108,1616.0,14.96
2021,A.Brown,TEN,68,1011.0,14.87
2021,B.Aiyuk,SF,65,961.0,14.78
2021,C.Davis,NYJ,34,492.0,14.47
2021,J.Guyton,LAC,31,448.0,14.45
2021,D.Smith,PHI,68,976.0,14.35
2021,C.Claypool,PIT,62,885.0,14.27
2021,K.Bourne,NE,62,877.0,14.15
2021,K.Golladay,NYG,37,521.0,14.08
2021,C.Lamb,DAL,80,1123.0,14.04
2021,M.Evans,TB,91,1271.0,13.97
2021,T.Patrick,DEN,53,734.0,13.85
2021,T.McLaurin,WAS,77,1053.0,13.68
2021,C.Kupp,LA,178,2425.0,13.62
2021,D.Hopkins,ARI,42,572.0,13.62
2021,N.Collins,HOU,33,446.0,13.52
2021,J.Jones,TEN,37,496.0,13.41
2021,C.Sutton,DEN,58,776.0,13.38
2021,C.Wilson,DAL,50,664.0,13.28
2021,L.Treadwell,JAX,33,434.0,13.15
2021,K.Osborn,MIN,50,655.0,13.1
2021,O.Zaccheaus,ATL,31,406.0,13.1
2021,D.Mooney,CHI,81,1055.0,13.02
2021,A.Brown,TB,42,545.0,12.98
2021,N.Agholor,NE,38,491.0,12.92
2021,D.Metcalf,SEA,75,967.0,12.89
2021,D.Parker,MIA,40,515.0,12.88
2021,M.Gallup,DAL,35,445.0,12.71
2021,A.Lazard,GB,41,519.0,12.66
2021,A.Cooper,DAL,74,929.0,12.55
2021,N.Westbrook-Ikhine,TEN,38,476.0,12.53
2021,E.Moore,NYJ,43,538.0,12.51
2021,D.Adams,GB,132,1643.0,12.45
2021,C.Kirk,ARI,83,1033.0,12.45
2021,D.Moore,CAR,93,1157.0,12.44
2021,R.Woods,LA,45,556.0,12.36
2021,O.Beckham,LA,48,593.0,12.35
2021,M.Pittman,IND,88,1082.0,12.3
2021,J.Jeudy,DEN,38,467.0,12.29
2021,M.Hardman,KC,67,814.0,12.15
2021,B.Pringle,KC,54,650.0,12.04
2021,K.Raymond,DET,48,576.0,12.0
2021,S.Diggs,BUF,109,1292.0,11.85
2021,T.Smith,NO,32,377.0,11.78
2021,Z.Jones,LV,52,607.0,11.67
2021,R.Gage,ATL,66,770.0,11.67
2021,B.Cooks,HOU,90,1037.0,11.52
2021,T.Boyd,CIN,82,938.0,11.44
2021,M.Jones,JAX,73,832.0,11.4
2021,T.Hill,KC,134,1524.0,11.37
2021,C.Godwin,TB,98,1103.0,11.26
2021,R.Bateman,BAL,46,515.0,11.2
2021,M.Brown,BAL,91,1008.0,11.08
2021,J.Landry,CLE,52,570.0,10.96
2021,A.Thielen,MIN,67,726.0,10.84
2021,J.Jennings,SF,30,325.0,10.83
2021,A.Robinson,CHI,38,410.0,10.79
2021,K.Toney,NYG,39,420.0,10.77
2021,K.Allen,LAC,106,1138.0,10.74
2021,J.Palmer,LAC,33,353.0,10.7
2021,D.Johnson,PIT,112,1195.0,10.67
2021,J.Meyers,NE,89,906.0,10.18
2021,S.Shepard,NYG,36,366.0,10.17
2021,A.St. Brown,DET,90,912.0,10.13
2021,Z.Pascal,IND,38,384.0,10.11
2021,T.Johnson,TB,41,405.0,9.88
2021,H.Renfrow,LV,111,1096.0,9.87
2021,L.Shenault,JAX,63,619.0,9.83
2021,C.Rogers,TEN,31,304.0,9.81
2021,R.Chosen,CAR,53,519.0,9.79
2021,J.Waddle,MIA,104,1015.0,9.76
2021,B.Berrios,NYJ,46,431.0,9.37
2021,A.Humphries,WAS,41,383.0,9.34
2021,C.Ridley,ATL,31,281.0,9.06
2021,J.Reagor,PHI,34,301.0,8.85
2021,J.Crowder,NYJ,51,447.0,8.76
2021,C.Beasley,BUF,89,772.0,8.67
2021,D.Duvernay,BAL,33,272.0,8.24
2021,R.Moore,ARI,59,467.0,7.92
2021,R.McCloud,PIT,41,297.0,7.24
2020,M.Valdes-Scantling,GB,41,838.0,20.44
2020,N.Agholor,LV,48,896.0,18.67
2020,D.Moore,CAR,66,1193.0,18.08
2020,G.Davis,BUF,39,684.0,17.54
2020,B.Perriman,NYJ,30,505.0,16.83
2020,W.Fuller,HOU,53,879.0,16.58
2020,J.Jeudy,DEN,52,856.0,16.46
2020,R.Higgins,CLE,44,715.0,16.25
2020,J.Jefferson,MIN,88,1400.0,15.91
2020,D.Metcalf,SEA,88,1399.0,15.9
2020,M.Williams,LAC,48,756.0,15.75
2020,S.Miller,TB,37,581.0,15.7
2020,C.Ridley,ATL,90,1374.0,15.27
2020,A.Brown,TEN,76,1158.0,15.24
2020,A.Lazard,GB,40,609.0,15.22
2020,C.Davis,TEN,65,984.0,15.14
2020,J.Jones,ATL,51,771.0,15.12
2020,D.Slayton,NYG,50,751.0,15.02
2020,M.Evans,TB,81,1210.0,14.94
2020,C.Sims,WAS,39,581.0,14.9
2020,T.Hill,KC,111,1631.0,14.69
2020,T.Patrick,DEN,51,742.0,14.55
2020,T.Smith,NO,37,533.0,14.41
2020,M.Gallup,DAL,59,843.0,14.29
2020,B.Cooks,HOU,81,1150.0,14.2
2020,T.Fulgham,PHI,38,539.0,14.18
2020,Z.Pascal,IND,47,666.0,14.17
2020,M.Brown,BAL,69,965.0,13.99
2020,C.Claypool,PIT,67,932.0,13.91
2020,T.Hilton,IND,58,794.0,13.69
2020,K.Bourne,SF,49,667.0,13.61
2020,T.Higgins,CIN,67,908.0,13.55
2020,D.Chark,JAX,53,706.0,13.32
2020,J.Washington,PIT,35,464.0,13.26
2020,C.Godwin,TB,81,1072.0,13.23
2020,M.Pittman,IND,45,593.0,13.18
2020,D.Amendola,DET,46,602.0,13.09
2020,C.Kirk,ARI,48,621.0,12.94
2020,M.Jones,DET,76,978.0,12.87
2020,D.Byrd,NE,47,604.0,12.85
2020,T.McLaurin,WAS,93,1193.0,12.83
2020,M.Hardman,KC,49,626.0,12.78
2020,J.Reagor,PHI,31,396.0,12.77
2020,K.Hamler,DEN,30,381.0,12.7
2020,J.Brown,BUF,43,544.0,12.65
2020,C.Lamb,DAL,74,935.0,12.64
2020,D.Parker,MIA,63,793.0,12.59
2020,S.Diggs,BUF,147,1846.0,12.56
2020,A.Thielen,MIN,74,925.0,12.5
2020,B.Aiyuk,SF,60,748.0,12.47
2020,J.Reynolds,LA,55,683.0,12.42
2020,J.Meyers,NE,59,729.0,12.36
2020,D.Hopkins,ARI,115,1407.0,12.23
2020,K.Coutee,HOU,33,400.0,12.12
2020,A.Cooper,DAL,92,1114.0,12.11
2020,A.Robinson,CHI,108,1305.0,12.08
2020,D.Samuel,SF,33,391.0,11.85
2020,J.Crowder,NYJ,59,699.0,11.85
2020,C.Conley,JAX,40,471.0,11.78
2020,H.Renfrow,LV,56,656.0,11.71
2020,K.Cole,JAX,55,642.0,11.67
2020,W.Snead,BAL,40,466.0,11.65
2020,D.Moore,SEA,36,418.0,11.61
2020,R.Cobb,HOU,38,441.0,11.61
2020,C.Beasley,BUF,96,1112.0,11.58
2020,R.Chosen,CAR,95,1096.0,11.54
2020,S.Watkins,KC,38,434.0,11.42
2020,M.Thomas,NO,45,511.0,11.36
2020,J.Landry,CLE,84,952.0,11.33
2020,D.Adams,GB,133,1507.0,11.33
2020,E.Sanders,NO,69,777.0,11.26
2020,A.Green,CIN,47,523.0,11.13
2020,G.Tate,NYG,35,388.0,11.09
2020,C.Samuel,CAR,77,851.0,11.05
2020,C.Kupp,LA,96,1052.0,10.96
2020,R.Gage,ATL,72,786.0,10.92
2020,T.Lockett,SEA,102,1097.0,10.75
2020,B.Berrios,NYJ,37,394.0,10.65
2020,T.Boyd,CIN,79,841.0,10.65
2020,A.Brown,TB,53,564.0,10.64
2020,D.Johnson,PIT,99,1040.0,10.51
2020,D.Robinson,KC,47,491.0,10.45
2020,J.Grant,MIA,36,373.0,10.36
2020,L.Shenault,JAX,58,600.0,10.34
2020,D.Mooney,CHI,61,631.0,10.34
2020,R.Woods,LA,102,1032.0,10.12
2020,A.Miller,CHI,51,507.0,9.94
2020,S.Shepard,NYG,66,656.0,9.94
2020,S.Sims,WAS,30,298.0,9.93
2020,K.Allen,LAC,100,992.0,9.92
2020,N.Harry,NE,33,309.0,9.36
2020,J.Smith-Schuster,PIT,110,988.0,8.98
2020,I.McKenzie,BUF,33,296.0,8.97
2020,G.Ward,PHI,53,419.0,7.91
2020,L.Fitzgerald,ARI,54,409.0,7.57
2019,M.Williams,LAC,49,1001.0,20.43
2019,A.Brown,TEN,57,1115.0,19.56
2019,M.Hardman,KC,30,567.0,18.9
2019,K.Golladay,DET,65,1190.0,18.31
2019,S.Diggs,MIN,67,1206.0,18.0
2019,B.Perriman,TB,36,645.0,17.92
2019,M.Evans,TB,67,1157.0,17.27
2019,M.Gallup,DAL,66,1107.0,16.77
2019,J.Washington,PIT,44,735.0,16.7
2019,D.Parker,MIA,72,1202.0,16.69
2019,C.Conley,JAX,47,775.0,16.49
2019,D.Metcalf,SEA,69,1119.0,16.22
2019,T.McLaurin,WAS,58,919.0,15.84
2019,C.Godwin,TB,86,1333.0,15.5
2019,T.Williams,LV,42,651.0,15.5
2019,C.Sutton,DEN,72,1112.0,15.44
2019,D.Slayton,NYG,48,740.0,15.42
2019,R.Cobb,DAL,55,828.0,15.05
2019,A.Cooper,DAL,79,1189.0,15.05
2019,R.Chosen,NYJ,52,779.0,14.98
2019,Z.Pascal,IND,41,607.0,14.8
2019,K.Stills,HOU,47,687.0,14.62
2019,J.Brown,BUF,76,1110.0,14.61
2019,S.Watkins,KC,66,961.0,14.56
2019,O.Beckham,CLE,75,1091.0,14.55
2019,A.Tate,CIN,40,575.0,14.38
2019,T.Hill,KC,75,1073.0,14.31
2019,A.Thielen,MIN,42,597.0,14.21
2019,T.Ginn,NO,31,439.0,14.16
2019,J.Landry,CLE,83,1174.0,14.14
2019,J.Jones,ATL,99,1394.0,14.08
2019,W.Fuller,HOU,54,759.0,14.06
2019,E.Sanders,SF,41,573.0,13.98
2019,B.Cooks,LA,42,583.0,13.88
2019,D.Samuel,SF,67,929.0,13.87
2019,D.Robinson,KC,35,484.0,13.83
2019,D.Chark,JAX,73,1008.0,13.81
2019,G.Tate,NYG,49,676.0,13.8
2019,C.Ridley,ATL,63,866.0,13.75
2019,C.Davis,TEN,49,669.0,13.65
2019,D.Moore,CAR,87,1175.0,13.51
2019,A.Lazard,GB,38,513.0,13.5
2019,P.Dorsett,NE,30,403.0,13.43
2019,M.Brown,BAL,53,710.0,13.4
2019,P.Williams,MIA,32,428.0,13.38
2019,T.Lockett,SEA,95,1255.0,13.21
2019,J.Smith-Schuster,PIT,42,552.0,13.14
2019,A.Hurns,MIA,32,416.0,13.0
2019,D.Adams,GB,100,1295.0,12.95
2019,A.Miller,CHI,52,656.0,12.62
2019,R.Woods,LA,90,1134.0,12.6
2019,M.Jones,DET,62,779.0,12.56
2019,K.Bourne,SF,36,446.0,12.39
2019,C.Kupp,LA,94,1161.0,12.35
2019,H.Renfrow,LV,49,605.0,12.35
2019,A.Erickson,CIN,43,529.0,12.3
2019,E.Sanders,DEN,30,367.0,12.23
2019,K.Harmon,WAS,30,365.0,12.17
2019,D.Thomas,NYJ,36,433.0,12.03
2019,A.Robinson,CHI,98,1147.0,11.7
2019,T.Boyd,CIN,90,1046.0,11.62
2019,C.Samuel,CAR,54,627.0,11.61
2019,C.Beasley,BUF,71,822.0,11.58
2019,D.Hopkins,HOU,119,1373.0,11.54
2019,K.Allen,LAC,104,1199.0,11.53
2019,D.Johnson,PIT,59,680.0,11.53
2019,M.Thomas,NO,156,1795.0,11.51
2019,L.Fitzgerald,ARI,73,835.0,11.44
2019,A.Jeffery,PHI,43,490.0,11.4
2019,D.Byrd,ARI,32,359.0,11.22
2019,J.Edelman,NE,103,1147.0,11.14
2019,T.Hilton,IND,45,501.0,11.13
2019,D.Amendola,DET,62,678.0,10.94
2019,J.Crowder,NYJ,78,833.0,10.68
2019,W.Snead,BAL,37,395.0,10.68
2019,C.Kirk,ARI,67,708.0,10.57
2019,S.Shepard,NYG,57,576.0,10.11
2019,D.Westbrook,JAX,66,660.0,10.0
2019,A.Humphries,TEN,41,399.0,9.73
2019,M.Sanu,ATL,33,313.0,9.48
2019,O.Johnson,MIN,33,311.0,9.42
2019,N.Agholor,PHI,39,363.0,9.31
2019,S.Sims,WAS,34,310.0,9.12
2019,R.Gage,ATL,49,446.0,9.1
2019,G.Ward,PHI,31,278.0,8.97
2019,I.McKenzie,BUF,31,277.0,8.94
2019,G.Allison,GB,37,306.0,8.27
2019,A.Wilson,MIA,43,351.0,8.16
2018,D.Jackson,TB,41,774.0,18.88
2018,J.Gordon,NE,40,720.0,18.0
2018,T.Lockett,SEA,61,1085.0,17.79
2018,M.Evans,TB,86,1524.0,17.72
2018,C.Sutton,DEN,42,704.0,16.76
2018,T.Hilton,IND,85,1415.0,16.65
2018,T.Hill,KC,96,1593.0,16.59
2018,J.Brown,BAL,44,729.0,16.57
2018,T.Williams,LAC,48,756.0,15.75
2018,W.Fuller,HOU,32,503.0,15.72
2018,M.Gallup,DAL,41,644.0,15.71
2018,M.Williams,LAC,50,774.0,15.48
2018,M.Valdes-Scantling,GB,38,581.0,15.29
2018,K.Golladay,DET,70,1063.0,15.19
2018,B.Cooks,LA,99,1496.0,15.11
2018,A.Green,CIN,46,694.0,15.09
2018,T.Smith,NO,30,452.0,15.07
2018,R.Chosen,NYJ,50,752.0,15.04
2018,K.Stills,MIA,37,553.0,14.95
2018,J.Jones,ATL,113,1677.0,14.84
2018,R.Higgins,CLE,39,572.0,14.67
2018,M.Jones,DET,35,508.0,14.51
2018,D.Moore,CAR,55,788.0,14.33
2018,C.Godwin,TB,59,842.0,14.27
2018,C.Kupp,LA,40,566.0,14.15
2018,J.Reynolds,LA,37,523.0,14.14
2018,D.Moncrief,JAX,48,668.0,13.92
2018,S.Watkins,KC,50,695.0,13.9
2018,A.Robinson,CHI,65,897.0,13.8
2018,C.Hogan,NE,43,590.0,13.72
2018,C.Kirk,ARI,43,590.0,13.72
2018,C.Davis,TEN,65,891.0,13.71
2018,O.Beckham,NYG,77,1052.0,13.66
2018,A.Callaway,CLE,43,586.0,13.63
2018,A.Cooper,DAL,66,896.0,13.58
2018,T.Boyd,CIN,76,1028.0,13.53
2018,R.Woods,LA,103,1391.0,13.5
2018,D.Hopkins,HOU,120,1609.0,13.41
2018,S.Shepard,NYG,66,872.0,13.21
2018,A.Jeffery,PHI,76,988.0,13.0
2018,K.Cole,JAX,38,491.0,12.92
2018,J.Smith-Schuster,PIT,111,1426.0,12.85
2018,C.Ridley,ATL,64,821.0,12.83
2018,K.Allen,LAC,103,1308.0,12.7
2018,M.Sanu,ATL,66,838.0,12.7
2018,A.Miller,CHI,36,457.0,12.69
2018,C.Samuel,CAR,39,494.0,12.67
2018,T.Taylor,TEN,37,466.0,12.59
2018,D.Adams,GB,111,1386.0,12.49
2018,A.Brown,PIT,104,1297.0,12.47
2018,J.Edelman,NE,100,1238.0,12.38
2018,D.Baldwin,SEA,53,650.0,12.26
2018,E.Sanders,DEN,71,868.0,12.23
2018,A.Thielen,MIN,113,1373.0,12.15
2018,J.Doctson,WAS,44,532.0,12.09
2018,J.Landry,CLE,81,976.0,12.05
2018,Q.Enunwa,NYJ,38,449.0,11.82
2018,G.Tate,DET,44,517.0,11.75
2018,J.Nelson,LV,63,739.0,11.73
2018,Z.Jones,BUF,56,652.0,11.64
2018,K.Bourne,SF,42,487.0,11.6
2018,M.Crabtree,BAL,56,645.0,11.52
2018,D.Inman,IND,36,412.0,11.44
2018,M.Thomas,NO,141,1612.0,11.43
2018,N.Agholor,PHI,68,774.0,11.38
2018,D.Thomas,DEN,36,402.0,11.17
2018,S.Roberts,LV,45,494.0,10.98
2018,D.Westbrook,JAX,66,717.0,10.86
2018,W.Snead,BAL,65,701.0,10.78
2018,A.Humphries,TB,76,816.0,10.74
2018,L.Fitzgerald,ARI,69,734.0,10.64
2018,C.Conley,KC,32,334.0,10.44
2018,J.Wright,CAR,43,447.0,10.4
2018,C.Beasley,DAL,69,715.0,10.36
2018,T.Gabriel,CHI,71,725.0,10.21
2018,K.Coutee,HOU,39,397.0,10.18
2018,R.Cobb,GB,38,383.0,10.08
2018,J.Kearse,NYJ,37,371.0,10.03
2018,S.Diggs,MIN,102,1021.0,10.01
2018,D.Amendola,MIA,59,575.0,9.75
2018,P.Dorsett,NE,37,360.0,9.73
2018,R.Grant,IND,35,334.0,9.54
2018,G.Tate,PHI,37,342.0,9.24
2018,C.Rogers,IND,62,561.0,9.05
2018,L.Treadwell,MIN,35,302.0,8.63
2018,D.Hamilton,DEN,30,243.0,8.1
2018,R.Switzer,PIT,36,253.0,7.03
2017,K.Cole,JAX,45,830.0,18.44
2017,M.Jones,DET,61,1101.0,18.05
2017,M.Goodwin,SF,56,962.0,17.18
2017,T.Hilton,IND,57,966.0,16.95
2017,T.Williams,LAC,43,728.0,16.93
2017,T.Benjamin,LAC,34,567.0,16.68
2017,B.Cooks,NE,75,1237.0,16.49
2017,P.Richardson,SEA,44,703.0,15.98
2017,T.Hill,KC,82,1270.0,15.49
2017,J.Jones,ATL,106,1639.0,15.46
2017,C.Godwin,TB,34,525.0,15.44
2017,A.Brown,PIT,108,1665.0,15.42
2017,S.Watkins,LA,40,616.0,15.4
2017,J.Smith-Schuster,PIT,61,922.0,15.11
2017,T.Ginn,NO,65,974.0,14.98
2017,R.Chosen,NYJ,63,941.0,14.94
2017,J.Brown,ARI,52,776.0,14.92
2017,K.Benjamin,CAR,32,475.0,14.84
2017,R.Matthews,TEN,57,837.0,14.68
2017,A.Jeffery,PHI,69,1008.0,14.61
2017,K.Stills,MIA,58,847.0,14.6
2017,M.Wallace,BAL,52,748.0,14.38
2017,A.Green,CIN,75,1078.0,14.37
2017,D.Hopkins,HOU,96,1378.0,14.35
2017,J.Doctson,WAS,35,502.0,14.34
2017,R.Woods,LA,65,923.0,14.2
2017,A.Cooper,LV,48,680.0,14.17
2017,M.Evans,TB,71,1001.0,14.1
2017,A.Thielen,MIN,100,1378.0,13.78
2017,C.Hogan,NE,43,591.0,13.74
2017,K.Allen,LAC,102,1393.0,13.66
2017,S.Diggs,MIN,78,1056.0,13.54
2017,C.Kupp,LA,70,938.0,13.4
2017,D.Jackson,TB,50,668.0,13.36
2017,T.Jones,DET,30,399.0,13.3
2017,D.Baldwin,SEA,75,991.0,13.21
2017,A.Wilson,KC,44,580.0,13.18
2017,M.Bryant,PIT,52,681.0,13.1
2017,R.Grant,WAS,45,573.0,12.73
2017,A.Hurns,JAX,46,576.0,12.52
2017,P.Garcon,SF,40,500.0,12.5
2017,D.Westbrook,JAX,34,424.0,12.47
2017,J.Kearse,NYJ,65,810.0,12.46
2017,S.Shepard,NYG,59,731.0,12.39
2017,T.Lockett,SEA,45,555.0,12.33
2017,M.Thomas,NO,119,1461.0,12.28
2017,M.Lee,JAX,63,771.0,12.24
2017,D.Bryant,DAL,69,838.0,12.14
2017,N.Agholor,PHI,77,935.0,12.14
2017,T.Smith,PHI,49,587.0,11.98
2017,D.Adams,GB,74,885.0,11.96
2017,J.Crowder,WAS,66,789.0,11.95
2017,E.Sanders,DEN,47,555.0,11.81
2017,D.Parker,MIA,57,670.0,11.75
2017,D.Amendola,NE,87,1007.0,11.57
2017,Ro.Lewis,NYG,36,416.0,11.56
2017,D.Thomas,DEN,83,949.0,11.43
2017,M.Sanu,ATL,74,828.0,11.19
2017,C.Davis,TEN,43,473.0,11.0
2017,J.Maclin,BAL,40,440.0,11.0
2017,T.Gabriel,ATL,35,382.0,10.91
2017,G.Tate,DET,92,1003.0,10.9
2017,E.Decker,TEN,62,669.0,10.79
2017,T.Williams,DAL,53,568.0,10.72
2017,M.Crabtree,LV,58,618.0,10.66
2017,L.Fitzgerald,ARI,109,1156.0,10.61
2017,S.Roberts,LV,43,455.0,10.58
2017,B.LaFell,CIN,52,548.0,10.54
2017,K.Wright,CHI,59,614.0,10.41
2017,A.Humphries,TB,61,631.0,10.34
2017,T.Taylor,SF,43,430.0,10.0
2017,R.Cobb,GB,66,653.0,9.89
2017,J.Nelson,GB,53,482.0,9.09
2017,J.Landry,MIA,112,987.0,8.81
2017,C.Beasley,DAL,36,314.0,8.72
