player_name,2024,2023,2022,2021,2020,2019,2018,2017
M.Pittman,5.0,16.0,15.0,14.0,8.0,0.0,0.0,0.0
D.Moore,5.0,16.0,15.0,17.0,15.0,13.0,14.0,0.0
A.Cooper,5.0,16.0,12.0,12.0,14.0,13.0,14.0,10.0
G.Wilson,5.0,16.0,14.0,0.0,0.0,0.0,0.0,0.0
D.Johnson,5.0,12.0,16.0,16.0,12.0,12.0,0.0,0.0
S.Diggs,5.0,19.0,17.0,18.0,19.0,13.0,14.0,15.0
J.Chase,5.0,14.0,15.0,17.0,0.0,0.0,0.0,0.0
C.Lamb,5.0,17.0,19.0,13.0,15.0,0.0,0.0,0.0
C.Godwin,5.0,18.0,15.0,14.0,14.0,14.0,10.0,4.0
J.Jefferson,5.0,9.0,18.0,16.0,12.0,0.0,0.0,0.0
T.Hill,5.0,17.0,17.0,16.0,17.0,12.0,16.0,15.0
B.Aiyuk,5.0,16.0,12.0,12.0,9.0,0.0,0.0,0.0
N.Collins,4.0,14.0,7.0,6.0,0.0,0.0,0.0,0.0
G.Pickens,4.0,16.0,10.0,0.0,0.0,0.0,0.0,0.0
J.Meyers,4.0,12.0,11.0,15.0,10.0,3.0,0.0,0.0
M.Evans,4.0,17.0,13.0,14.0,13.0,11.0,16.0,15.0
J.Jeudy,4.0,13.0,12.0,6.0,11.0,0.0,0.0,0.0
T.McLaurin,4.0,15.0,15.0,14.0,16.0,11.0,0.0,0.0
M.Harrison,4.0,0.0,0.0,0.0,0.0,0.0,0.0,0.0
T.Lockett,4.0,15.0,15.0,13.0,14.0,12.0,9.0,7.0
J.Reed,4.0,12.0,0.0,0.0,0.0,0.0,0.0,0.0
A.St. Brown,4.0,19.0,15.0,12.0,0.0,0.0,0.0,0.0
M.Nabers,4.0,0.0,0.0,0.0,0.0,0.0,0.0,0.0
D.Metcalf,4.0,14.0,17.0,16.0,16.0,14.0,0.0,0.0
R.Shaheed,4.0,7.0,2.0,0.0,0.0,0.0,0.0,0.0
C.Sutton,4.0,11.0,12.0,10.0,1.0,16.0,10.0,0.0
D.London,4.0,12.0,13.0,0.0,0.0,0.0,0.0,0.0
W.Robinson,4.0,10.0,2.0,0.0,0.0,0.0,0.0,0.0
D.Mooney,4.0,5.0,8.0,16.0,12.0,0.0,0.0,0.0
J.Waddle,4.0,14.0,16.0,15.0,0.0,0.0,0.0,0.0
R.McCloud,4.0,0.0,0.0,5.0,0.0,0.0,0.0,0.0
M.Wilson,3.0,6.0,0.0,0.0,0.0,0.0,0.0,0.0
C.Olave,3.0,15.0,13.0,0.0,0.0,0.0,0.0,0.0
T.Higgins,3.0,7.0,15.0,15.0,14.0,0.0,0.0,0.0
D.Smith,3.0,16.0,16.0,13.0,0.0,1.0,0.0,0.0
Q.Johnston,3.0,6.0,0.0,0.0,0.0,0.0,0.0,0.0
B.Thomas,3.0,0.0,0.0,0.0,0.0,0.0,0.0,0.0
D.Samuel,3.0,10.0,15.0,14.0,5.0,10.0,0.0,0.0
G.Davis,3.0,7.0,14.0,6.0,6.0,0.0,0.0,0.0
D.Adams,3.0,16.0,17.0,17.0,15.0,13.0,15.0,14.0
T.Atwell,3.0,6.0,3.0,0.0,0.0,0.0,0.0,0.0
R.Rice,3.0,16.0,0.0,0.0,0.0,0.0,0.0,0.0
R.Odunze,3.0,0.0,0.0,0.0,0.0,0.0,0.0,0.0
J.Tolbert,3.0,3.0,0.0,0.0,0.0,0.0,0.0,0.0
J.Downs,3.0,10.0,0.0,0.0,0.0,0.0,0.0,0.0
J.Jennings,3.0,3.0,4.0,5.0,0.0,0.0,0.0,0.0
Z.Flowers,3.0,13.0,0.0,0.0,0.0,0.0,0.0,0.0
L.McConkey,3.0,0.0,0.0,0.0,0.0,0.0,0.0,0.0
J.Smith-Njigba,3.0,12.0,0.0,0.0,0.0,0.0,0.0,0.0
J.Mingo,3.0,11.0,0.0,0.0,0.0,0.0,0.0,0.0
K.Shakir,3.0,4.0,2.0,0.0,0.0,0.0,0.0,0.0
T.Tucker,3.0,3.0,0.0,0.0,0.0,0.0,0.0,0.0
A.Lazard,3.0,5.0,11.0,7.0,6.0,5.0,0.0,0.0
C.Kupp,2.0,12.0,9.0,21.0,16.0,12.0,7.0,13.0
J.Whittington,2.0,0.0,0.0,0.0,0.0,0.0,0.0,0.0
A.Mitchell,2.0,0.0,0.0,0.0,0.0,0.0,0.0,0.0
C.Ridley,2.0,14.0,0.0,5.0,14.0,12.0,12.0,0.0
X.Legette,2.0,0.0,0.0,0.0,0.0,0.0,0.0,0.0
J.Williams,2.0,3.0,0.0,0.0,0.0,0.0,0.0,0.0
A.Iosivas,2.0,2.0,0.0,0.0,0.0,0.0,0.0,0.0
K.Osborn,2.0,8.0,9.0,8.0,0.0,0.0,0.0,0.0
R.Doubs,2.0,13.0,8.0,0.0,0.0,0.0,0.0,0.0
K.Allen,2.0,13.0,9.0,16.0,12.0,15.0,17.0,16.0
D.Douglas,2.0,10.0,0.0,0.0,0.0,0.0,0.0,0.0
K.Coleman,2.0,0.0,0.0,0.0,0.0,0.0,0.0,0.0
D.Robinson,2.0,5.0,7.0,3.0,6.0,5.0,1.0,3.0
R.Bateman,2.0,4.0,4.0,8.0,0.0,0.0,0.0,0.0
E.Moore,2.0,12.0,6.0,9.0,0.0,0.0,0.0,0.0
G.Dortch,2.0,4.0,5.0,0.0,0.0,0.0,0.0,0.0
C.Kirk,2.0,10.0,17.0,14.0,9.0,12.0,9.0,0.0
D.Slayton,2.0,9.0,10.0,6.0,10.0,9.0,0.0,0.0
B.Cooks,2.0,8.0,13.0,14.0,14.0,7.0,17.0,16.0
D.Wicks,2.0,5.0,0.0,0.0,0.0,0.0,0.0,0.0
J.Reynolds,2.0,6.0,5.0,6.0,9.0,3.0,8.0,3.0
T.Boyd,2.0,12.0,11.0,15.0,12.0,15.0,12.0,2.0
M.Hollins,2.0,1.0,9.0,2.0,1.0,2.0,0.0,1.0
T.Dell,2.0,6.0,0.0,0.0,0.0,0.0,0.0,0.0
J.Polk,2.0,0.0,0.0,0.0,0.0,0.0,0.0,0.0
L.Humphrey,2.0,0.0,0.0,2.0,0.0,0.0,0.0,0.0
M.Williams,1.0,3.0,10.0,14.0,10.0,10.0,7.0,1.0
D.Carter,1.0,0.0,5.0,5.0,0.0,1.0,3.0,0.0
J.Smith-Schuster,1.0,5.0,10.0,4.0,16.0,8.0,15.0,10.0
D.Hopkins,1.0,16.0,9.0,6.0,15.0,17.0,17.0,14.0
O.Zaccheaus,1.0,0.0,4.0,4.0,3.0,0.0,0.0,0.0
D.Vele,1.0,0.0,0.0,0.0,0.0,0.0,0.0,0.0
K.Turpin,1.0,0.0,0.0,0.0,0.0,0.0,0.0,0.0
J.Addison,1.0,14.0,0.0,0.0,0.0,0.0,0.0,0.0
A.Brown,1.0,15.0,19.0,18.0,22.0,10.0,15.0,14.0
A.Pierce,1.0,7.0,9.0,0.0,0.0,0.0,0.0,0.0
T.Irwin,1.0,2.0,0.0,0.0,0.0,0.0,0.0,0.0
S.Shepard,1.0,1.0,2.0,5.0,11.0,10.0,14.0,8.0
V.Jefferson,1.0,3.0,5.0,12.0,4.0,0.0,0.0,0.0
C.Austin,1.0,3.0,0.0,0.0,0.0,0.0,0.0,0.0
T.Johnson,1.0,0.0,0.0,7.0,3.0,0.0,0.0,0.0
X.Worthy,1.0,0.0,0.0,0.0,0.0,0.0,0.0,0.0
T.Franklin,1.0,0.0,0.0,0.0,0.0,0.0,0.0,0.0
A.Thielen,1.0,14.0,12.0,10.0,12.0,7.0,14.0,18.0
C.Watson,1.0,6.0,8.0,0.0,0.0,0.0,0.0,0.0
B.Covey,1.0,1.0,0.0,0.0,0.0,0.0,0.0,0.0
M.Brown,0.0,11.0,11.0,16.0,15.0,7.0,0.0,0.0
T.Pryor,0.0,0.0,0.0,0.0,0.0,0.0,3.0,3.0
T.Patrick,0.0,0.0,0.0,11.0,8.0,3.0,4.0,0.0
M.Callaway,0.0,0.0,4.0,8.0,2.0,0.0,0.0,0.0
M.Boykin,0.0,0.0,0.0,0.0,1.0,1.0,0.0,0.0
M.Bandy,0.0,0.0,2.0,0.0,0.0,0.0,0.0,0.0
M.Ateman,0.0,0.0,0.0,0.0,0.0,1.0,3.0,0.0
L.Treadwell,0.0,0.0,1.0,7.0,0.0,1.0,3.0,1.0
L.Shenault,0.0,0.0,1.0,11.0,8.0,0.0,0.0,0.0
M.Bryant,0.0,0.0,0.0,0.0,0.0,0.0,2.0,10.0
R.Moore,0.0,5.0,6.0,6.0,0.0,0.0,0.0,0.0
M.Campanaro,0.0,0.0,0.0,0.0,0.0,0.0,0.0,2.0
M.Clark,0.0,0.0,0.0,0.0,0.0,0.0,0.0,2.0
T.Quinn,0.0,0.0,0.0,0.0,0.0,3.0,1.0,0.0
M.Crabtree,0.0,0.0,0.0,0.0,0.0,0.0,10.0,9.0
T.Palmer,0.0,8.0,0.0,0.0,0.0,0.0,0.0,0.0
M.Gallup,0.0,7.0,10.0,8.0,13.0,12.0,10.0,0.0
M.Goodwin,0.0,0.0,5.0,1.0,0.0,0.0,4.0,12.0
T.Montgomery,0.0,0.0,0.0,2.0,0.0,0.0,2.0,2.0
M.Hall,0.0,0.0,0.0,0.0,2.0,0.0,0.0,0.0
M.Hardman,0.0,1.0,3.0,8.0,6.0,4.0,0.0,0.0
M.Harris,0.0,0.0,0.0,0.0,0.0,0.0,4.0,0.0
T.McBride,0.0,0.0,0.0,0.0,0.0,0.0,0.0,2.0
T.Marshall,0.0,3.0,3.0,2.0,0.0,0.0,0.0,0.0
L.Murphy,0.0,0.0,0.0,0.0,0.0,0.0,0.0,1.0
T.Sharpe,0.0,0.0,0.0,3.0,0.0,1.0,3.0,0.0
T.Rudolph,0.0,0.0,0.0,0.0,0.0,0.0,0.0,2.0
K.Stills,0.0,0.0,0.0,3.0,0.0,7.0,7.0,11.0
Z.Jones,0.0,7.0,15.0,8.0,1.0,1.0,12.0,9.0
K.Harmon,0.0,0.0,0.0,0.0,0.0,5.0,0.0,0.0
K.Hinton,0.0,0.0,3.0,2.0,0.0,0.0,0.0,0.0
K.Hodge,0.0,1.0,1.0,2.0,1.0,0.0,0.0,0.0
K.Johnson,0.0,0.0,0.0,0.0,1.0,3.0,0.0,0.0
K.Kirkwood,0.0,0.0,0.0,1.0,0.0,0.0,1.0,0.0
X.Gipson,0.0,4.0,0.0,0.0,0.0,0.0,0.0,0.0
K.Philips,0.0,2.0,1.0,0.0,0.0,0.0,0.0,0.0
K.Raymond,0.0,2.0,7.0,8.0,0.0,0.0,0.0,0.0
W.Snead,0.0,0.0,0.0,0.0,5.0,5.0,13.0,0.0
W.Fuller,0.0,0.0,0.0,1.0,10.0,8.0,5.0,7.0
V.Smith,0.0,0.0,0.0,0.0,0.0,1.0,1.0,0.0
K.Toney,0.0,4.0,2.0,5.0,0.0,0.0,0.0,0.0
T.Scott,0.0,1.0,0.0,0.0,0.0,0.0,0.0,0.0
T.Williams,0.0,0.0,0.0,0.0,0.0,6.0,6.0,15.0
T.Thornton,0.0,2.0,4.0,0.0,0.0,0.0,0.0,0.0
T.Taylor,0.0,0.0,0.0,0.0,2.0,0.0,9.0,5.0
K.Wilkerson,0.0,0.0,0.0,1.0,0.0,0.0,0.0,0.0
T.Smith,0.0,0.0,2.0,5.0,5.0,1.0,6.0,8.0
T.Sherfield,0.0,0.0,4.0,1.0,1.0,0.0,3.0,0.0
K.Williams,0.0,0.0,0.0,0.0,0.0,0.0,0.0,2.0
K.Wright,0.0,0.0,0.0,0.0,0.0,0.0,0.0,9.0
L.Bowden,0.0,1.0,0.0,0.0,3.0,0.0,0.0,0.0
L.Carroo,0.0,0.0,0.0,0.0,0.0,0.0,0.0,1.0
L.Fitzgerald,0.0,0.0,0.0,0.0,8.0,12.0,12.0,15.0
M.Johnson,0.0,0.0,2.0,3.0,2.0,2.0,0.0,0.0
T.King,0.0,0.0,0.0,0.0,0.0,0.0,0.0,3.0
M.Mims,0.0,1.0,0.0,0.0,0.0,0.0,0.0,0.0
M.Jones,0.0,1.0,10.0,14.0,12.0,12.0,7.0,13.0
S.Mitchell,0.0,0.0,0.0,0.0,1.0,1.0,0.0,0.0
S.Watkins,0.0,0.0,1.0,5.0,6.0,11.0,9.0,7.0
S.Smith,0.0,0.0,3.0,1.0,0.0,0.0,0.0,0.0
S.Sims,0.0,0.0,0.0,0.0,4.0,4.0,0.0,0.0
P.Williams,0.0,0.0,0.0,1.0,5.0,8.0,0.0,0.0
Q.Cephus,0.0,0.0,0.0,3.0,1.0,0.0,0.0,0.0
Q.Enunwa,0.0,0.0,0.0,0.0,0.0,0.0,7.0,0.0
Q.Watkins,0.0,1.0,5.0,6.0,1.0,0.0,0.0,0.0
S.Roberts,0.0,0.0,0.0,0.0,0.0,1.0,6.0,8.0
S.Moore,0.0,1.0,3.0,0.0,0.0,0.0,0.0,0.0
K.Golladay,0.0,0.0,1.0,10.0,4.0,13.0,10.0,4.0
R.Bell,0.0,1.0,0.0,0.0,0.0,0.0,0.0,0.0
R.Chosen,0.0,0.0,4.0,11.0,16.0,11.0,12.0,14.0
S.Miller,0.0,0.0,4.0,1.0,5.0,2.0,0.0,0.0
P.Washington,0.0,2.0,0.0,0.0,0.0,0.0,0.0,0.0
R.Cobb,0.0,0.0,2.0,4.0,5.0,11.0,9.0,9.0
R.Cracraft,0.0,1.0,0.0,0.0,1.0,0.0,0.0,0.0
Ro.Lewis,0.0,0.0,0.0,0.0,0.0,0.0,0.0,6.0
R.Foster,0.0,0.0,0.0,0.0,0.0,0.0,4.0,0.0
R.Woods,0.0,8.0,11.0,8.0,18.0,12.0,18.0,12.0
R.Gage,0.0,0.0,8.0,11.0,12.0,7.0,0.0,0.0
R.Grant,0.0,0.0,0.0,0.0,0.0,1.0,5.0,6.0
R.Higgins,0.0,0.0,0.0,6.0,6.0,0.0,4.0,2.0
R.James,0.0,0.0,10.0,0.0,4.0,0.0,1.0,0.0
R.Switzer,0.0,0.0,0.0,0.0,0.0,1.0,2.0,1.0
R.Louis,0.0,0.0,0.0,0.0,0.0,0.0,0.0,6.0
R.Shepard,0.0,0.0,0.0,0.0,0.0,1.0,0.0,3.0
T.Austin,0.0,0.0,0.0,3.0,0.0,2.0,0.0,2.0
P.Richardson,0.0,0.0,0.0,0.0,0.0,4.0,6.0,9.0
M.Lee,0.0,0.0,0.0,0.0,0.0,0.0,0.0,11.0
T.Fulgham,0.0,0.0,0.0,0.0,6.0,0.0,0.0,0.0
R.Matthews,0.0,0.0,0.0,0.0,0.0,0.0,0.0,12.0
T.Kennedy,0.0,0.0,1.0,0.0,0.0,0.0,0.0,0.0
T.Jones,0.0,1.0,0.0,0.0,0.0,0.0,1.0,4.0
M.Sanu,0.0,0.0,0.0,2.0,2.0,12.0,11.0,14.0
M.Thomas,0.0,8.0,4.0,0.0,8.0,17.0,16.0,18.0
M.Turner,0.0,0.0,0.0,1.0,0.0,0.0,0.0,0.0
M.Valdes-Scantling,0.0,3.0,10.0,5.0,9.0,5.0,8.0,0.0
M.Wallace,0.0,0.0,0.0,0.0,0.0,0.0,0.0,10.0
T.Hilton,0.0,0.0,1.0,5.0,14.0,7.0,15.0,13.0
N.Agholor,0.0,4.0,5.0,7.0,7.0,7.0,12.0,11.0
T.Ginn,0.0,0.0,0.0,0.0,0.0,7.0,6.0,10.0
T.Gabriel,0.0,0.0,0.0,0.0,0.0,5.0,12.0,3.0
N.Brown,0.0,7.0,8.0,1.0,1.0,0.0,0.0,0.0
P.Nacua,0.0,18.0,0.0,0.0,0.0,0.0,0.0,0.0
N.Harry,0.0,0.0,0.0,2.0,4.0,2.0,0.0,0.0
N.Westbrook-Ikhine,0.0,3.0,3.0,5.0,0.0,0.0,0.0,0.0
O.Beckham,0.0,6.0,0.0,12.0,5.0,16.0,11.0,4.0
T.Cleveland,0.0,0.0,0.0,0.0,1.0,0.0,0.0,0.0
O.Johnson,0.0,0.0,0.0,0.0,1.0,2.0,0.0,0.0
T.Burks,0.0,1.0,7.0,0.0,0.0,0.0,0.0,0.0
P.Campbell,0.0,3.0,9.0,1.0,1.0,3.0,0.0,0.0
P.Cooper,0.0,0.0,0.0,0.0,0.0,2.0,0.0,0.0
T.Benson,0.0,0.0,0.0,1.0,0.0,0.0,0.0,0.0
P.Dorsett,0.0,0.0,3.0,1.0,0.0,5.0,6.0,1.0
P.Garcon,0.0,0.0,0.0,0.0,0.0,0.0,5.0,7.0
T.Benjamin,0.0,0.0,0.0,0.0,0.0,1.0,1.0,6.0
K.Hamler,0.0,0.0,0.0,0.0,6.0,0.0,0.0,0.0
J.Nelson,0.0,0.0,0.0,0.0,0.0,1.0,8.0,16.0
K.Doss,0.0,2.0,0.0,0.0,0.0,1.0,0.0,0.0
C.Hogan,0.0,0.0,0.0,0.0,2.0,0.0,7.0,9.0
C.Samuel,0.0,9.0,10.0,0.0,12.0,12.0,4.0,3.0
C.Rogers,0.0,0.0,0.0,4.0,0.0,2.0,7.0,2.0
C.Moore,0.0,0.0,7.0,2.0,0.0,0.0,0.0,2.0
C.Meredith,0.0,0.0,0.0,0.0,0.0,0.0,1.0,0.0
C.Latimer,0.0,0.0,0.0,0.0,0.0,4.0,1.0,1.0
C.Lacy,0.0,0.0,0.0,0.0,0.0,1.0,0.0,0.0
C.Johnson,0.0,0.0,0.0,2.0,2.0,0.0,0.0,0.0
C.Hansen,0.0,0.0,0.0,0.0,2.0,0.0,0.0,0.0
C.Beebe,0.0,0.0,0.0,0.0,2.0,0.0,0.0,0.0
C.Hamilton,0.0,0.0,0.0,0.0,0.0,0.0,0.0,1.0
C.Grayson,0.0,0.0,0.0,1.0,0.0,0.0,0.0,0.0
C.Davis,0.0,0.0,6.0,8.0,10.0,9.0,11.0,9.0
C.Core,0.0,0.0,0.0,0.0,0.0,1.0,0.0,0.0
C.Conley,0.0,1.0,0.0,1.0,5.0,11.0,5.0,0.0
C.Coleman,0.0,0.0,0.0,0.0,0.0,0.0,0.0,7.0
C.Claypool,0.0,1.0,11.0,14.0,11.0,0.0,0.0,0.0
C.Sims,0.0,0.0,0.0,1.0,6.0,0.0,0.0,0.0
C.Tillman,0.0,4.0,0.0,0.0,0.0,0.0,0.0,0.0
C.Williams,0.0,0.0,0.0,0.0,0.0,0.0,3.0,0.0
C.Wilson,0.0,3.0,0.0,7.0,2.0,1.0,0.0,0.0
D.Inman,0.0,0.0,0.0,0.0,5.0,1.0,5.0,4.0
D.Houston,0.0,0.0,1.0,0.0,0.0,0.0,0.0,0.0
D.Harty,0.0,0.0,0.0,6.0,3.0,0.0,0.0,0.0
D.Hamilton,0.0,0.0,0.0,0.0,4.0,6.0,4.0,0.0
D.Fitzpatrick,0.0,0.0,0.0,1.0,0.0,0.0,0.0,0.0
D.Duvernay,0.0,0.0,5.0,3.0,0.0,0.0,0.0,0.0
D.Chark,0.0,5.0,6.0,2.0,10.0,14.0,3.0,0.0
D.Cain,0.0,0.0,0.0,0.0,0.0,1.0,0.0,0.0
D.Byrd,0.0,0.0,1.0,4.0,6.0,5.0,0.0,1.0
D.Burnett,0.0,0.0,0.0,0.0,0.0,0.0,1.0,0.0
D.Bryant,0.0,0.0,0.0,0.0,1.0,0.0,0.0,14.0
D.Brown,0.0,0.0,0.0,2.0,0.0,0.0,0.0,0.0
D.Bell,0.0,1.0,3.0,0.0,0.0,0.0,0.0,0.0
D.Baldwin,0.0,0.0,0.0,0.0,0.0,0.0,9.0,12.0
D.Amendola,0.0,0.0,0.0,6.0,6.0,10.0,8.0,12.0
C.Blake,0.0,0.0,0.0,0.0,1.0,2.0,0.0,0.0
C.Beasley,0.0,0.0,1.0,12.0,13.0,12.0,10.0,7.0
D.Jennings,0.0,0.0,0.0,0.0,0.0,0.0,1.0,0.0
A.Mack,0.0,0.0,0.0,0.0,1.0,0.0,0.0,0.0
A.Tate,0.0,0.0,0.0,0.0,1.0,9.0,1.0,0.0
A.Stewart,0.0,0.0,0.0,0.0,0.0,0.0,0.0,1.0
A.Schwartz,0.0,0.0,0.0,1.0,0.0,0.0,0.0,0.0
A.Rodgers,0.0,0.0,1.0,0.0,0.0,0.0,0.0,0.0
A.Robinson,0.0,2.0,9.0,7.0,16.0,16.0,13.0,3.0
A.Roberts,0.0,0.0,0.0,0.0,0.0,0.0,1.0,0.0
A.Miller,0.0,0.0,0.0,2.0,9.0,6.0,6.0,0.0
A.Jones,0.0,0.0,0.0,0.0,0.0,0.0,2.0,0.0
B.Zylstra,0.0,0.0,0.0,1.0,0.0,1.0,0.0,0.0
A.Jeffery,0.0,0.0,0.0,0.0,0.0,8.0,14.0,16.0
A.Isabella,0.0,0.0,0.0,0.0,2.0,0.0,0.0,0.0
A.Hurns,0.0,0.0,0.0,0.0,0.0,3.0,3.0,6.0
A.Humphries,0.0,0.0,0.0,6.0,4.0,5.0,13.0,8.0
A.Green,0.0,0.0,4.0,12.0,12.0,0.0,8.0,14.0
A.Erickson,0.0,3.0,0.0,0.0,1.0,8.0,2.0,1.0
A.Dulin,0.0,0.0,2.0,0.0,0.0,0.0,0.0,0.0
A.Trammell,0.0,1.0,0.0,0.0,0.0,0.0,0.0,0.0
A.Wesley,0.0,0.0,0.0,2.0,0.0,0.0,0.0,0.0
A.Wilson,0.0,0.0,0.0,4.0,0.0,7.0,4.0,6.0
B.Berrios,0.0,2.0,2.0,5.0,4.0,1.0,0.0,0.0
B.Treggs,0.0,0.0,0.0,0.0,0.0,0.0,0.0,1.0
B.Tate,0.0,0.0,0.0,0.0,0.0,0.0,0.0,1.0
B.Skowronek,0.0,0.0,5.0,3.0,0.0,0.0,0.0,0.0
B.Pringle,0.0,0.0,0.0,7.0,2.0,1.0,0.0,0.0
B.Powell,0.0,3.0,1.0,0.0,0.0,0.0,1.0,0.0
B.Perriman,0.0,0.0,1.0,1.0,7.0,7.0,1.0,1.0
B.Miller,0.0,0.0,0.0,0.0,0.0,0.0,0.0,1.0
B.Melton,0.0,3.0,0.0,0.0,0.0,0.0,0.0,0.0
B.Marshall,0.0,0.0,0.0,0.0,0.0,0.0,3.0,3.0
B.LaFell,0.0,0.0,0.0,0.0,0.0,0.0,1.0,12.0
B.Johnson,0.0,3.0,0.0,0.0,0.0,0.0,0.0,0.0
B.Fowler,0.0,0.0,0.0,0.0,1.0,4.0,1.0,5.0
B.Ellington,0.0,0.0,0.0,0.0,0.0,0.0,4.0,5.0
B.Edwards,0.0,0.0,0.0,6.0,0.0,0.0,0.0,0.0
B.Coleman,0.0,0.0,0.0,0.0,0.0,0.0,0.0,3.0
D.Jackson,0.0,0.0,0.0,2.0,3.0,1.0,8.0,10.0
D.Mims,0.0,0.0,2.0,1.0,4.0,0.0,0.0,0.0
K.Coutee,0.0,0.0,0.0,0.0,4.0,3.0,5.0,0.0
J.Hyatt,0.0,3.0,0.0,0.0,0.0,0.0,0.0,0.0
J.Metchie,0.0,1.0,0.0,0.0,0.0,0.0,0.0,0.0
J.Malone,0.0,0.0,0.0,0.0,1.0,0.0,0.0,0.0
J.Maclin,0.0,0.0,0.0,0.0,0.0,0.0,0.0,10.0
J.Landry,0.0,0.0,4.0,11.0,14.0,16.0,15.0,16.0
J.Kerley,0.0,0.0,0.0,0.0,0.0,0.0,0.0,2.0
J.Kearse,0.0,0.0,0.0,0.0,0.0,0.0,8.0,12.0
J.Jones,0.0,0.0,6.0,6.0,6.0,15.0,16.0,17.0
J.Hunter,0.0,0.0,0.0,0.0,0.0,0.0,1.0,0.0
J.Doctson,0.0,0.0,0.0,0.0,0.0,0.0,10.0,8.0
J.Holton,0.0,0.0,0.0,0.0,0.0,1.0,0.0,1.0
J.Hightower,0.0,0.0,0.0,0.0,1.0,0.0,0.0,0.0
J.Hardy,0.0,0.0,0.0,0.0,0.0,1.0,1.0,1.0
J.Guyton,0.0,2.0,0.0,3.0,4.0,0.0,0.0,0.0
J.Grant,0.0,0.0,0.0,1.0,7.0,3.0,2.0,2.0
J.Gordon,0.0,0.0,0.0,0.0,0.0,5.0,7.0,5.0
J.Edelman,0.0,0.0,0.0,0.0,5.0,16.0,15.0,0.0
J.Mickens,0.0,0.0,0.0,0.0,1.0,0.0,0.0,1.0
J.Nailor,0.0,1.0,1.0,0.0,0.0,0.0,0.0,0.0
A.Callaway,0.0,0.0,0.0,0.0,0.0,1.0,10.0,0.0
J.Palmer,0.0,7.0,13.0,4.0,0.0,0.0,0.0,0.0
K.Cole,0.0,0.0,1.0,5.0,12.0,3.0,7.0,8.0
K.Britt,0.0,0.0,0.0,0.0,0.0,0.0,0.0,3.0
K.Bourne,0.0,6.0,4.0,6.0,10.0,3.0,6.0,4.0
K.Benjamin,0.0,0.0,0.0,0.0,0.0,0.0,8.0,9.0
K.Aiken,0.0,0.0,0.0,0.0,0.0,0.0,1.0,4.0
J.Wright,0.0,0.0,0.0,0.0,0.0,6.0,5.0,2.0
J.Winfree,0.0,0.0,0.0,1.0,0.0,0.0,0.0,0.0
J.Wims,0.0,0.0,0.0,0.0,0.0,4.0,0.0,0.0
J.Watson,0.0,5.0,1.0,0.0,1.0,2.0,0.0,0.0
J.Washington,0.0,0.0,0.0,5.0,5.0,9.0,2.0,0.0
J.Taylor,0.0,0.0,0.0,0.0,0.0,0.0,0.0,1.0
J.Smith,0.0,0.0,1.0,0.0,3.0,0.0,0.0,0.0
J.Ross,0.0,0.0,0.0,1.0,1.0,6.0,7.0,0.0
J.Reagor,0.0,2.0,0.0,5.0,6.0,0.0,0.0,0.0
J.Proche,0.0,0.0,0.0,2.0,0.0,0.0,0.0,0.0
J.Dotson,0.0,9.0,7.0,0.0,0.0,0.0,0.0,0.0
J.Crowder,0.0,2.0,0.0,10.0,8.0,14.0,4.0,13.0
D.Moncrief,0.0,0.0,0.0,0.0,0.0,1.0,7.0,3.0
D.Thompson,0.0,0.0,0.0,0.0,0.0,0.0,2.0,7.0
E.Rogers,0.0,0.0,0.0,0.0,0.0,0.0,1.0,4.0
E.Decker,0.0,0.0,0.0,0.0,0.0,0.0,0.0,12.0
D.Willis,0.0,0.0,0.0,0.0,0.0,1.0,0.0,0.0
D.Willies,0.0,0.0,0.0,0.0,0.0,0.0,1.0,0.0
D.Williams,0.0,0.0,0.0,0.0,0.0,2.0,0.0,0.0
D.White,0.0,0.0,0.0,0.0,0.0,1.0,0.0,1.0
D.Westbrook,0.0,0.0,0.0,0.0,0.0,12.0,12.0,7.0
D.Thompkins,0.0,0.0,1.0,0.0,0.0,0.0,0.0,0.0
J.Brown,0.0,0.0,0.0,0.0,6.0,16.0,10.0,13.0
D.Thomas,0.0,0.0,0.0,0.0,0.0,6.0,12.0,16.0
D.Ratley,0.0,0.0,0.0,0.0,0.0,1.0,1.0,0.0
D.Pettis,0.0,0.0,4.0,2.0,0.0,2.0,7.0,0.0
D.Peoples-Jones,0.0,0.0,9.0,8.0,1.0,0.0,0.0,0.0
D.Patmon,0.0,0.0,1.0,0.0,0.0,0.0,0.0,0.0
D.Parker,0.0,5.0,4.0,8.0,10.0,13.0,3.0,10.0
D.Montgomery,0.0,0.0,0.0,1.0,0.0,0.0,0.0,0.0
E.Sanders,0.0,0.0,0.0,9.0,12.0,12.0,10.0,11.0
E.St. Brown,0.0,0.0,1.0,1.0,0.0,0.0,3.0,0.0
F.Swain,0.0,0.0,0.0,2.0,0.0,0.0,0.0,0.0
G.Allison,0.0,0.0,0.0,0.0,0.0,3.0,3.0,3.0
J.Bradley,0.0,0.0,0.0,0.0,1.0,0.0,0.0,0.0
J.Bobo,0.0,1.0,0.0,0.0,0.0,0.0,0.0,0.0
J.Bellamy,0.0,0.0,0.0,0.0,0.0,0.0,1.0,5.0
J.Arcega-Whiteside,0.0,0.0,0.0,0.0,0.0,1.0,0.0,0.0
J.Agnew,0.0,3.0,2.0,5.0,1.0,0.0,0.0,0.0
I.Wright,0.0,0.0,0.0,0.0,4.0,0.0,0.0,0.0
I.McKenzie,0.0,0.0,7.0,1.0,1.0,4.0,3.0,0.0
I.Hodgins,0.0,1.0,6.0,0.0,0.0,0.0,0.0,0.0
I.Ford,0.0,0.0,0.0,0.0,5.0,4.0,0.0,0.0
H.Sharp,0.0,0.0,0.0,0.0,0.0,0.0,0.0,1.0
H.Ruggs,0.0,0.0,0.0,4.0,2.0,0.0,0.0,0.0
H.Renfrow,0.0,2.0,4.0,16.0,8.0,8.0,0.0,0.0
G.Whalen,0.0,0.0,0.0,0.0,0.0,0.0,0.0,1.0
G.Ward,0.0,0.0,0.0,0.0,10.0,5.0,0.0,0.0
G.Tate,0.0,0.0,0.0,0.0,6.0,10.0,14.0,14.0
Z.Pascal,0.0,0.0,0.0,9.0,8.0,8.0,5.0,0.0
